民國年,月,區代碼,行政區,年齡標籤,年齡下限,年齡上限,青年關係,青年權重,性別,教育程度,教育程度排序,婚姻狀況,人數
111,,17,林口區,15~19歲,15,19,部分重疊,0.4,女,博士,7,喪偶,0
111,,17,林口區,15~19歲,15,19,部分重疊,0.4,女,博士,7,有偶,0
111,,17,林口區,15~19歲,15,19,部分重疊,0.4,女,博士,7,未婚,0
111,,17,林口區,15~19歲,15,19,部分重疊,0.4,女,博士,7,離婚,0
111,,17,林口區,15~19歲,15,19,部分重疊,0.4,女,國中,2,喪偶,0
111,,17,林口區,15~19歲,15,19,部分重疊,0.4,女,國中,2,有偶,3
111,,17,林口區,15~19歲,15,19,部分重疊,0.4,女,國中,2,未婚,1885
111,,17,林口區,15~19歲,15,19,部分重疊,0.4,女,國中,2,離婚,0
111,,17,林口區,15~19歲,15,19,部分重疊,0.4,女,國小以下,1,喪偶,0
111,,17,林口區,15~19歲,15,19,部分重疊,0.4,女,國小以下,1,有偶,0
111,,17,林口區,15~19歲,15,19,部分重疊,0.4,女,國小以下,1,未婚,286
111,,17,林口區,15~19歲,15,19,部分重疊,0.4,女,國小以下,1,離婚,0
111,,17,林口區,15~19歲,15,19,部分重疊,0.4,女,大學,5,喪偶,0
111,,17,林口區,15~19歲,15,19,部分重疊,0.4,女,大學,5,有偶,0
111,,17,林口區,15~19歲,15,19,部分重疊,0.4,女,大學,5,未婚,0
111,,17,林口區,15~19歲,15,19,部分重疊,0.4,女,大學,5,離婚,0
111,,17,林口區,15~19歲,15,19,部分重疊,0.4,女,專科,4,喪偶,0
111,,17,林口區,15~19歲,15,19,部分重疊,0.4,女,專科,4,有偶,0
111,,17,林口區,15~19歲,15,19,部分重疊,0.4,女,專科,4,未婚,0
111,,17,林口區,15~19歲,15,19,部分重疊,0.4,女,專科,4,離婚,0
111,,17,林口區,15~19歲,15,19,部分重疊,0.4,女,碩士,6,喪偶,0
111,,17,林口區,15~19歲,15,19,部分重疊,0.4,女,碩士,6,有偶,0
111,,17,林口區,15~19歲,15,19,部分重疊,0.4,女,碩士,6,未婚,0
111,,17,林口區,15~19歲,15,19,部分重疊,0.4,女,碩士,6,離婚,0
111,,17,林口區,15~19歲,15,19,部分重疊,0.4,女,高中職,3,喪偶,0
111,,17,林口區,15~19歲,15,19,部分重疊,0.4,女,高中職,3,有偶,0
111,,17,林口區,15~19歲,15,19,部分重疊,0.4,女,高中職,3,未婚,731
111,,17,林口區,15~19歲,15,19,部分重疊,0.4,女,高中職,3,離婚,0
111,,17,林口區,15~19歲,15,19,部分重疊,0.4,男,博士,7,喪偶,0
111,,17,林口區,15~19歲,15,19,部分重疊,0.4,男,博士,7,有偶,0
111,,17,林口區,15~19歲,15,19,部分重疊,0.4,男,博士,7,未婚,0
111,,17,林口區,15~19歲,15,19,部分重疊,0.4,男,博士,7,離婚,0
111,,17,林口區,15~19歲,15,19,部分重疊,0.4,男,國中,2,喪偶,0
111,,17,林口區,15~19歲,15,19,部分重疊,0.4,男,國中,2,有偶,3
111,,17,林口區,15~19歲,15,19,部分重疊,0.4,男,國中,2,未婚,2022
111,,17,林口區,15~19歲,15,19,部分重疊,0.4,男,國中,2,離婚,0
111,,17,林口區,15~19歲,15,19,部分重疊,0.4,男,國小以下,1,喪偶,0
111,,17,林口區,15~19歲,15,19,部分重疊,0.4,男,國小以下,1,有偶,0
111,,17,林口區,15~19歲,15,19,部分重疊,0.4,男,國小以下,1,未婚,285
111,,17,林口區,15~19歲,15,19,部分重疊,0.4,男,國小以下,1,離婚,0
111,,17,林口區,15~19歲,15,19,部分重疊,0.4,男,大學,5,喪偶,0
111,,17,林口區,15~19歲,15,19,部分重疊,0.4,男,大學,5,有偶,0
111,,17,林口區,15~19歲,15,19,部分重疊,0.4,男,大學,5,未婚,0
111,,17,林口區,15~19歲,15,19,部分重疊,0.4,男,大學,5,離婚,0
111,,17,林口區,15~19歲,15,19,部分重疊,0.4,男,專科,4,喪偶,0
111,,17,林口區,15~19歲,15,19,部分重疊,0.4,男,專科,4,有偶,0
111,,17,林口區,15~19歲,15,19,部分重疊,0.4,男,專科,4,未婚,0
111,,17,林口區,15~19歲,15,19,部分重疊,0.4,男,專科,4,離婚,0
111,,17,林口區,15~19歲,15,19,部分重疊,0.4,男,碩士,6,喪偶,0
111,,17,林口區,15~19歲,15,19,部分重疊,0.4,男,碩士,6,有偶,0
111,,17,林口區,15~19歲,15,19,部分重疊,0.4,男,碩士,6,未婚,0
111,,17,林口區,15~19歲,15,19,部分重疊,0.4,男,碩士,6,離婚,0
111,,17,林口區,15~19歲,15,19,部分重疊,0.4,男,高中職,3,喪偶,0
111,,17,林口區,15~19歲,15,19,部分重疊,0.4,男,高中職,3,有偶,0
111,,17,林口區,15~19歲,15,19,部分重疊,0.4,男,高中職,3,未婚,882
111,,17,林口區,15~19歲,15,19,部分重疊,0.4,男,高中職,3,離婚,0
111,,17,林口區,20~24歲,20,24,完全落入,1.0,女,博士,7,喪偶,0
111,,17,林口區,20~24歲,20,24,完全落入,1.0,女,博士,7,有偶,0
111,,17,林口區,20~24歲,20,24,完全落入,1.0,女,博士,7,未婚,0
111,,17,林口區,20~24歲,20,24,完全落入,1.0,女,博士,7,離婚,0
111,,17,林口區,20~24歲,20,24,完全落入,1.0,女,國中,2,喪偶,0
111,,17,林口區,20~24歲,20,24,完全落入,1.0,女,國中,2,有偶,27
111,,17,林口區,20~24歲,20,24,完全落入,1.0,女,國中,2,未婚,161
111,,17,林口區,20~24歲,20,24,完全落入,1.0,女,國中,2,離婚,7
111,,17,林口區,20~24歲,20,24,完全落入,1.0,女,國小以下,1,喪偶,0
111,,17,林口區,20~24歲,20,24,完全落入,1.0,女,國小以下,1,有偶,1
111,,17,林口區,20~24歲,20,24,完全落入,1.0,女,國小以下,1,未婚,8
111,,17,林口區,20~24歲,20,24,完全落入,1.0,女,國小以下,1,離婚,0
111,,17,林口區,20~24歲,20,24,完全落入,1.0,女,大學,5,喪偶,0
111,,17,林口區,20~24歲,20,24,完全落入,1.0,女,大學,5,有偶,14
111,,17,林口區,20~24歲,20,24,完全落入,1.0,女,大學,5,未婚,1146
111,,17,林口區,20~24歲,20,24,完全落入,1.0,女,大學,5,離婚,0
111,,17,林口區,20~24歲,20,24,完全落入,1.0,女,專科,4,喪偶,0
111,,17,林口區,20~24歲,20,24,完全落入,1.0,女,專科,4,有偶,7
111,,17,林口區,20~24歲,20,24,完全落入,1.0,女,專科,4,未婚,152
111,,17,林口區,20~24歲,20,24,完全落入,1.0,女,專科,4,離婚,0
111,,17,林口區,20~24歲,20,24,完全落入,1.0,女,碩士,6,喪偶,0
111,,17,林口區,20~24歲,20,24,完全落入,1.0,女,碩士,6,有偶,0
111,,17,林口區,20~24歲,20,24,完全落入,1.0,女,碩士,6,未婚,22
111,,17,林口區,20~24歲,20,24,完全落入,1.0,女,碩士,6,離婚,0
111,,17,林口區,20~24歲,20,24,完全落入,1.0,女,高中職,3,喪偶,0
111,,17,林口區,20~24歲,20,24,完全落入,1.0,女,高中職,3,有偶,47
111,,17,林口區,20~24歲,20,24,完全落入,1.0,女,高中職,3,未婚,1672
111,,17,林口區,20~24歲,20,24,完全落入,1.0,女,高中職,3,離婚,10
111,,17,林口區,20~24歲,20,24,完全落入,1.0,男,博士,7,喪偶,0
111,,17,林口區,20~24歲,20,24,完全落入,1.0,男,博士,7,有偶,0
111,,17,林口區,20~24歲,20,24,完全落入,1.0,男,博士,7,未婚,0
111,,17,林口區,20~24歲,20,24,完全落入,1.0,男,博士,7,離婚,0
111,,17,林口區,20~24歲,20,24,完全落入,1.0,男,國中,2,喪偶,0
111,,17,林口區,20~24歲,20,24,完全落入,1.0,男,國中,2,有偶,16
111,,17,林口區,20~24歲,20,24,完全落入,1.0,男,國中,2,未婚,275
111,,17,林口區,20~24歲,20,24,完全落入,1.0,男,國中,2,離婚,5
111,,17,林口區,20~24歲,20,24,完全落入,1.0,男,國小以下,1,喪偶,0
111,,17,林口區,20~24歲,20,24,完全落入,1.0,男,國小以下,1,有偶,0
111,,17,林口區,20~24歲,20,24,完全落入,1.0,男,國小以下,1,未婚,15
111,,17,林口區,20~24歲,20,24,完全落入,1.0,男,國小以下,1,離婚,0
111,,17,林口區,20~24歲,20,24,完全落入,1.0,男,大學,5,喪偶,0
111,,17,林口區,20~24歲,20,24,完全落入,1.0,男,大學,5,有偶,7
111,,17,林口區,20~24歲,20,24,完全落入,1.0,男,大學,5,未婚,981
111,,17,林口區,20~24歲,20,24,完全落入,1.0,男,大學,5,離婚,1
111,,17,林口區,20~24歲,20,24,完全落入,1.0,男,專科,4,喪偶,0
111,,17,林口區,20~24歲,20,24,完全落入,1.0,男,專科,4,有偶,0
111,,17,林口區,20~24歲,20,24,完全落入,1.0,男,專科,4,未婚,92
111,,17,林口區,20~24歲,20,24,完全落入,1.0,男,專科,4,離婚,0
111,,17,林口區,20~24歲,20,24,完全落入,1.0,男,碩士,6,喪偶,0
111,,17,林口區,20~24歲,20,24,完全落入,1.0,男,碩士,6,有偶,0
111,,17,林口區,20~24歲,20,24,完全落入,1.0,男,碩士,6,未婚,25
111,,17,林口區,20~24歲,20,24,完全落入,1.0,男,碩士,6,離婚,0
111,,17,林口區,20~24歲,20,24,完全落入,1.0,男,高中職,3,喪偶,0
111,,17,林口區,20~24歲,20,24,完全落入,1.0,男,高中職,3,有偶,24
111,,17,林口區,20~24歲,20,24,完全落入,1.0,男,高中職,3,未婚,2041
111,,17,林口區,20~24歲,20,24,完全落入,1.0,男,高中職,3,離婚,5
111,,17,林口區,25~29歲,25,29,完全落入,1.0,女,博士,7,喪偶,0
111,,17,林口區,25~29歲,25,29,完全落入,1.0,女,博士,7,有偶,0
111,,17,林口區,25~29歲,25,29,完全落入,1.0,女,博士,7,未婚,0
111,,17,林口區,25~29歲,25,29,完全落入,1.0,女,博士,7,離婚,0
111,,17,林口區,25~29歲,25,29,完全落入,1.0,女,國中,2,喪偶,0
111,,17,林口區,25~29歲,25,29,完全落入,1.0,女,國中,2,有偶,46
111,,17,林口區,25~29歲,25,29,完全落入,1.0,女,國中,2,未婚,93
111,,17,林口區,25~29歲,25,29,完全落入,1.0,女,國中,2,離婚,22
111,,17,林口區,25~29歲,25,29,完全落入,1.0,女,國小以下,1,喪偶,0
111,,17,林口區,25~29歲,25,29,完全落入,1.0,女,國小以下,1,有偶,2
111,,17,林口區,25~29歲,25,29,完全落入,1.0,女,國小以下,1,未婚,9
111,,17,林口區,25~29歲,25,29,完全落入,1.0,女,國小以下,1,離婚,0
111,,17,林口區,25~29歲,25,29,完全落入,1.0,女,大學,5,喪偶,0
111,,17,林口區,25~29歲,25,29,完全落入,1.0,女,大學,5,有偶,447
111,,17,林口區,25~29歲,25,29,完全落入,1.0,女,大學,5,未婚,2208
111,,17,林口區,25~29歲,25,29,完全落入,1.0,女,大學,5,離婚,30
111,,17,林口區,25~29歲,25,29,完全落入,1.0,女,專科,4,喪偶,0
111,,17,林口區,25~29歲,25,29,完全落入,1.0,女,專科,4,有偶,41
111,,17,林口區,25~29歲,25,29,完全落入,1.0,女,專科,4,未婚,90
111,,17,林口區,25~29歲,25,29,完全落入,1.0,女,專科,4,離婚,3
111,,17,林口區,25~29歲,25,29,完全落入,1.0,女,碩士,6,喪偶,0
111,,17,林口區,25~29歲,25,29,完全落入,1.0,女,碩士,6,有偶,35
111,,17,林口區,25~29歲,25,29,完全落入,1.0,女,碩士,6,未婚,216
111,,17,林口區,25~29歲,25,29,完全落入,1.0,女,碩士,6,離婚,2
111,,17,林口區,25~29歲,25,29,完全落入,1.0,女,高中職,3,喪偶,1
111,,17,林口區,25~29歲,25,29,完全落入,1.0,女,高中職,3,有偶,168
111,,17,林口區,25~29歲,25,29,完全落入,1.0,女,高中職,3,未婚,420
111,,17,林口區,25~29歲,25,29,完全落入,1.0,女,高中職,3,離婚,49
111,,17,林口區,25~29歲,25,29,完全落入,1.0,男,博士,7,喪偶,0
111,,17,林口區,25~29歲,25,29,完全落入,1.0,男,博士,7,有偶,0
111,,17,林口區,25~29歲,25,29,完全落入,1.0,男,博士,7,未婚,1
111,,17,林口區,25~29歲,25,29,完全落入,1.0,男,博士,7,離婚,0
111,,17,林口區,25~29歲,25,29,完全落入,1.0,男,國中,2,喪偶,0
111,,17,林口區,25~29歲,25,29,完全落入,1.0,男,國中,2,有偶,52
111,,17,林口區,25~29歲,25,29,完全落入,1.0,男,國中,2,未婚,200
111,,17,林口區,25~29歲,25,29,完全落入,1.0,男,國中,2,離婚,18
111,,17,林口區,25~29歲,25,29,完全落入,1.0,男,國小以下,1,喪偶,0
111,,17,林口區,25~29歲,25,29,完全落入,1.0,男,國小以下,1,有偶,0
111,,17,林口區,25~29歲,25,29,完全落入,1.0,男,國小以下,1,未婚,14
111,,17,林口區,25~29歲,25,29,完全落入,1.0,男,國小以下,1,離婚,1
111,,17,林口區,25~29歲,25,29,完全落入,1.0,男,大學,5,喪偶,0
111,,17,林口區,25~29歲,25,29,完全落入,1.0,男,大學,5,有偶,241
111,,17,林口區,25~29歲,25,29,完全落入,1.0,男,大學,5,未婚,2057
111,,17,林口區,25~29歲,25,29,完全落入,1.0,男,大學,5,離婚,10
111,,17,林口區,25~29歲,25,29,完全落入,1.0,男,專科,4,喪偶,0
111,,17,林口區,25~29歲,25,29,完全落入,1.0,男,專科,4,有偶,19
111,,17,林口區,25~29歲,25,29,完全落入,1.0,男,專科,4,未婚,101
111,,17,林口區,25~29歲,25,29,完全落入,1.0,男,專科,4,離婚,2
111,,17,林口區,25~29歲,25,29,完全落入,1.0,男,碩士,6,喪偶,0
111,,17,林口區,25~29歲,25,29,完全落入,1.0,男,碩士,6,有偶,31
111,,17,林口區,25~29歲,25,29,完全落入,1.0,男,碩士,6,未婚,385
111,,17,林口區,25~29歲,25,29,完全落入,1.0,男,碩士,6,離婚,0
111,,17,林口區,25~29歲,25,29,完全落入,1.0,男,高中職,3,喪偶,0
111,,17,林口區,25~29歲,25,29,完全落入,1.0,男,高中職,3,有偶,141
111,,17,林口區,25~29歲,25,29,完全落入,1.0,男,高中職,3,未婚,758
111,,17,林口區,25~29歲,25,29,完全落入,1.0,男,高中職,3,離婚,33
111,,17,林口區,30~34歲,30,34,完全落入,1.0,女,博士,7,喪偶,0
111,,17,林口區,30~34歲,30,34,完全落入,1.0,女,博士,7,有偶,3
111,,17,林口區,30~34歲,30,34,完全落入,1.0,女,博士,7,未婚,4
111,,17,林口區,30~34歲,30,34,完全落入,1.0,女,博士,7,離婚,0
111,,17,林口區,30~34歲,30,34,完全落入,1.0,女,國中,2,喪偶,0
111,,17,林口區,30~34歲,30,34,完全落入,1.0,女,國中,2,有偶,91
111,,17,林口區,30~34歲,30,34,完全落入,1.0,女,國中,2,未婚,58
111,,17,林口區,30~34歲,30,34,完全落入,1.0,女,國中,2,離婚,22
111,,17,林口區,30~34歲,30,34,完全落入,1.0,女,國小以下,1,喪偶,0
111,,17,林口區,30~34歲,30,34,完全落入,1.0,女,國小以下,1,有偶,6
111,,17,林口區,30~34歲,30,34,完全落入,1.0,女,國小以下,1,未婚,9
111,,17,林口區,30~34歲,30,34,完全落入,1.0,女,國小以下,1,離婚,0
111,,17,林口區,30~34歲,30,34,完全落入,1.0,女,大學,5,喪偶,0
111,,17,林口區,30~34歲,30,34,完全落入,1.0,女,大學,5,有偶,1464
111,,17,林口區,30~34歲,30,34,完全落入,1.0,女,大學,5,未婚,1347
111,,17,林口區,30~34歲,30,34,完全落入,1.0,女,大學,5,離婚,64
111,,17,林口區,30~34歲,30,34,完全落入,1.0,女,專科,4,喪偶,0
111,,17,林口區,30~34歲,30,34,完全落入,1.0,女,專科,4,有偶,97
111,,17,林口區,30~34歲,30,34,完全落入,1.0,女,專科,4,未婚,76
111,,17,林口區,30~34歲,30,34,完全落入,1.0,女,專科,4,離婚,14
111,,17,林口區,30~34歲,30,34,完全落入,1.0,女,碩士,6,喪偶,1
111,,17,林口區,30~34歲,30,34,完全落入,1.0,女,碩士,6,有偶,274
111,,17,林口區,30~34歲,30,34,完全落入,1.0,女,碩士,6,未婚,236
111,,17,林口區,30~34歲,30,34,完全落入,1.0,女,碩士,6,離婚,2
111,,17,林口區,30~34歲,30,34,完全落入,1.0,女,高中職,3,喪偶,2
111,,17,林口區,30~34歲,30,34,完全落入,1.0,女,高中職,3,有偶,319
111,,17,林口區,30~34歲,30,34,完全落入,1.0,女,高中職,3,未婚,265
111,,17,林口區,30~34歲,30,34,完全落入,1.0,女,高中職,3,離婚,52
111,,17,林口區,30~34歲,30,34,完全落入,1.0,男,博士,7,喪偶,0
111,,17,林口區,30~34歲,30,34,完全落入,1.0,男,博士,7,有偶,5
111,,17,林口區,30~34歲,30,34,完全落入,1.0,男,博士,7,未婚,8
111,,17,林口區,30~34歲,30,34,完全落入,1.0,男,博士,7,離婚,0
111,,17,林口區,30~34歲,30,34,完全落入,1.0,男,國中,2,喪偶,0
111,,17,林口區,30~34歲,30,34,完全落入,1.0,男,國中,2,有偶,92
111,,17,林口區,30~34歲,30,34,完全落入,1.0,男,國中,2,未婚,140
111,,17,林口區,30~34歲,30,34,完全落入,1.0,男,國中,2,離婚,34
111,,17,林口區,30~34歲,30,34,完全落入,1.0,男,國小以下,1,喪偶,0
111,,17,林口區,30~34歲,30,34,完全落入,1.0,男,國小以下,1,有偶,3
111,,17,林口區,30~34歲,30,34,完全落入,1.0,男,國小以下,1,未婚,11
111,,17,林口區,30~34歲,30,34,完全落入,1.0,男,國小以下,1,離婚,2
111,,17,林口區,30~34歲,30,34,完全落入,1.0,男,大學,5,喪偶,0
111,,17,林口區,30~34歲,30,34,完全落入,1.0,男,大學,5,有偶,878
111,,17,林口區,30~34歲,30,34,完全落入,1.0,男,大學,5,未婚,1311
111,,17,林口區,30~34歲,30,34,完全落入,1.0,男,大學,5,離婚,42
111,,17,林口區,30~34歲,30,34,完全落入,1.0,男,專科,4,喪偶,0
111,,17,林口區,30~34歲,30,34,完全落入,1.0,男,專科,4,有偶,47
111,,17,林口區,30~34歲,30,34,完全落入,1.0,男,專科,4,未婚,73
111,,17,林口區,30~34歲,30,34,完全落入,1.0,男,專科,4,離婚,6
111,,17,林口區,30~34歲,30,34,完全落入,1.0,男,碩士,6,喪偶,0
111,,17,林口區,30~34歲,30,34,完全落入,1.0,男,碩士,6,有偶,338
111,,17,林口區,30~34歲,30,34,完全落入,1.0,男,碩士,6,未婚,372
111,,17,林口區,30~34歲,30,34,完全落入,1.0,男,碩士,6,離婚,4
111,,17,林口區,30~34歲,30,34,完全落入,1.0,男,高中職,3,喪偶,0
111,,17,林口區,30~34歲,30,34,完全落入,1.0,男,高中職,3,有偶,317
111,,17,林口區,30~34歲,30,34,完全落入,1.0,男,高中職,3,未婚,530
111,,17,林口區,30~34歲,30,34,完全落入,1.0,男,高中職,3,離婚,53
111,,17,林口區,35~39歲,35,39,部分重疊,0.2,女,博士,7,喪偶,0
111,,17,林口區,35~39歲,35,39,部分重疊,0.2,女,博士,7,有偶,14
111,,17,林口區,35~39歲,35,39,部分重疊,0.2,女,博士,7,未婚,14
111,,17,林口區,35~39歲,35,39,部分重疊,0.2,女,博士,7,離婚,1
111,,17,林口區,35~39歲,35,39,部分重疊,0.2,女,國中,2,喪偶,4
111,,17,林口區,35~39歲,35,39,部分重疊,0.2,女,國中,2,有偶,177
111,,17,林口區,35~39歲,35,39,部分重疊,0.2,女,國中,2,未婚,65
111,,17,林口區,35~39歲,35,39,部分重疊,0.2,女,國中,2,離婚,68
111,,17,林口區,35~39歲,35,39,部分重疊,0.2,女,國小以下,1,喪偶,3
111,,17,林口區,35~39歲,35,39,部分重疊,0.2,女,國小以下,1,有偶,31
111,,17,林口區,35~39歲,35,39,部分重疊,0.2,女,國小以下,1,未婚,4
111,,17,林口區,35~39歲,35,39,部分重疊,0.2,女,國小以下,1,離婚,13
111,,17,林口區,35~39歲,35,39,部分重疊,0.2,女,大學,5,喪偶,3
111,,17,林口區,35~39歲,35,39,部分重疊,0.2,女,大學,5,有偶,1915
111,,17,林口區,35~39歲,35,39,部分重疊,0.2,女,大學,5,未婚,712
111,,17,林口區,35~39歲,35,39,部分重疊,0.2,女,大學,5,離婚,121
111,,17,林口區,35~39歲,35,39,部分重疊,0.2,女,專科,4,喪偶,0
111,,17,林口區,35~39歲,35,39,部分重疊,0.2,女,專科,4,有偶,344
111,,17,林口區,35~39歲,35,39,部分重疊,0.2,女,專科,4,未婚,85
111,,17,林口區,35~39歲,35,39,部分重疊,0.2,女,專科,4,離婚,35
111,,17,林口區,35~39歲,35,39,部分重疊,0.2,女,碩士,6,喪偶,1
111,,17,林口區,35~39歲,35,39,部分重疊,0.2,女,碩士,6,有偶,513
111,,17,林口區,35~39歲,35,39,部分重疊,0.2,女,碩士,6,未婚,164
111,,17,林口區,35~39歲,35,39,部分重疊,0.2,女,碩士,6,離婚,29
111,,17,林口區,35~39歲,35,39,部分重疊,0.2,女,高中職,3,喪偶,10
111,,17,林口區,35~39歲,35,39,部分重疊,0.2,女,高中職,3,有偶,569
111,,17,林口區,35~39歲,35,39,部分重疊,0.2,女,高中職,3,未婚,176
111,,17,林口區,35~39歲,35,39,部分重疊,0.2,女,高中職,3,離婚,106
111,,17,林口區,35~39歲,35,39,部分重疊,0.2,男,博士,7,喪偶,0
111,,17,林口區,35~39歲,35,39,部分重疊,0.2,男,博士,7,有偶,41
111,,17,林口區,35~39歲,35,39,部分重疊,0.2,男,博士,7,未婚,12
111,,17,林口區,35~39歲,35,39,部分重疊,0.2,男,博士,7,離婚,1
111,,17,林口區,35~39歲,35,39,部分重疊,0.2,男,國中,2,喪偶,0
111,,17,林口區,35~39歲,35,39,部分重疊,0.2,男,國中,2,有偶,166
111,,17,林口區,35~39歲,35,39,部分重疊,0.2,男,國中,2,未婚,154
111,,17,林口區,35~39歲,35,39,部分重疊,0.2,男,國中,2,離婚,43
111,,17,林口區,35~39歲,35,39,部分重疊,0.2,男,國小以下,1,喪偶,0
111,,17,林口區,35~39歲,35,39,部分重疊,0.2,男,國小以下,1,有偶,13
111,,17,林口區,35~39歲,35,39,部分重疊,0.2,男,國小以下,1,未婚,12
111,,17,林口區,35~39歲,35,39,部分重疊,0.2,男,國小以下,1,離婚,8
111,,17,林口區,35~39歲,35,39,部分重疊,0.2,男,大學,5,喪偶,4
111,,17,林口區,35~39歲,35,39,部分重疊,0.2,男,大學,5,有偶,1256
111,,17,林口區,35~39歲,35,39,部分重疊,0.2,男,大學,5,未婚,712
111,,17,林口區,35~39歲,35,39,部分重疊,0.2,男,大學,5,離婚,76
111,,17,林口區,35~39歲,35,39,部分重疊,0.2,男,專科,4,喪偶,0
111,,17,林口區,35~39歲,35,39,部分重疊,0.2,男,專科,4,有偶,171
111,,17,林口區,35~39歲,35,39,部分重疊,0.2,男,專科,4,未婚,73
111,,17,林口區,35~39歲,35,39,部分重疊,0.2,男,專科,4,離婚,21
111,,17,林口區,35~39歲,35,39,部分重疊,0.2,男,碩士,6,喪偶,2
111,,17,林口區,35~39歲,35,39,部分重疊,0.2,男,碩士,6,有偶,748
111,,17,林口區,35~39歲,35,39,部分重疊,0.2,男,碩士,6,未婚,233
111,,17,林口區,35~39歲,35,39,部分重疊,0.2,男,碩士,6,離婚,16
111,,17,林口區,35~39歲,35,39,部分重疊,0.2,男,高中職,3,喪偶,2
111,,17,林口區,35~39歲,35,39,部分重疊,0.2,男,高中職,3,有偶,421
111,,17,林口區,35~39歲,35,39,部分重疊,0.2,男,高中職,3,未婚,323
111,,17,林口區,35~39歲,35,39,部分重疊,0.2,男,高中職,3,離婚,81
111,,17,林口區,40~44歲,40,44,不相關,0.0,女,博士,7,喪偶,0
111,,17,林口區,40~44歲,40,44,不相關,0.0,女,博士,7,有偶,44
111,,17,林口區,40~44歲,40,44,不相關,0.0,女,博士,7,未婚,17
111,,17,林口區,40~44歲,40,44,不相關,0.0,女,博士,7,離婚,2
111,,17,林口區,40~44歲,40,44,不相關,0.0,女,國中,2,喪偶,11
111,,17,林口區,40~44歲,40,44,不相關,0.0,女,國中,2,有偶,228
111,,17,林口區,40~44歲,40,44,不相關,0.0,女,國中,2,未婚,54
111,,17,林口區,40~44歲,40,44,不相關,0.0,女,國中,2,離婚,98
111,,17,林口區,40~44歲,40,44,不相關,0.0,女,國小以下,1,喪偶,6
111,,17,林口區,40~44歲,40,44,不相關,0.0,女,國小以下,1,有偶,50
111,,17,林口區,40~44歲,40,44,不相關,0.0,女,國小以下,1,未婚,7
111,,17,林口區,40~44歲,40,44,不相關,0.0,女,國小以下,1,離婚,22
111,,17,林口區,40~44歲,40,44,不相關,0.0,女,大學,5,喪偶,10
111,,17,林口區,40~44歲,40,44,不相關,0.0,女,大學,5,有偶,2061
111,,17,林口區,40~44歲,40,44,不相關,0.0,女,大學,5,未婚,456
111,,17,林口區,40~44歲,40,44,不相關,0.0,女,大學,5,離婚,186
111,,17,林口區,40~44歲,40,44,不相關,0.0,女,專科,4,喪偶,7
111,,17,林口區,40~44歲,40,44,不相關,0.0,女,專科,4,有偶,898
111,,17,林口區,40~44歲,40,44,不相關,0.0,女,專科,4,未婚,182
111,,17,林口區,40~44歲,40,44,不相關,0.0,女,專科,4,離婚,111
111,,17,林口區,40~44歲,40,44,不相關,0.0,女,碩士,6,喪偶,4
111,,17,林口區,40~44歲,40,44,不相關,0.0,女,碩士,6,有偶,671
111,,17,林口區,40~44歲,40,44,不相關,0.0,女,碩士,6,未婚,163
111,,17,林口區,40~44歲,40,44,不相關,0.0,女,碩士,6,離婚,47
111,,17,林口區,40~44歲,40,44,不相關,0.0,女,高中職,3,喪偶,18
111,,17,林口區,40~44歲,40,44,不相關,0.0,女,高中職,3,有偶,894
111,,17,林口區,40~44歲,40,44,不相關,0.0,女,高中職,3,未婚,243
111,,17,林口區,40~44歲,40,44,不相關,0.0,女,高中職,3,離婚,255
111,,17,林口區,40~44歲,40,44,不相關,0.0,男,博士,7,喪偶,0
111,,17,林口區,40~44歲,40,44,不相關,0.0,男,博士,7,有偶,88
111,,17,林口區,40~44歲,40,44,不相關,0.0,男,博士,7,未婚,11
111,,17,林口區,40~44歲,40,44,不相關,0.0,男,博士,7,離婚,4
111,,17,林口區,40~44歲,40,44,不相關,0.0,男,國中,2,喪偶,1
111,,17,林口區,40~44歲,40,44,不相關,0.0,男,國中,2,有偶,229
111,,17,林口區,40~44歲,40,44,不相關,0.0,男,國中,2,未婚,143
111,,17,林口區,40~44歲,40,44,不相關,0.0,男,國中,2,離婚,78
111,,17,林口區,40~44歲,40,44,不相關,0.0,男,國小以下,1,喪偶,0
111,,17,林口區,40~44歲,40,44,不相關,0.0,男,國小以下,1,有偶,10
111,,17,林口區,40~44歲,40,44,不相關,0.0,男,國小以下,1,未婚,11
111,,17,林口區,40~44歲,40,44,不相關,0.0,男,國小以下,1,離婚,5
111,,17,林口區,40~44歲,40,44,不相關,0.0,男,大學,5,喪偶,0
111,,17,林口區,40~44歲,40,44,不相關,0.0,男,大學,5,有偶,1563
111,,17,林口區,40~44歲,40,44,不相關,0.0,男,大學,5,未婚,400
111,,17,林口區,40~44歲,40,44,不相關,0.0,男,大學,5,離婚,114
111,,17,林口區,40~44歲,40,44,不相關,0.0,男,專科,4,喪偶,3
111,,17,林口區,40~44歲,40,44,不相關,0.0,男,專科,4,有偶,511
111,,17,林口區,40~44歲,40,44,不相關,0.0,男,專科,4,未婚,140
111,,17,林口區,40~44歲,40,44,不相關,0.0,男,專科,4,離婚,65
111,,17,林口區,40~44歲,40,44,不相關,0.0,男,碩士,6,喪偶,1
111,,17,林口區,40~44歲,40,44,不相關,0.0,男,碩士,6,有偶,928
111,,17,林口區,40~44歲,40,44,不相關,0.0,男,碩士,6,未婚,145
111,,17,林口區,40~44歲,40,44,不相關,0.0,男,碩士,6,離婚,42
111,,17,林口區,40~44歲,40,44,不相關,0.0,男,高中職,3,喪偶,2
111,,17,林口區,40~44歲,40,44,不相關,0.0,男,高中職,3,有偶,761
111,,17,林口區,40~44歲,40,44,不相關,0.0,男,高中職,3,未婚,342
111,,17,林口區,40~44歲,40,44,不相關,0.0,男,高中職,3,離婚,164
111,,17,林口區,45~49歲,45,49,不相關,0.0,女,博士,7,喪偶,0
111,,17,林口區,45~49歲,45,49,不相關,0.0,女,博士,7,有偶,41
111,,17,林口區,45~49歲,45,49,不相關,0.0,女,博士,7,未婚,20
111,,17,林口區,45~49歲,45,49,不相關,0.0,女,博士,7,離婚,6
111,,17,林口區,45~49歲,45,49,不相關,0.0,女,國中,2,喪偶,20
111,,17,林口區,45~49歲,45,49,不相關,0.0,女,國中,2,有偶,180
111,,17,林口區,45~49歲,45,49,不相關,0.0,女,國中,2,未婚,33
111,,17,林口區,45~49歲,45,49,不相關,0.0,女,國中,2,離婚,106
111,,17,林口區,45~49歲,45,49,不相關,0.0,女,國小以下,1,喪偶,4
111,,17,林口區,45~49歲,45,49,不相關,0.0,女,國小以下,1,有偶,36
111,,17,林口區,45~49歲,45,49,不相關,0.0,女,國小以下,1,未婚,12
111,,17,林口區,45~49歲,45,49,不相關,0.0,女,國小以下,1,離婚,16
111,,17,林口區,45~49歲,45,49,不相關,0.0,女,大學,5,喪偶,12
111,,17,林口區,45~49歲,45,49,不相關,0.0,女,大學,5,有偶,1372
111,,17,林口區,45~49歲,45,49,不相關,0.0,女,大學,5,未婚,373
111,,17,林口區,45~49歲,45,49,不相關,0.0,女,大學,5,離婚,166
111,,17,林口區,45~49歲,45,49,不相關,0.0,女,專科,4,喪偶,16
111,,17,林口區,45~49歲,45,49,不相關,0.0,女,專科,4,有偶,964
111,,17,林口區,45~49歲,45,49,不相關,0.0,女,專科,4,未婚,188
111,,17,林口區,45~49歲,45,49,不相關,0.0,女,專科,4,離婚,160
111,,17,林口區,45~49歲,45,49,不相關,0.0,女,碩士,6,喪偶,5
111,,17,林口區,45~49歲,45,49,不相關,0.0,女,碩士,6,有偶,471
111,,17,林口區,45~49歲,45,49,不相關,0.0,女,碩士,6,未婚,101
111,,17,林口區,45~49歲,45,49,不相關,0.0,女,碩士,6,離婚,56
111,,17,林口區,45~49歲,45,49,不相關,0.0,女,高中職,3,喪偶,41
111,,17,林口區,45~49歲,45,49,不相關,0.0,女,高中職,3,有偶,1015
111,,17,林口區,45~49歲,45,49,不相關,0.0,女,高中職,3,未婚,174
111,,17,林口區,45~49歲,45,49,不相關,0.0,女,高中職,3,離婚,308
111,,17,林口區,45~49歲,45,49,不相關,0.0,男,博士,7,喪偶,0
111,,17,林口區,45~49歲,45,49,不相關,0.0,男,博士,7,有偶,74
111,,17,林口區,45~49歲,45,49,不相關,0.0,男,博士,7,未婚,8
111,,17,林口區,45~49歲,45,49,不相關,0.0,男,博士,7,離婚,3
111,,17,林口區,45~49歲,45,49,不相關,0.0,男,國中,2,喪偶,6
111,,17,林口區,45~49歲,45,49,不相關,0.0,男,國中,2,有偶,200
111,,17,林口區,45~49歲,45,49,不相關,0.0,男,國中,2,未婚,92
111,,17,林口區,45~49歲,45,49,不相關,0.0,男,國中,2,離婚,87
111,,17,林口區,45~49歲,45,49,不相關,0.0,男,國小以下,1,喪偶,0
111,,17,林口區,45~49歲,45,49,不相關,0.0,男,國小以下,1,有偶,29
111,,17,林口區,45~49歲,45,49,不相關,0.0,男,國小以下,1,未婚,17
111,,17,林口區,45~49歲,45,49,不相關,0.0,男,國小以下,1,離婚,15
111,,17,林口區,45~49歲,45,49,不相關,0.0,男,大學,5,喪偶,2
111,,17,林口區,45~49歲,45,49,不相關,0.0,男,大學,5,有偶,1300
111,,17,林口區,45~49歲,45,49,不相關,0.0,男,大學,5,未婚,239
111,,17,林口區,45~49歲,45,49,不相關,0.0,男,大學,5,離婚,104
111,,17,林口區,45~49歲,45,49,不相關,0.0,男,專科,4,喪偶,6
111,,17,林口區,45~49歲,45,49,不相關,0.0,男,專科,4,有偶,695
111,,17,林口區,45~49歲,45,49,不相關,0.0,男,專科,4,未婚,135
111,,17,林口區,45~49歲,45,49,不相關,0.0,男,專科,4,離婚,105
111,,17,林口區,45~49歲,45,49,不相關,0.0,男,碩士,6,喪偶,4
111,,17,林口區,45~49歲,45,49,不相關,0.0,男,碩士,6,有偶,811
111,,17,林口區,45~49歲,45,49,不相關,0.0,男,碩士,6,未婚,74
111,,17,林口區,45~49歲,45,49,不相關,0.0,男,碩士,6,離婚,67
111,,17,林口區,45~49歲,45,49,不相關,0.0,男,高中職,3,喪偶,6
111,,17,林口區,45~49歲,45,49,不相關,0.0,男,高中職,3,有偶,824
111,,17,林口區,45~49歲,45,49,不相關,0.0,男,高中職,3,未婚,266
111,,17,林口區,45~49歲,45,49,不相關,0.0,男,高中職,3,離婚,235
111,,17,林口區,50~54歲,50,54,不相關,0.0,女,博士,7,喪偶,1
111,,17,林口區,50~54歲,50,54,不相關,0.0,女,博士,7,有偶,32
111,,17,林口區,50~54歲,50,54,不相關,0.0,女,博士,7,未婚,15
111,,17,林口區,50~54歲,50,54,不相關,0.0,女,博士,7,離婚,4
111,,17,林口區,50~54歲,50,54,不相關,0.0,女,國中,2,喪偶,34
111,,17,林口區,50~54歲,50,54,不相關,0.0,女,國中,2,有偶,279
111,,17,林口區,50~54歲,50,54,不相關,0.0,女,國中,2,未婚,35
111,,17,林口區,50~54歲,50,54,不相關,0.0,女,國中,2,離婚,120
111,,17,林口區,50~54歲,50,54,不相關,0.0,女,國小以下,1,喪偶,6
111,,17,林口區,50~54歲,50,54,不相關,0.0,女,國小以下,1,有偶,54
111,,17,林口區,50~54歲,50,54,不相關,0.0,女,國小以下,1,未婚,16
111,,17,林口區,50~54歲,50,54,不相關,0.0,女,國小以下,1,離婚,28
111,,17,林口區,50~54歲,50,54,不相關,0.0,女,大學,5,喪偶,16
111,,17,林口區,50~54歲,50,54,不相關,0.0,女,大學,5,有偶,750
111,,17,林口區,50~54歲,50,54,不相關,0.0,女,大學,5,未婚,190
111,,17,林口區,50~54歲,50,54,不相關,0.0,女,大學,5,離婚,146
111,,17,林口區,50~54歲,50,54,不相關,0.0,女,專科,4,喪偶,31
111,,17,林口區,50~54歲,50,54,不相關,0.0,女,專科,4,有偶,739
111,,17,林口區,50~54歲,50,54,不相關,0.0,女,專科,4,未婚,135
111,,17,林口區,50~54歲,50,54,不相關,0.0,女,專科,4,離婚,143
111,,17,林口區,50~54歲,50,54,不相關,0.0,女,碩士,6,喪偶,6
111,,17,林口區,50~54歲,50,54,不相關,0.0,女,碩士,6,有偶,295
111,,17,林口區,50~54歲,50,54,不相關,0.0,女,碩士,6,未婚,80
111,,17,林口區,50~54歲,50,54,不相關,0.0,女,碩士,6,離婚,44
111,,17,林口區,50~54歲,50,54,不相關,0.0,女,高中職,3,喪偶,80
111,,17,林口區,50~54歲,50,54,不相關,0.0,女,高中職,3,有偶,1151
111,,17,林口區,50~54歲,50,54,不相關,0.0,女,高中職,3,未婚,174
111,,17,林口區,50~54歲,50,54,不相關,0.0,女,高中職,3,離婚,350
111,,17,林口區,50~54歲,50,54,不相關,0.0,男,博士,7,喪偶,0
111,,17,林口區,50~54歲,50,54,不相關,0.0,男,博士,7,有偶,70
111,,17,林口區,50~54歲,50,54,不相關,0.0,男,博士,7,未婚,12
111,,17,林口區,50~54歲,50,54,不相關,0.0,男,博士,7,離婚,8
111,,17,林口區,50~54歲,50,54,不相關,0.0,男,國中,2,喪偶,3
111,,17,林口區,50~54歲,50,54,不相關,0.0,男,國中,2,有偶,278
111,,17,林口區,50~54歲,50,54,不相關,0.0,男,國中,2,未婚,67
111,,17,林口區,50~54歲,50,54,不相關,0.0,男,國中,2,離婚,116
111,,17,林口區,50~54歲,50,54,不相關,0.0,男,國小以下,1,喪偶,1
111,,17,林口區,50~54歲,50,54,不相關,0.0,男,國小以下,1,有偶,37
111,,17,林口區,50~54歲,50,54,不相關,0.0,男,國小以下,1,未婚,14
111,,17,林口區,50~54歲,50,54,不相關,0.0,男,國小以下,1,離婚,7
111,,17,林口區,50~54歲,50,54,不相關,0.0,男,大學,5,喪偶,4
111,,17,林口區,50~54歲,50,54,不相關,0.0,男,大學,5,有偶,770
111,,17,林口區,50~54歲,50,54,不相關,0.0,男,大學,5,未婚,109
111,,17,林口區,50~54歲,50,54,不相關,0.0,男,大學,5,離婚,68
111,,17,林口區,50~54歲,50,54,不相關,0.0,男,專科,4,喪偶,10
111,,17,林口區,50~54歲,50,54,不相關,0.0,男,專科,4,有偶,652
111,,17,林口區,50~54歲,50,54,不相關,0.0,男,專科,4,未婚,86
111,,17,林口區,50~54歲,50,54,不相關,0.0,男,專科,4,離婚,102
111,,17,林口區,50~54歲,50,54,不相關,0.0,男,碩士,6,喪偶,10
111,,17,林口區,50~54歲,50,54,不相關,0.0,男,碩士,6,有偶,546
111,,17,林口區,50~54歲,50,54,不相關,0.0,男,碩士,6,未婚,50
111,,17,林口區,50~54歲,50,54,不相關,0.0,男,碩士,6,離婚,67
111,,17,林口區,50~54歲,50,54,不相關,0.0,男,高中職,3,喪偶,10
111,,17,林口區,50~54歲,50,54,不相關,0.0,男,高中職,3,有偶,935
111,,17,林口區,50~54歲,50,54,不相關,0.0,男,高中職,3,未婚,190
111,,17,林口區,50~54歲,50,54,不相關,0.0,男,高中職,3,離婚,257
111,,17,林口區,55~59歲,55,59,不相關,0.0,女,博士,7,喪偶,0
111,,17,林口區,55~59歲,55,59,不相關,0.0,女,博士,7,有偶,39
111,,17,林口區,55~59歲,55,59,不相關,0.0,女,博士,7,未婚,9
111,,17,林口區,55~59歲,55,59,不相關,0.0,女,博士,7,離婚,9
111,,17,林口區,55~59歲,55,59,不相關,0.0,女,國中,2,喪偶,56
111,,17,林口區,55~59歲,55,59,不相關,0.0,女,國中,2,有偶,463
111,,17,林口區,55~59歲,55,59,不相關,0.0,女,國中,2,未婚,44
111,,17,林口區,55~59歲,55,59,不相關,0.0,女,國中,2,離婚,151
111,,17,林口區,55~59歲,55,59,不相關,0.0,女,國小以下,1,喪偶,29
111,,17,林口區,55~59歲,55,59,不相關,0.0,女,國小以下,1,有偶,151
111,,17,林口區,55~59歲,55,59,不相關,0.0,女,國小以下,1,未婚,10
111,,17,林口區,55~59歲,55,59,不相關,0.0,女,國小以下,1,離婚,35
111,,17,林口區,55~59歲,55,59,不相關,0.0,女,大學,5,喪偶,25
111,,17,林口區,55~59歲,55,59,不相關,0.0,女,大學,5,有偶,545
111,,17,林口區,55~59歲,55,59,不相關,0.0,女,大學,5,未婚,127
111,,17,林口區,55~59歲,55,59,不相關,0.0,女,大學,5,離婚,118
111,,17,林口區,55~59歲,55,59,不相關,0.0,女,專科,4,喪偶,30
111,,17,林口區,55~59歲,55,59,不相關,0.0,女,專科,4,有偶,551
111,,17,林口區,55~59歲,55,59,不相關,0.0,女,專科,4,未婚,81
111,,17,林口區,55~59歲,55,59,不相關,0.0,女,專科,4,離婚,121
111,,17,林口區,55~59歲,55,59,不相關,0.0,女,碩士,6,喪偶,3
111,,17,林口區,55~59歲,55,59,不相關,0.0,女,碩士,6,有偶,171
111,,17,林口區,55~59歲,55,59,不相關,0.0,女,碩士,6,未婚,56
111,,17,林口區,55~59歲,55,59,不相關,0.0,女,碩士,6,離婚,45
111,,17,林口區,55~59歲,55,59,不相關,0.0,女,高中職,3,喪偶,98
111,,17,林口區,55~59歲,55,59,不相關,0.0,女,高中職,3,有偶,1285
111,,17,林口區,55~59歲,55,59,不相關,0.0,女,高中職,3,未婚,173
111,,17,林口區,55~59歲,55,59,不相關,0.0,女,高中職,3,離婚,330
111,,17,林口區,55~59歲,55,59,不相關,0.0,男,博士,7,喪偶,1
111,,17,林口區,55~59歲,55,59,不相關,0.0,男,博士,7,有偶,74
111,,17,林口區,55~59歲,55,59,不相關,0.0,男,博士,7,未婚,6
111,,17,林口區,55~59歲,55,59,不相關,0.0,男,博士,7,離婚,6
111,,17,林口區,55~59歲,55,59,不相關,0.0,男,國中,2,喪偶,14
111,,17,林口區,55~59歲,55,59,不相關,0.0,男,國中,2,有偶,523
111,,17,林口區,55~59歲,55,59,不相關,0.0,男,國中,2,未婚,69
111,,17,林口區,55~59歲,55,59,不相關,0.0,男,國中,2,離婚,121
111,,17,林口區,55~59歲,55,59,不相關,0.0,男,國小以下,1,喪偶,2
111,,17,林口區,55~59歲,55,59,不相關,0.0,男,國小以下,1,有偶,78
111,,17,林口區,55~59歲,55,59,不相關,0.0,男,國小以下,1,未婚,16
111,,17,林口區,55~59歲,55,59,不相關,0.0,男,國小以下,1,離婚,26
111,,17,林口區,55~59歲,55,59,不相關,0.0,男,大學,5,喪偶,13
111,,17,林口區,55~59歲,55,59,不相關,0.0,男,大學,5,有偶,584
111,,17,林口區,55~59歲,55,59,不相關,0.0,男,大學,5,未婚,55
111,,17,林口區,55~59歲,55,59,不相關,0.0,男,大學,5,離婚,66
111,,17,林口區,55~59歲,55,59,不相關,0.0,男,專科,4,喪偶,14
111,,17,林口區,55~59歲,55,59,不相關,0.0,男,專科,4,有偶,602
111,,17,林口區,55~59歲,55,59,不相關,0.0,男,專科,4,未婚,39
111,,17,林口區,55~59歲,55,59,不相關,0.0,男,專科,4,離婚,85
111,,17,林口區,55~59歲,55,59,不相關,0.0,男,碩士,6,喪偶,5
111,,17,林口區,55~59歲,55,59,不相關,0.0,男,碩士,6,有偶,334
111,,17,林口區,55~59歲,55,59,不相關,0.0,男,碩士,6,未婚,32
111,,17,林口區,55~59歲,55,59,不相關,0.0,男,碩士,6,離婚,34
111,,17,林口區,55~59歲,55,59,不相關,0.0,男,高中職,3,喪偶,29
111,,17,林口區,55~59歲,55,59,不相關,0.0,男,高中職,3,有偶,940
111,,17,林口區,55~59歲,55,59,不相關,0.0,男,高中職,3,未婚,106
111,,17,林口區,55~59歲,55,59,不相關,0.0,男,高中職,3,離婚,230
111,,17,林口區,60~64歲,60,64,不相關,0.0,女,博士,7,喪偶,0
111,,17,林口區,60~64歲,60,64,不相關,0.0,女,博士,7,有偶,19
111,,17,林口區,60~64歲,60,64,不相關,0.0,女,博士,7,未婚,6
111,,17,林口區,60~64歲,60,64,不相關,0.0,女,博士,7,離婚,4
111,,17,林口區,60~64歲,60,64,不相關,0.0,女,國中,2,喪偶,110
111,,17,林口區,60~64歲,60,64,不相關,0.0,女,國中,2,有偶,535
111,,17,林口區,60~64歲,60,64,不相關,0.0,女,國中,2,未婚,36
111,,17,林口區,60~64歲,60,64,不相關,0.0,女,國中,2,離婚,150
111,,17,林口區,60~64歲,60,64,不相關,0.0,女,國小以下,1,喪偶,83
111,,17,林口區,60~64歲,60,64,不相關,0.0,女,國小以下,1,有偶,336
111,,17,林口區,60~64歲,60,64,不相關,0.0,女,國小以下,1,未婚,15
111,,17,林口區,60~64歲,60,64,不相關,0.0,女,國小以下,1,離婚,72
111,,17,林口區,60~64歲,60,64,不相關,0.0,女,大學,5,喪偶,34
111,,17,林口區,60~64歲,60,64,不相關,0.0,女,大學,5,有偶,416
111,,17,林口區,60~64歲,60,64,不相關,0.0,女,大學,5,未婚,79
111,,17,林口區,60~64歲,60,64,不相關,0.0,女,大學,5,離婚,95
111,,17,林口區,60~64歲,60,64,不相關,0.0,女,專科,4,喪偶,32
111,,17,林口區,60~64歲,60,64,不相關,0.0,女,專科,4,有偶,363
111,,17,林口區,60~64歲,60,64,不相關,0.0,女,專科,4,未婚,48
111,,17,林口區,60~64歲,60,64,不相關,0.0,女,專科,4,離婚,79
111,,17,林口區,60~64歲,60,64,不相關,0.0,女,碩士,6,喪偶,10
111,,17,林口區,60~64歲,60,64,不相關,0.0,女,碩士,6,有偶,107
111,,17,林口區,60~64歲,60,64,不相關,0.0,女,碩士,6,未婚,30
111,,17,林口區,60~64歲,60,64,不相關,0.0,女,碩士,6,離婚,20
111,,17,林口區,60~64歲,60,64,不相關,0.0,女,高中職,3,喪偶,123
111,,17,林口區,60~64歲,60,64,不相關,0.0,女,高中職,3,有偶,936
111,,17,林口區,60~64歲,60,64,不相關,0.0,女,高中職,3,未婚,97
111,,17,林口區,60~64歲,60,64,不相關,0.0,女,高中職,3,離婚,247
111,,17,林口區,60~64歲,60,64,不相關,0.0,男,博士,7,喪偶,3
111,,17,林口區,60~64歲,60,64,不相關,0.0,男,博士,7,有偶,73
111,,17,林口區,60~64歲,60,64,不相關,0.0,男,博士,7,未婚,4
111,,17,林口區,60~64歲,60,64,不相關,0.0,男,博士,7,離婚,7
111,,17,林口區,60~64歲,60,64,不相關,0.0,男,國中,2,喪偶,19
111,,17,林口區,60~64歲,60,64,不相關,0.0,男,國中,2,有偶,612
111,,17,林口區,60~64歲,60,64,不相關,0.0,男,國中,2,未婚,49
111,,17,林口區,60~64歲,60,64,不相關,0.0,男,國中,2,離婚,126
111,,17,林口區,60~64歲,60,64,不相關,0.0,男,國小以下,1,喪偶,12
111,,17,林口區,60~64歲,60,64,不相關,0.0,男,國小以下,1,有偶,157
111,,17,林口區,60~64歲,60,64,不相關,0.0,男,國小以下,1,未婚,25
111,,17,林口區,60~64歲,60,64,不相關,0.0,男,國小以下,1,離婚,32
111,,17,林口區,60~64歲,60,64,不相關,0.0,男,大學,5,喪偶,15
111,,17,林口區,60~64歲,60,64,不相關,0.0,男,大學,5,有偶,559
111,,17,林口區,60~64歲,60,64,不相關,0.0,男,大學,5,未婚,28
111,,17,林口區,60~64歲,60,64,不相關,0.0,男,大學,5,離婚,59
111,,17,林口區,60~64歲,60,64,不相關,0.0,男,專科,4,喪偶,15
111,,17,林口區,60~64歲,60,64,不相關,0.0,男,專科,4,有偶,479
111,,17,林口區,60~64歲,60,64,不相關,0.0,男,專科,4,未婚,25
111,,17,林口區,60~64歲,60,64,不相關,0.0,男,專科,4,離婚,80
111,,17,林口區,60~64歲,60,64,不相關,0.0,男,碩士,6,喪偶,3
111,,17,林口區,60~64歲,60,64,不相關,0.0,男,碩士,6,有偶,250
111,,17,林口區,60~64歲,60,64,不相關,0.0,男,碩士,6,未婚,7
111,,17,林口區,60~64歲,60,64,不相關,0.0,男,碩士,6,離婚,26
111,,17,林口區,60~64歲,60,64,不相關,0.0,男,高中職,3,喪偶,12
111,,17,林口區,60~64歲,60,64,不相關,0.0,男,高中職,3,有偶,777
111,,17,林口區,60~64歲,60,64,不相關,0.0,男,高中職,3,未婚,62
111,,17,林口區,60~64歲,60,64,不相關,0.0,男,高中職,3,離婚,162
111,,17,林口區,65~69歲,65,69,不相關,0.0,女,博士,7,喪偶,0
111,,17,林口區,65~69歲,65,69,不相關,0.0,女,博士,7,有偶,5
111,,17,林口區,65~69歲,65,69,不相關,0.0,女,博士,7,未婚,5
111,,17,林口區,65~69歲,65,69,不相關,0.0,女,博士,7,離婚,4
111,,17,林口區,65~69歲,65,69,不相關,0.0,女,國中,2,喪偶,104
111,,17,林口區,65~69歲,65,69,不相關,0.0,女,國中,2,有偶,341
111,,17,林口區,65~69歲,65,69,不相關,0.0,女,國中,2,未婚,23
111,,17,林口區,65~69歲,65,69,不相關,0.0,女,國中,2,離婚,95
111,,17,林口區,65~69歲,65,69,不相關,0.0,女,國小以下,1,喪偶,236
111,,17,林口區,65~69歲,65,69,不相關,0.0,女,國小以下,1,有偶,566
111,,17,林口區,65~69歲,65,69,不相關,0.0,女,國小以下,1,未婚,33
111,,17,林口區,65~69歲,65,69,不相關,0.0,女,國小以下,1,離婚,128
111,,17,林口區,65~69歲,65,69,不相關,0.0,女,大學,5,喪偶,34
111,,17,林口區,65~69歲,65,69,不相關,0.0,女,大學,5,有偶,291
111,,17,林口區,65~69歲,65,69,不相關,0.0,女,大學,5,未婚,48
111,,17,林口區,65~69歲,65,69,不相關,0.0,女,大學,5,離婚,52
111,,17,林口區,65~69歲,65,69,不相關,0.0,女,專科,4,喪偶,29
111,,17,林口區,65~69歲,65,69,不相關,0.0,女,專科,4,有偶,244
111,,17,林口區,65~69歲,65,69,不相關,0.0,女,專科,4,未婚,28
111,,17,林口區,65~69歲,65,69,不相關,0.0,女,專科,4,離婚,64
111,,17,林口區,65~69歲,65,69,不相關,0.0,女,碩士,6,喪偶,7
111,,17,林口區,65~69歲,65,69,不相關,0.0,女,碩士,6,有偶,56
111,,17,林口區,65~69歲,65,69,不相關,0.0,女,碩士,6,未婚,9
111,,17,林口區,65~69歲,65,69,不相關,0.0,女,碩士,6,離婚,14
111,,17,林口區,65~69歲,65,69,不相關,0.0,女,高中職,3,喪偶,128
111,,17,林口區,65~69歲,65,69,不相關,0.0,女,高中職,3,有偶,638
111,,17,林口區,65~69歲,65,69,不相關,0.0,女,高中職,3,未婚,83
111,,17,林口區,65~69歲,65,69,不相關,0.0,女,高中職,3,離婚,156
111,,17,林口區,65~69歲,65,69,不相關,0.0,男,博士,7,喪偶,3
111,,17,林口區,65~69歲,65,69,不相關,0.0,男,博士,7,有偶,39
111,,17,林口區,65~69歲,65,69,不相關,0.0,男,博士,7,未婚,0
111,,17,林口區,65~69歲,65,69,不相關,0.0,男,博士,7,離婚,7
111,,17,林口區,65~69歲,65,69,不相關,0.0,男,國中,2,喪偶,25
111,,17,林口區,65~69歲,65,69,不相關,0.0,男,國中,2,有偶,384
111,,17,林口區,65~69歲,65,69,不相關,0.0,男,國中,2,未婚,19
111,,17,林口區,65~69歲,65,69,不相關,0.0,男,國中,2,離婚,71
111,,17,林口區,65~69歲,65,69,不相關,0.0,男,國小以下,1,喪偶,26
111,,17,林口區,65~69歲,65,69,不相關,0.0,男,國小以下,1,有偶,361
111,,17,林口區,65~69歲,65,69,不相關,0.0,男,國小以下,1,未婚,15
111,,17,林口區,65~69歲,65,69,不相關,0.0,男,國小以下,1,離婚,55
111,,17,林口區,65~69歲,65,69,不相關,0.0,男,大學,5,喪偶,14
111,,17,林口區,65~69歲,65,69,不相關,0.0,男,大學,5,有偶,416
111,,17,林口區,65~69歲,65,69,不相關,0.0,男,大學,5,未婚,19
111,,17,林口區,65~69歲,65,69,不相關,0.0,男,大學,5,離婚,69
111,,17,林口區,65~69歲,65,69,不相關,0.0,男,專科,4,喪偶,10
111,,17,林口區,65~69歲,65,69,不相關,0.0,男,專科,4,有偶,350
111,,17,林口區,65~69歲,65,69,不相關,0.0,男,專科,4,未婚,5
111,,17,林口區,65~69歲,65,69,不相關,0.0,男,專科,4,離婚,51
111,,17,林口區,65~69歲,65,69,不相關,0.0,男,碩士,6,喪偶,5
111,,17,林口區,65~69歲,65,69,不相關,0.0,男,碩士,6,有偶,139
111,,17,林口區,65~69歲,65,69,不相關,0.0,男,碩士,6,未婚,4
111,,17,林口區,65~69歲,65,69,不相關,0.0,男,碩士,6,離婚,13
111,,17,林口區,65~69歲,65,69,不相關,0.0,男,高中職,3,喪偶,28
111,,17,林口區,65~69歲,65,69,不相關,0.0,男,高中職,3,有偶,614
111,,17,林口區,65~69歲,65,69,不相關,0.0,男,高中職,3,未婚,24
111,,17,林口區,65~69歲,65,69,不相關,0.0,男,高中職,3,離婚,102
111,,17,林口區,70~74歲,70,74,不相關,0.0,女,博士,7,喪偶,0
111,,17,林口區,70~74歲,70,74,不相關,0.0,女,博士,7,有偶,3
111,,17,林口區,70~74歲,70,74,不相關,0.0,女,博士,7,未婚,1
111,,17,林口區,70~74歲,70,74,不相關,0.0,女,博士,7,離婚,2
111,,17,林口區,70~74歲,70,74,不相關,0.0,女,國中,2,喪偶,88
111,,17,林口區,70~74歲,70,74,不相關,0.0,女,國中,2,有偶,149
111,,17,林口區,70~74歲,70,74,不相關,0.0,女,國中,2,未婚,16
111,,17,林口區,70~74歲,70,74,不相關,0.0,女,國中,2,離婚,41
111,,17,林口區,70~74歲,70,74,不相關,0.0,女,國小以下,1,喪偶,394
111,,17,林口區,70~74歲,70,74,不相關,0.0,女,國小以下,1,有偶,483
111,,17,林口區,70~74歲,70,74,不相關,0.0,女,國小以下,1,未婚,37
111,,17,林口區,70~74歲,70,74,不相關,0.0,女,國小以下,1,離婚,107
111,,17,林口區,70~74歲,70,74,不相關,0.0,女,大學,5,喪偶,47
111,,17,林口區,70~74歲,70,74,不相關,0.0,女,大學,5,有偶,232
111,,17,林口區,70~74歲,70,74,不相關,0.0,女,大學,5,未婚,27
111,,17,林口區,70~74歲,70,74,不相關,0.0,女,大學,5,離婚,33
111,,17,林口區,70~74歲,70,74,不相關,0.0,女,專科,4,喪偶,30
111,,17,林口區,70~74歲,70,74,不相關,0.0,女,專科,4,有偶,132
111,,17,林口區,70~74歲,70,74,不相關,0.0,女,專科,4,未婚,20
111,,17,林口區,70~74歲,70,74,不相關,0.0,女,專科,4,離婚,33
111,,17,林口區,70~74歲,70,74,不相關,0.0,女,碩士,6,喪偶,0
111,,17,林口區,70~74歲,70,74,不相關,0.0,女,碩士,6,有偶,21
111,,17,林口區,70~74歲,70,74,不相關,0.0,女,碩士,6,未婚,6
111,,17,林口區,70~74歲,70,74,不相關,0.0,女,碩士,6,離婚,8
111,,17,林口區,70~74歲,70,74,不相關,0.0,女,高中職,3,喪偶,112
111,,17,林口區,70~74歲,70,74,不相關,0.0,女,高中職,3,有偶,310
111,,17,林口區,70~74歲,70,74,不相關,0.0,女,高中職,3,未婚,31
111,,17,林口區,70~74歲,70,74,不相關,0.0,女,高中職,3,離婚,77
111,,17,林口區,70~74歲,70,74,不相關,0.0,男,博士,7,喪偶,0
111,,17,林口區,70~74歲,70,74,不相關,0.0,男,博士,7,有偶,39
111,,17,林口區,70~74歲,70,74,不相關,0.0,男,博士,7,未婚,1
111,,17,林口區,70~74歲,70,74,不相關,0.0,男,博士,7,離婚,1
111,,17,林口區,70~74歲,70,74,不相關,0.0,男,國中,2,喪偶,20
111,,17,林口區,70~74歲,70,74,不相關,0.0,男,國中,2,有偶,178
111,,17,林口區,70~74歲,70,74,不相關,0.0,男,國中,2,未婚,10
111,,17,林口區,70~74歲,70,74,不相關,0.0,男,國中,2,離婚,36
111,,17,林口區,70~74歲,70,74,不相關,0.0,男,國小以下,1,喪偶,50
111,,17,林口區,70~74歲,70,74,不相關,0.0,男,國小以下,1,有偶,411
111,,17,林口區,70~74歲,70,74,不相關,0.0,男,國小以下,1,未婚,17
111,,17,林口區,70~74歲,70,74,不相關,0.0,男,國小以下,1,離婚,59
111,,17,林口區,70~74歲,70,74,不相關,0.0,男,大學,5,喪偶,17
111,,17,林口區,70~74歲,70,74,不相關,0.0,男,大學,5,有偶,367
111,,17,林口區,70~74歲,70,74,不相關,0.0,男,大學,5,未婚,9
111,,17,林口區,70~74歲,70,74,不相關,0.0,男,大學,5,離婚,47
111,,17,林口區,70~74歲,70,74,不相關,0.0,男,專科,4,喪偶,10
111,,17,林口區,70~74歲,70,74,不相關,0.0,男,專科,4,有偶,232
111,,17,林口區,70~74歲,70,74,不相關,0.0,男,專科,4,未婚,2
111,,17,林口區,70~74歲,70,74,不相關,0.0,男,專科,4,離婚,32
111,,17,林口區,70~74歲,70,74,不相關,0.0,男,碩士,6,喪偶,6
111,,17,林口區,70~74歲,70,74,不相關,0.0,男,碩士,6,有偶,84
111,,17,林口區,70~74歲,70,74,不相關,0.0,男,碩士,6,未婚,3
111,,17,林口區,70~74歲,70,74,不相關,0.0,男,碩士,6,離婚,8
111,,17,林口區,70~74歲,70,74,不相關,0.0,男,高中職,3,喪偶,39
111,,17,林口區,70~74歲,70,74,不相關,0.0,男,高中職,3,有偶,344
111,,17,林口區,70~74歲,70,74,不相關,0.0,男,高中職,3,未婚,8
111,,17,林口區,70~74歲,70,74,不相關,0.0,男,高中職,3,離婚,59
111,,17,林口區,75~79歲,75,79,不相關,0.0,女,博士,7,喪偶,2
111,,17,林口區,75~79歲,75,79,不相關,0.0,女,博士,7,有偶,2
111,,17,林口區,75~79歲,75,79,不相關,0.0,女,博士,7,未婚,0
111,,17,林口區,75~79歲,75,79,不相關,0.0,女,博士,7,離婚,0
111,,17,林口區,75~79歲,75,79,不相關,0.0,女,國中,2,喪偶,76
111,,17,林口區,75~79歲,75,79,不相關,0.0,女,國中,2,有偶,71
111,,17,林口區,75~79歲,75,79,不相關,0.0,女,國中,2,未婚,4
111,,17,林口區,75~79歲,75,79,不相關,0.0,女,國中,2,離婚,14
111,,17,林口區,75~79歲,75,79,不相關,0.0,女,國小以下,1,喪偶,364
111,,17,林口區,75~79歲,75,79,不相關,0.0,女,國小以下,1,有偶,215
111,,17,林口區,75~79歲,75,79,不相關,0.0,女,國小以下,1,未婚,10
111,,17,林口區,75~79歲,75,79,不相關,0.0,女,國小以下,1,離婚,43
111,,17,林口區,75~79歲,75,79,不相關,0.0,女,大學,5,喪偶,27
111,,17,林口區,75~79歲,75,79,不相關,0.0,女,大學,5,有偶,64
111,,17,林口區,75~79歲,75,79,不相關,0.0,女,大學,5,未婚,10
111,,17,林口區,75~79歲,75,79,不相關,0.0,女,大學,5,離婚,10
111,,17,林口區,75~79歲,75,79,不相關,0.0,女,專科,4,喪偶,22
111,,17,林口區,75~79歲,75,79,不相關,0.0,女,專科,4,有偶,42
111,,17,林口區,75~79歲,75,79,不相關,0.0,女,專科,4,未婚,4
111,,17,林口區,75~79歲,75,79,不相關,0.0,女,專科,4,離婚,6
111,,17,林口區,75~79歲,75,79,不相關,0.0,女,碩士,6,喪偶,5
111,,17,林口區,75~79歲,75,79,不相關,0.0,女,碩士,6,有偶,11
111,,17,林口區,75~79歲,75,79,不相關,0.0,女,碩士,6,未婚,6
111,,17,林口區,75~79歲,75,79,不相關,0.0,女,碩士,6,離婚,0
111,,17,林口區,75~79歲,75,79,不相關,0.0,女,高中職,3,喪偶,74
111,,17,林口區,75~79歲,75,79,不相關,0.0,女,高中職,3,有偶,108
111,,17,林口區,75~79歲,75,79,不相關,0.0,女,高中職,3,未婚,11
111,,17,林口區,75~79歲,75,79,不相關,0.0,女,高中職,3,離婚,26
111,,17,林口區,75~79歲,75,79,不相關,0.0,男,博士,7,喪偶,0
111,,17,林口區,75~79歲,75,79,不相關,0.0,男,博士,7,有偶,10
111,,17,林口區,75~79歲,75,79,不相關,0.0,男,博士,7,未婚,1
111,,17,林口區,75~79歲,75,79,不相關,0.0,男,博士,7,離婚,3
111,,17,林口區,75~79歲,75,79,不相關,0.0,男,國中,2,喪偶,10
111,,17,林口區,75~79歲,75,79,不相關,0.0,男,國中,2,有偶,83
111,,17,林口區,75~79歲,75,79,不相關,0.0,男,國中,2,未婚,1
111,,17,林口區,75~79歲,75,79,不相關,0.0,男,國中,2,離婚,9
111,,17,林口區,75~79歲,75,79,不相關,0.0,男,國小以下,1,喪偶,45
111,,17,林口區,75~79歲,75,79,不相關,0.0,男,國小以下,1,有偶,271
111,,17,林口區,75~79歲,75,79,不相關,0.0,男,國小以下,1,未婚,3
111,,17,林口區,75~79歲,75,79,不相關,0.0,男,國小以下,1,離婚,22
111,,17,林口區,75~79歲,75,79,不相關,0.0,男,大學,5,喪偶,12
111,,17,林口區,75~79歲,75,79,不相關,0.0,男,大學,5,有偶,221
111,,17,林口區,75~79歲,75,79,不相關,0.0,男,大學,5,未婚,8
111,,17,林口區,75~79歲,75,79,不相關,0.0,男,大學,5,離婚,23
111,,17,林口區,75~79歲,75,79,不相關,0.0,男,專科,4,喪偶,4
111,,17,林口區,75~79歲,75,79,不相關,0.0,男,專科,4,有偶,63
111,,17,林口區,75~79歲,75,79,不相關,0.0,男,專科,4,未婚,0
111,,17,林口區,75~79歲,75,79,不相關,0.0,男,專科,4,離婚,13
111,,17,林口區,75~79歲,75,79,不相關,0.0,男,碩士,6,喪偶,1
111,,17,林口區,75~79歲,75,79,不相關,0.0,男,碩士,6,有偶,52
111,,17,林口區,75~79歲,75,79,不相關,0.0,男,碩士,6,未婚,4
111,,17,林口區,75~79歲,75,79,不相關,0.0,男,碩士,6,離婚,3
111,,17,林口區,75~79歲,75,79,不相關,0.0,男,高中職,3,喪偶,22
111,,17,林口區,75~79歲,75,79,不相關,0.0,男,高中職,3,有偶,142
111,,17,林口區,75~79歲,75,79,不相關,0.0,男,高中職,3,未婚,5
111,,17,林口區,75~79歲,75,79,不相關,0.0,男,高中職,3,離婚,14
111,,17,林口區,80~84歲,80,84,不相關,0.0,女,博士,7,喪偶,0
111,,17,林口區,80~84歲,80,84,不相關,0.0,女,博士,7,有偶,0
111,,17,林口區,80~84歲,80,84,不相關,0.0,女,博士,7,未婚,0
111,,17,林口區,80~84歲,80,84,不相關,0.0,女,博士,7,離婚,0
111,,17,林口區,80~84歲,80,84,不相關,0.0,女,國中,2,喪偶,61
111,,17,林口區,80~84歲,80,84,不相關,0.0,女,國中,2,有偶,34
111,,17,林口區,80~84歲,80,84,不相關,0.0,女,國中,2,未婚,3
111,,17,林口區,80~84歲,80,84,不相關,0.0,女,國中,2,離婚,4
111,,17,林口區,80~84歲,80,84,不相關,0.0,女,國小以下,1,喪偶,408
111,,17,林口區,80~84歲,80,84,不相關,0.0,女,國小以下,1,有偶,137
111,,17,林口區,80~84歲,80,84,不相關,0.0,女,國小以下,1,未婚,11
111,,17,林口區,80~84歲,80,84,不相關,0.0,女,國小以下,1,離婚,19
111,,17,林口區,80~84歲,80,84,不相關,0.0,女,大學,5,喪偶,18
111,,17,林口區,80~84歲,80,84,不相關,0.0,女,大學,5,有偶,24
111,,17,林口區,80~84歲,80,84,不相關,0.0,女,大學,5,未婚,1
111,,17,林口區,80~84歲,80,84,不相關,0.0,女,大學,5,離婚,4
111,,17,林口區,80~84歲,80,84,不相關,0.0,女,專科,4,喪偶,14
111,,17,林口區,80~84歲,80,84,不相關,0.0,女,專科,4,有偶,8
111,,17,林口區,80~84歲,80,84,不相關,0.0,女,專科,4,未婚,1
111,,17,林口區,80~84歲,80,84,不相關,0.0,女,專科,4,離婚,2
111,,17,林口區,80~84歲,80,84,不相關,0.0,女,碩士,6,喪偶,0
111,,17,林口區,80~84歲,80,84,不相關,0.0,女,碩士,6,有偶,4
111,,17,林口區,80~84歲,80,84,不相關,0.0,女,碩士,6,未婚,0
111,,17,林口區,80~84歲,80,84,不相關,0.0,女,碩士,6,離婚,1
111,,17,林口區,80~84歲,80,84,不相關,0.0,女,高中職,3,喪偶,50
111,,17,林口區,80~84歲,80,84,不相關,0.0,女,高中職,3,有偶,36
111,,17,林口區,80~84歲,80,84,不相關,0.0,女,高中職,3,未婚,4
111,,17,林口區,80~84歲,80,84,不相關,0.0,女,高中職,3,離婚,4
111,,17,林口區,80~84歲,80,84,不相關,0.0,男,博士,7,喪偶,0
111,,17,林口區,80~84歲,80,84,不相關,0.0,男,博士,7,有偶,4
111,,17,林口區,80~84歲,80,84,不相關,0.0,男,博士,7,未婚,0
111,,17,林口區,80~84歲,80,84,不相關,0.0,男,博士,7,離婚,0
111,,17,林口區,80~84歲,80,84,不相關,0.0,男,國中,2,喪偶,7
111,,17,林口區,80~84歲,80,84,不相關,0.0,男,國中,2,有偶,51
111,,17,林口區,80~84歲,80,84,不相關,0.0,男,國中,2,未婚,0
111,,17,林口區,80~84歲,80,84,不相關,0.0,男,國中,2,離婚,4
111,,17,林口區,80~84歲,80,84,不相關,0.0,男,國小以下,1,喪偶,54
111,,17,林口區,80~84歲,80,84,不相關,0.0,男,國小以下,1,有偶,209
111,,17,林口區,80~84歲,80,84,不相關,0.0,男,國小以下,1,未婚,9
111,,17,林口區,80~84歲,80,84,不相關,0.0,男,國小以下,1,離婚,16
111,,17,林口區,80~84歲,80,84,不相關,0.0,男,大學,5,喪偶,12
111,,17,林口區,80~84歲,80,84,不相關,0.0,男,大學,5,有偶,95
111,,17,林口區,80~84歲,80,84,不相關,0.0,男,大學,5,未婚,0
111,,17,林口區,80~84歲,80,84,不相關,0.0,男,大學,5,離婚,8
111,,17,林口區,80~84歲,80,84,不相關,0.0,男,專科,4,喪偶,3
111,,17,林口區,80~84歲,80,84,不相關,0.0,男,專科,4,有偶,29
111,,17,林口區,80~84歲,80,84,不相關,0.0,男,專科,4,未婚,0
111,,17,林口區,80~84歲,80,84,不相關,0.0,男,專科,4,離婚,1
111,,17,林口區,80~84歲,80,84,不相關,0.0,男,碩士,6,喪偶,3
111,,17,林口區,80~84歲,80,84,不相關,0.0,男,碩士,6,有偶,20
111,,17,林口區,80~84歲,80,84,不相關,0.0,男,碩士,6,未婚,1
111,,17,林口區,80~84歲,80,84,不相關,0.0,男,碩士,6,離婚,1
111,,17,林口區,80~84歲,80,84,不相關,0.0,男,高中職,3,喪偶,20
111,,17,林口區,80~84歲,80,84,不相關,0.0,男,高中職,3,有偶,108
111,,17,林口區,80~84歲,80,84,不相關,0.0,男,高中職,3,未婚,0
111,,17,林口區,80~84歲,80,84,不相關,0.0,男,高中職,3,離婚,5
111,,17,林口區,85~89歲,85,89,不相關,0.0,女,博士,7,喪偶,0
111,,17,林口區,85~89歲,85,89,不相關,0.0,女,博士,7,有偶,0
111,,17,林口區,85~89歲,85,89,不相關,0.0,女,博士,7,未婚,0
111,,17,林口區,85~89歲,85,89,不相關,0.0,女,博士,7,離婚,0
111,,17,林口區,85~89歲,85,89,不相關,0.0,女,國中,2,喪偶,40
111,,17,林口區,85~89歲,85,89,不相關,0.0,女,國中,2,有偶,7
111,,17,林口區,85~89歲,85,89,不相關,0.0,女,國中,2,未婚,0
111,,17,林口區,85~89歲,85,89,不相關,0.0,女,國中,2,離婚,1
111,,17,林口區,85~89歲,85,89,不相關,0.0,女,國小以下,1,喪偶,266
111,,17,林口區,85~89歲,85,89,不相關,0.0,女,國小以下,1,有偶,55
111,,17,林口區,85~89歲,85,89,不相關,0.0,女,國小以下,1,未婚,8
111,,17,林口區,85~89歲,85,89,不相關,0.0,女,國小以下,1,離婚,12
111,,17,林口區,85~89歲,85,89,不相關,0.0,女,大學,5,喪偶,8
111,,17,林口區,85~89歲,85,89,不相關,0.0,女,大學,5,有偶,3
111,,17,林口區,85~89歲,85,89,不相關,0.0,女,大學,5,未婚,0
111,,17,林口區,85~89歲,85,89,不相關,0.0,女,大學,5,離婚,1
111,,17,林口區,85~89歲,85,89,不相關,0.0,女,專科,4,喪偶,10
111,,17,林口區,85~89歲,85,89,不相關,0.0,女,專科,4,有偶,1
111,,17,林口區,85~89歲,85,89,不相關,0.0,女,專科,4,未婚,0
111,,17,林口區,85~89歲,85,89,不相關,0.0,女,專科,4,離婚,1
111,,17,林口區,85~89歲,85,89,不相關,0.0,女,碩士,6,喪偶,0
111,,17,林口區,85~89歲,85,89,不相關,0.0,女,碩士,6,有偶,0
111,,17,林口區,85~89歲,85,89,不相關,0.0,女,碩士,6,未婚,0
111,,17,林口區,85~89歲,85,89,不相關,0.0,女,碩士,6,離婚,0
111,,17,林口區,85~89歲,85,89,不相關,0.0,女,高中職,3,喪偶,22
111,,17,林口區,85~89歲,85,89,不相關,0.0,女,高中職,3,有偶,12
111,,17,林口區,85~89歲,85,89,不相關,0.0,女,高中職,3,未婚,1
111,,17,林口區,85~89歲,85,89,不相關,0.0,女,高中職,3,離婚,4
111,,17,林口區,85~89歲,85,89,不相關,0.0,男,博士,7,喪偶,0
111,,17,林口區,85~89歲,85,89,不相關,0.0,男,博士,7,有偶,2
111,,17,林口區,85~89歲,85,89,不相關,0.0,男,博士,7,未婚,0
111,,17,林口區,85~89歲,85,89,不相關,0.0,男,博士,7,離婚,0
111,,17,林口區,85~89歲,85,89,不相關,0.0,男,國中,2,喪偶,8
111,,17,林口區,85~89歲,85,89,不相關,0.0,男,國中,2,有偶,21
111,,17,林口區,85~89歲,85,89,不相關,0.0,男,國中,2,未婚,0
111,,17,林口區,85~89歲,85,89,不相關,0.0,男,國中,2,離婚,0
111,,17,林口區,85~89歲,85,89,不相關,0.0,男,國小以下,1,喪偶,56
111,,17,林口區,85~89歲,85,89,不相關,0.0,男,國小以下,1,有偶,88
111,,17,林口區,85~89歲,85,89,不相關,0.0,男,國小以下,1,未婚,3
111,,17,林口區,85~89歲,85,89,不相關,0.0,男,國小以下,1,離婚,2
111,,17,林口區,85~89歲,85,89,不相關,0.0,男,大學,5,喪偶,6
111,,17,林口區,85~89歲,85,89,不相關,0.0,男,大學,5,有偶,36
111,,17,林口區,85~89歲,85,89,不相關,0.0,男,大學,5,未婚,1
111,,17,林口區,85~89歲,85,89,不相關,0.0,男,大學,5,離婚,1
111,,17,林口區,85~89歲,85,89,不相關,0.0,男,專科,4,喪偶,4
111,,17,林口區,85~89歲,85,89,不相關,0.0,男,專科,4,有偶,5
111,,17,林口區,85~89歲,85,89,不相關,0.0,男,專科,4,未婚,0
111,,17,林口區,85~89歲,85,89,不相關,0.0,男,專科,4,離婚,2
111,,17,林口區,85~89歲,85,89,不相關,0.0,男,碩士,6,喪偶,1
111,,17,林口區,85~89歲,85,89,不相關,0.0,男,碩士,6,有偶,2
111,,17,林口區,85~89歲,85,89,不相關,0.0,男,碩士,6,未婚,0
111,,17,林口區,85~89歲,85,89,不相關,0.0,男,碩士,6,離婚,0
111,,17,林口區,85~89歲,85,89,不相關,0.0,男,高中職,3,喪偶,12
111,,17,林口區,85~89歲,85,89,不相關,0.0,男,高中職,3,有偶,29
111,,17,林口區,85~89歲,85,89,不相關,0.0,男,高中職,3,未婚,0
111,,17,林口區,85~89歲,85,89,不相關,0.0,男,高中職,3,離婚,1
111,,17,林口區,90~94歲,90,94,不相關,0.0,女,博士,7,喪偶,0
111,,17,林口區,90~94歲,90,94,不相關,0.0,女,博士,7,有偶,0
111,,17,林口區,90~94歲,90,94,不相關,0.0,女,博士,7,未婚,0
111,,17,林口區,90~94歲,90,94,不相關,0.0,女,博士,7,離婚,0
111,,17,林口區,90~94歲,90,94,不相關,0.0,女,國中,2,喪偶,25
111,,17,林口區,90~94歲,90,94,不相關,0.0,女,國中,2,有偶,3
111,,17,林口區,90~94歲,90,94,不相關,0.0,女,國中,2,未婚,0
111,,17,林口區,90~94歲,90,94,不相關,0.0,女,國中,2,離婚,1
111,,17,林口區,90~94歲,90,94,不相關,0.0,女,國小以下,1,喪偶,134
111,,17,林口區,90~94歲,90,94,不相關,0.0,女,國小以下,1,有偶,11
111,,17,林口區,90~94歲,90,94,不相關,0.0,女,國小以下,1,未婚,11
111,,17,林口區,90~94歲,90,94,不相關,0.0,女,國小以下,1,離婚,5
111,,17,林口區,90~94歲,90,94,不相關,0.0,女,大學,5,喪偶,3
111,,17,林口區,90~94歲,90,94,不相關,0.0,女,大學,5,有偶,1
111,,17,林口區,90~94歲,90,94,不相關,0.0,女,大學,5,未婚,0
111,,17,林口區,90~94歲,90,94,不相關,0.0,女,大學,5,離婚,0
111,,17,林口區,90~94歲,90,94,不相關,0.0,女,專科,4,喪偶,5
111,,17,林口區,90~94歲,90,94,不相關,0.0,女,專科,4,有偶,1
111,,17,林口區,90~94歲,90,94,不相關,0.0,女,專科,4,未婚,0
111,,17,林口區,90~94歲,90,94,不相關,0.0,女,專科,4,離婚,0
111,,17,林口區,90~94歲,90,94,不相關,0.0,女,碩士,6,喪偶,0
111,,17,林口區,90~94歲,90,94,不相關,0.0,女,碩士,6,有偶,0
111,,17,林口區,90~94歲,90,94,不相關,0.0,女,碩士,6,未婚,0
111,,17,林口區,90~94歲,90,94,不相關,0.0,女,碩士,6,離婚,0
111,,17,林口區,90~94歲,90,94,不相關,0.0,女,高中職,3,喪偶,21
111,,17,林口區,90~94歲,90,94,不相關,0.0,女,高中職,3,有偶,2
111,,17,林口區,90~94歲,90,94,不相關,0.0,女,高中職,3,未婚,1
111,,17,林口區,90~94歲,90,94,不相關,0.0,女,高中職,3,離婚,2
111,,17,林口區,90~94歲,90,94,不相關,0.0,男,博士,7,喪偶,0
111,,17,林口區,90~94歲,90,94,不相關,0.0,男,博士,7,有偶,0
111,,17,林口區,90~94歲,90,94,不相關,0.0,男,博士,7,未婚,0
111,,17,林口區,90~94歲,90,94,不相關,0.0,男,博士,7,離婚,0
111,,17,林口區,90~94歲,90,94,不相關,0.0,男,國中,2,喪偶,9
111,,17,林口區,90~94歲,90,94,不相關,0.0,男,國中,2,有偶,13
111,,17,林口區,90~94歲,90,94,不相關,0.0,男,國中,2,未婚,1
111,,17,林口區,90~94歲,90,94,不相關,0.0,男,國中,2,離婚,1
111,,17,林口區,90~94歲,90,94,不相關,0.0,男,國小以下,1,喪偶,30
111,,17,林口區,90~94歲,90,94,不相關,0.0,男,國小以下,1,有偶,34
111,,17,林口區,90~94歲,90,94,不相關,0.0,男,國小以下,1,未婚,3
111,,17,林口區,90~94歲,90,94,不相關,0.0,男,國小以下,1,離婚,1
111,,17,林口區,90~94歲,90,94,不相關,0.0,男,大學,5,喪偶,9
111,,17,林口區,90~94歲,90,94,不相關,0.0,男,大學,5,有偶,16
111,,17,林口區,90~94歲,90,94,不相關,0.0,男,大學,5,未婚,0
111,,17,林口區,90~94歲,90,94,不相關,0.0,男,大學,5,離婚,1
111,,17,林口區,90~94歲,90,94,不相關,0.0,男,專科,4,喪偶,4
111,,17,林口區,90~94歲,90,94,不相關,0.0,男,專科,4,有偶,11
111,,17,林口區,90~94歲,90,94,不相關,0.0,男,專科,4,未婚,1
111,,17,林口區,90~94歲,90,94,不相關,0.0,男,專科,4,離婚,1
111,,17,林口區,90~94歲,90,94,不相關,0.0,男,碩士,6,喪偶,0
111,,17,林口區,90~94歲,90,94,不相關,0.0,男,碩士,6,有偶,3
111,,17,林口區,90~94歲,90,94,不相關,0.0,男,碩士,6,未婚,0
111,,17,林口區,90~94歲,90,94,不相關,0.0,男,碩士,6,離婚,0
111,,17,林口區,90~94歲,90,94,不相關,0.0,男,高中職,3,喪偶,7
111,,17,林口區,90~94歲,90,94,不相關,0.0,男,高中職,3,有偶,11
111,,17,林口區,90~94歲,90,94,不相關,0.0,男,高中職,3,未婚,0
111,,17,林口區,90~94歲,90,94,不相關,0.0,男,高中職,3,離婚,2
111,,17,林口區,95~99歲,95,99,不相關,0.0,女,博士,7,喪偶,0
111,,17,林口區,95~99歲,95,99,不相關,0.0,女,博士,7,有偶,0
111,,17,林口區,95~99歲,95,99,不相關,0.0,女,博士,7,未婚,0
111,,17,林口區,95~99歲,95,99,不相關,0.0,女,博士,7,離婚,0
111,,17,林口區,95~99歲,95,99,不相關,0.0,女,國中,2,喪偶,6
111,,17,林口區,95~99歲,95,99,不相關,0.0,女,國中,2,有偶,0
111,,17,林口區,95~99歲,95,99,不相關,0.0,女,國中,2,未婚,0
111,,17,林口區,95~99歲,95,99,不相關,0.0,女,國中,2,離婚,0
111,,17,林口區,95~99歲,95,99,不相關,0.0,女,國小以下,1,喪偶,50
111,,17,林口區,95~99歲,95,99,不相關,0.0,女,國小以下,1,有偶,5
111,,17,林口區,95~99歲,95,99,不相關,0.0,女,國小以下,1,未婚,1
111,,17,林口區,95~99歲,95,99,不相關,0.0,女,國小以下,1,離婚,1
111,,17,林口區,95~99歲,95,99,不相關,0.0,女,大學,5,喪偶,4
111,,17,林口區,95~99歲,95,99,不相關,0.0,女,大學,5,有偶,0
111,,17,林口區,95~99歲,95,99,不相關,0.0,女,大學,5,未婚,0
111,,17,林口區,95~99歲,95,99,不相關,0.0,女,大學,5,離婚,0
111,,17,林口區,95~99歲,95,99,不相關,0.0,女,專科,4,喪偶,3
111,,17,林口區,95~99歲,95,99,不相關,0.0,女,專科,4,有偶,0
111,,17,林口區,95~99歲,95,99,不相關,0.0,女,專科,4,未婚,0
111,,17,林口區,95~99歲,95,99,不相關,0.0,女,專科,4,離婚,0
111,,17,林口區,95~99歲,95,99,不相關,0.0,女,碩士,6,喪偶,0
111,,17,林口區,95~99歲,95,99,不相關,0.0,女,碩士,6,有偶,0
111,,17,林口區,95~99歲,95,99,不相關,0.0,女,碩士,6,未婚,0
111,,17,林口區,95~99歲,95,99,不相關,0.0,女,碩士,6,離婚,0
111,,17,林口區,95~99歲,95,99,不相關,0.0,女,高中職,3,喪偶,9
111,,17,林口區,95~99歲,95,99,不相關,0.0,女,高中職,3,有偶,1
111,,17,林口區,95~99歲,95,99,不相關,0.0,女,高中職,3,未婚,1
111,,17,林口區,95~99歲,95,99,不相關,0.0,女,高中職,3,離婚,0
111,,17,林口區,95~99歲,95,99,不相關,0.0,男,博士,7,喪偶,0
111,,17,林口區,95~99歲,95,99,不相關,0.0,男,博士,7,有偶,0
111,,17,林口區,95~99歲,95,99,不相關,0.0,男,博士,7,未婚,0
111,,17,林口區,95~99歲,95,99,不相關,0.0,男,博士,7,離婚,0
111,,17,林口區,95~99歲,95,99,不相關,0.0,男,國中,2,喪偶,2
111,,17,林口區,95~99歲,95,99,不相關,0.0,男,國中,2,有偶,6
111,,17,林口區,95~99歲,95,99,不相關,0.0,男,國中,2,未婚,1
111,,17,林口區,95~99歲,95,99,不相關,0.0,男,國中,2,離婚,1
111,,17,林口區,95~99歲,95,99,不相關,0.0,男,國小以下,1,喪偶,12
111,,17,林口區,95~99歲,95,99,不相關,0.0,男,國小以下,1,有偶,9
111,,17,林口區,95~99歲,95,99,不相關,0.0,男,國小以下,1,未婚,2
111,,17,林口區,95~99歲,95,99,不相關,0.0,男,國小以下,1,離婚,0
111,,17,林口區,95~99歲,95,99,不相關,0.0,男,大學,5,喪偶,2
111,,17,林口區,95~99歲,95,99,不相關,0.0,男,大學,5,有偶,11
111,,17,林口區,95~99歲,95,99,不相關,0.0,男,大學,5,未婚,1
111,,17,林口區,95~99歲,95,99,不相關,0.0,男,大學,5,離婚,0
111,,17,林口區,95~99歲,95,99,不相關,0.0,男,專科,4,喪偶,3
111,,17,林口區,95~99歲,95,99,不相關,0.0,男,專科,4,有偶,2
111,,17,林口區,95~99歲,95,99,不相關,0.0,男,專科,4,未婚,0
111,,17,林口區,95~99歲,95,99,不相關,0.0,男,專科,4,離婚,0
111,,17,林口區,95~99歲,95,99,不相關,0.0,男,碩士,6,喪偶,0
111,,17,林口區,95~99歲,95,99,不相關,0.0,男,碩士,6,有偶,0
111,,17,林口區,95~99歲,95,99,不相關,0.0,男,碩士,6,未婚,0
111,,17,林口區,95~99歲,95,99,不相關,0.0,男,碩士,6,離婚,0
111,,17,林口區,95~99歲,95,99,不相關,0.0,男,高中職,3,喪偶,2
111,,17,林口區,95~99歲,95,99,不相關,0.0,男,高中職,3,有偶,5
111,,17,林口區,95~99歲,95,99,不相關,0.0,男,高中職,3,未婚,0
111,,17,林口區,95~99歲,95,99,不相關,0.0,男,高中職,3,離婚,1
111,,17,林口區,100歲以上,100,120,不相關,0.0,女,博士,7,喪偶,0
111,,17,林口區,100歲以上,100,120,不相關,0.0,女,博士,7,有偶,0
111,,17,林口區,100歲以上,100,120,不相關,0.0,女,博士,7,未婚,0
111,,17,林口區,100歲以上,100,120,不相關,0.0,女,博士,7,離婚,0
111,,17,林口區,100歲以上,100,120,不相關,0.0,女,國中,2,喪偶,2
111,,17,林口區,100歲以上,100,120,不相關,0.0,女,國中,2,有偶,0
111,,17,林口區,100歲以上,100,120,不相關,0.0,女,國中,2,未婚,0
111,,17,林口區,100歲以上,100,120,不相關,0.0,女,國中,2,離婚,0
111,,17,林口區,100歲以上,100,120,不相關,0.0,女,國小以下,1,喪偶,8
111,,17,林口區,100歲以上,100,120,不相關,0.0,女,國小以下,1,有偶,0
111,,17,林口區,100歲以上,100,120,不相關,0.0,女,國小以下,1,未婚,0
111,,17,林口區,100歲以上,100,120,不相關,0.0,女,國小以下,1,離婚,1
111,,17,林口區,100歲以上,100,120,不相關,0.0,女,大學,5,喪偶,0
111,,17,林口區,100歲以上,100,120,不相關,0.0,女,大學,5,有偶,0
111,,17,林口區,100歲以上,100,120,不相關,0.0,女,大學,5,未婚,0
111,,17,林口區,100歲以上,100,120,不相關,0.0,女,大學,5,離婚,0
111,,17,林口區,100歲以上,100,120,不相關,0.0,女,專科,4,喪偶,0
111,,17,林口區,100歲以上,100,120,不相關,0.0,女,專科,4,有偶,0
111,,17,林口區,100歲以上,100,120,不相關,0.0,女,專科,4,未婚,0
111,,17,林口區,100歲以上,100,120,不相關,0.0,女,專科,4,離婚,0
111,,17,林口區,100歲以上,100,120,不相關,0.0,女,碩士,6,喪偶,0
111,,17,林口區,100歲以上,100,120,不相關,0.0,女,碩士,6,有偶,0
111,,17,林口區,100歲以上,100,120,不相關,0.0,女,碩士,6,未婚,0
111,,17,林口區,100歲以上,100,120,不相關,0.0,女,碩士,6,離婚,0
111,,17,林口區,100歲以上,100,120,不相關,0.0,女,高中職,3,喪偶,2
111,,17,林口區,100歲以上,100,120,不相關,0.0,女,高中職,3,有偶,1
111,,17,林口區,100歲以上,100,120,不相關,0.0,女,高中職,3,未婚,0
111,,17,林口區,100歲以上,100,120,不相關,0.0,女,高中職,3,離婚,0
111,,17,林口區,100歲以上,100,120,不相關,0.0,男,博士,7,喪偶,0
111,,17,林口區,100歲以上,100,120,不相關,0.0,男,博士,7,有偶,0
111,,17,林口區,100歲以上,100,120,不相關,0.0,男,博士,7,未婚,0
111,,17,林口區,100歲以上,100,120,不相關,0.0,男,博士,7,離婚,0
111,,17,林口區,100歲以上,100,120,不相關,0.0,男,國中,2,喪偶,1
111,,17,林口區,100歲以上,100,120,不相關,0.0,男,國中,2,有偶,1
111,,17,林口區,100歲以上,100,120,不相關,0.0,男,國中,2,未婚,1
111,,17,林口區,100歲以上,100,120,不相關,0.0,男,國中,2,離婚,0
111,,17,林口區,100歲以上,100,120,不相關,0.0,男,國小以下,1,喪偶,0
111,,17,林口區,100歲以上,100,120,不相關,0.0,男,國小以下,1,有偶,0
111,,17,林口區,100歲以上,100,120,不相關,0.0,男,國小以下,1,未婚,0
111,,17,林口區,100歲以上,100,120,不相關,0.0,男,國小以下,1,離婚,0
111,,17,林口區,100歲以上,100,120,不相關,0.0,男,大學,5,喪偶,0
111,,17,林口區,100歲以上,100,120,不相關,0.0,男,大學,5,有偶,1
111,,17,林口區,100歲以上,100,120,不相關,0.0,男,大學,5,未婚,0
111,,17,林口區,100歲以上,100,120,不相關,0.0,男,大學,5,離婚,0
111,,17,林口區,100歲以上,100,120,不相關,0.0,男,專科,4,喪偶,0
111,,17,林口區,100歲以上,100,120,不相關,0.0,男,專科,4,有偶,0
111,,17,林口區,100歲以上,100,120,不相關,0.0,男,專科,4,未婚,0
111,,17,林口區,100歲以上,100,120,不相關,0.0,男,專科,4,離婚,0
111,,17,林口區,100歲以上,100,120,不相關,0.0,男,碩士,6,喪偶,0
111,,17,林口區,100歲以上,100,120,不相關,0.0,男,碩士,6,有偶,0
111,,17,林口區,100歲以上,100,120,不相關,0.0,男,碩士,6,未婚,0
111,,17,林口區,100歲以上,100,120,不相關,0.0,男,碩士,6,離婚,0
111,,17,林口區,100歲以上,100,120,不相關,0.0,男,高中職,3,喪偶,1
111,,17,林口區,100歲以上,100,120,不相關,0.0,男,高中職,3,有偶,0
111,,17,林口區,100歲以上,100,120,不相關,0.0,男,高中職,3,未婚,0
111,,17,林口區,100歲以上,100,120,不相關,0.0,男,高中職,3,離婚,1
