民國年,月,區代碼,行政區,年齡標籤,年齡下限,年齡上限,青年關係,青年權重,性別,主題,機關,資料集,標籤欄,數值欄序號,欄位名稱待補,人數
93,,,,,,,欄位未定義,0.0,,人口,新北市政府主計處,新住民人口,2004 |  計,itemvalue3,是（欄位說明僅存於新北市統計年報）,62304.0
93,,,,,,,欄位未定義,0.0,,人口,新北市政府主計處,新住民人口,2004 |  男,itemvalue3,是（欄位說明僅存於新北市統計年報）,6514.0
93,,,,,,,欄位未定義,0.0,,人口,新北市政府主計處,新住民人口,2004 |  女,itemvalue3,是（欄位說明僅存於新北市統計年報）,55790.0
93,,,,,,,欄位未定義,0.0,,人口,新北市政府主計處,新住民人口,2004 |  計,itemvalue4,是（欄位說明僅存於新北市統計年報）,42233.0
93,,,,,,,欄位未定義,0.0,,人口,新北市政府主計處,新住民人口,2004 |  男,itemvalue4,是（欄位說明僅存於新北市統計年報）,4298.0
93,,,,,,,欄位未定義,0.0,,人口,新北市政府主計處,新住民人口,2004 |  女,itemvalue4,是（欄位說明僅存於新北市統計年報）,37935.0
93,,,,,,,欄位未定義,0.0,,人口,新北市政府主計處,新住民人口,2004 |  計,itemvalue5,是（欄位說明僅存於新北市統計年報）,38502.0
93,,,,,,,欄位未定義,0.0,,人口,新北市政府主計處,新住民人口,2004 |  男,itemvalue5,是（欄位說明僅存於新北市統計年報）,2423.0
93,,,,,,,欄位未定義,0.0,,人口,新北市政府主計處,新住民人口,2004 |  女,itemvalue5,是（欄位說明僅存於新北市統計年報）,36079.0
93,,,,,,,欄位未定義,0.0,,人口,新北市政府主計處,新住民人口,2004 |  計,itemvalue6,是（欄位說明僅存於新北市統計年報）,3731.0
93,,,,,,,欄位未定義,0.0,,人口,新北市政府主計處,新住民人口,2004 |  男,itemvalue6,是（欄位說明僅存於新北市統計年報）,1875.0
93,,,,,,,欄位未定義,0.0,,人口,新北市政府主計處,新住民人口,2004 |  女,itemvalue6,是（欄位說明僅存於新北市統計年報）,1856.0
93,,,,,,,欄位未定義,0.0,,人口,新北市政府主計處,新住民人口,2004 |  計,itemvalue7,是（欄位說明僅存於新北市統計年報）,20071.0
93,,,,,,,欄位未定義,0.0,,人口,新北市政府主計處,新住民人口,2004 |  男,itemvalue7,是（欄位說明僅存於新北市統計年報）,2216.0
93,,,,,,,欄位未定義,0.0,,人口,新北市政府主計處,新住民人口,2004 |  女,itemvalue7,是（欄位說明僅存於新北市統計年報）,17855.0
93,,,,,,,欄位未定義,0.0,,人口,新北市政府主計處,新住民人口,2004 |  計,itemvalue8,是（欄位說明僅存於新北市統計年報）,11033.0
93,,,,,,,欄位未定義,0.0,,人口,新北市政府主計處,新住民人口,2004 |  男,itemvalue8,是（欄位說明僅存於新北市統計年報）,0.0
93,,,,,,,欄位未定義,0.0,,人口,新北市政府主計處,新住民人口,2004 |  女,itemvalue8,是（欄位說明僅存於新北市統計年報）,0.0
93,,,,,,,欄位未定義,0.0,,人口,新北市政府主計處,新住民人口,2004 |  計,itemvalue9,是（欄位說明僅存於新北市統計年報）,2824.0
93,,,,,,,欄位未定義,0.0,,人口,新北市政府主計處,新住民人口,2004 |  男,itemvalue9,是（欄位說明僅存於新北市統計年報）,0.0
93,,,,,,,欄位未定義,0.0,,人口,新北市政府主計處,新住民人口,2004 |  女,itemvalue9,是（欄位說明僅存於新北市統計年報）,0.0
93,,,,,,,欄位未定義,0.0,,人口,新北市政府主計處,新住民人口,2004 |  計,itemvalue10,是（欄位說明僅存於新北市統計年報）,2218.0
93,,,,,,,欄位未定義,0.0,,人口,新北市政府主計處,新住民人口,2004 |  男,itemvalue10,是（欄位說明僅存於新北市統計年報）,0.0
93,,,,,,,欄位未定義,0.0,,人口,新北市政府主計處,新住民人口,2004 |  女,itemvalue10,是（欄位說明僅存於新北市統計年報）,0.0
93,,,,,,,欄位未定義,0.0,,人口,新北市政府主計處,新住民人口,2004 |  計,itemvalue11,是（欄位說明僅存於新北市統計年報）,984.0
93,,,,,,,欄位未定義,0.0,,人口,新北市政府主計處,新住民人口,2004 |  男,itemvalue11,是（欄位說明僅存於新北市統計年報）,0.0
93,,,,,,,欄位未定義,0.0,,人口,新北市政府主計處,新住民人口,2004 |  女,itemvalue11,是（欄位說明僅存於新北市統計年報）,0.0
93,,,,,,,欄位未定義,0.0,,人口,新北市政府主計處,新住民人口,2004 |  計,itemvalue12,是（欄位說明僅存於新北市統計年報）,425.0
93,,,,,,,欄位未定義,0.0,,人口,新北市政府主計處,新住民人口,2004 |  男,itemvalue12,是（欄位說明僅存於新北市統計年報）,0.0
93,,,,,,,欄位未定義,0.0,,人口,新北市政府主計處,新住民人口,2004 |  女,itemvalue12,是（欄位說明僅存於新北市統計年報）,0.0
93,,,,,,,欄位未定義,0.0,,人口,新北市政府主計處,新住民人口,2004 |  計,itemvalue13,是（欄位說明僅存於新北市統計年報）,400.0
93,,,,,,,欄位未定義,0.0,,人口,新北市政府主計處,新住民人口,2004 |  男,itemvalue13,是（欄位說明僅存於新北市統計年報）,0.0
93,,,,,,,欄位未定義,0.0,,人口,新北市政府主計處,新住民人口,2004 |  女,itemvalue13,是（欄位說明僅存於新北市統計年報）,0.0
93,,,,,,,欄位未定義,0.0,,人口,新北市政府主計處,新住民人口,2004 |  計,itemvalue14,是（欄位說明僅存於新北市統計年報）,212.0
93,,,,,,,欄位未定義,0.0,,人口,新北市政府主計處,新住民人口,2004 |  男,itemvalue14,是（欄位說明僅存於新北市統計年報）,0.0
93,,,,,,,欄位未定義,0.0,,人口,新北市政府主計處,新住民人口,2004 |  女,itemvalue14,是（欄位說明僅存於新北市統計年報）,0.0
93,,,,,,,欄位未定義,0.0,,人口,新北市政府主計處,新住民人口,2004 |  計,itemvalue15,是（欄位說明僅存於新北市統計年報）,1975.0
93,,,,,,,欄位未定義,0.0,,人口,新北市政府主計處,新住民人口,2004 |  男,itemvalue15,是（欄位說明僅存於新北市統計年報）,0.0
93,,,,,,,欄位未定義,0.0,,人口,新北市政府主計處,新住民人口,2004 |  女,itemvalue15,是（欄位說明僅存於新北市統計年報）,0.0
93,,,,,,,欄位未定義,0.0,,婚育,新北市政府主計處,托育機構概況(100年以前),2004 | - | - | - | - | - | - | - | - | -,item value2,是（欄位說明僅存於新北市統計年報）,994.0
93,,,,,,,欄位未定義,0.0,,婚育,新北市政府主計處,托育機構概況(100年以前),2004 | - | - | - | - | - | - | - | - | -,item value4,是（欄位說明僅存於新北市統計年報）,51673.0
93,,,,,,,欄位未定義,0.0,,婚育,新北市政府主計處,托育機構概況(100年以前),2004 | - | - | - | - | - | - | - | - | -,item value5,是（欄位說明僅存於新北市統計年報）,5987.0
93,,,,,,,欄位未定義,0.0,,婚育,新北市政府主計處,托育機構概況(100年以前),2004 | - | - | - | - | - | - | - | - | -,item value6,是（欄位說明僅存於新北市統計年報）,4562.0
93,,,,,,,欄位未定義,0.0,,婚育,新北市政府主計處,托育機構概況(100年以前),2004 | - | - | - | - | - | - | - | - | -,item value7,是（欄位說明僅存於新北市統計年報）,27.0
93,,,,,,,欄位未定義,0.0,,婚育,新北市政府主計處,托育機構概況(100年以前),2004 | - | - | - | - | - | - | - | - | -,item value9,是（欄位說明僅存於新北市統計年報）,9462.0
93,,,,,,,欄位未定義,0.0,,婚育,新北市政府主計處,托育機構概況(100年以前),2004 | - | - | - | - | - | - | - | - | -,item value10,是（欄位說明僅存於新北市統計年報）,563.0
93,,,,,,,欄位未定義,0.0,,婚育,新北市政府主計處,托育機構概況(100年以前),2004 | - | - | - | - | - | - | - | - | -,item value11,是（欄位說明僅存於新北市統計年報）,537.0
93,,,,,,,欄位未定義,0.0,,婚育,新北市政府主計處,托育機構概況(100年以前),2004 | - | - | - | - | - | - | - | - | -,item value12,是（欄位說明僅存於新北市統計年報）,965.0
93,,,,,,,欄位未定義,0.0,,婚育,新北市政府主計處,托育機構概況(100年以前),2004 | - | - | - | - | - | - | - | - | -,item value14,是（欄位說明僅存於新北市統計年報）,42013.0
93,,,,,,,欄位未定義,0.0,,婚育,新北市政府主計處,托育機構概況(100年以前),2004 | - | - | - | - | - | - | - | - | -,item value15,是（欄位說明僅存於新北市統計年報）,5410.0
93,,,,,,,欄位未定義,0.0,,婚育,新北市政府主計處,托育機構概況(100年以前),2004 | - | - | - | - | - | - | - | - | -,item value16,是（欄位說明僅存於新北市統計年報）,4013.0
93,,,,,,,欄位未定義,0.0,,婚育,新北市政府主計處,托育機構概況(100年以前),2004 | - | - | - | - | - | - | - | - | -,item value17,是（欄位說明僅存於新北市統計年報）,2.0
93,,,,,,,欄位未定義,0.0,,婚育,新北市政府主計處,托育機構概況(100年以前),2004 | - | - | - | - | - | - | - | - | -,item value19,是（欄位說明僅存於新北市統計年報）,198.0
93,,,,,,,欄位未定義,0.0,,婚育,新北市政府主計處,托育機構概況(100年以前),2004 | - | - | - | - | - | - | - | - | -,item value20,是（欄位說明僅存於新北市統計年報）,14.0
93,,,,,,,欄位未定義,0.0,,婚育,新北市政府主計處,托育機構概況(100年以前),2004 | - | - | - | - | - | - | - | - | -,item value21,是（欄位說明僅存於新北市統計年報）,12.0
93,,,,,,,欄位未定義,0.0,,教育,新北市政府主計處,國民中學學生裸視視力檢查,2004 |  計,itemvalue3,是（欄位說明僅存於新北市統計年報）,159716.0
93,,,,,,,欄位未定義,0.0,,教育,新北市政府主計處,國民中學學生裸視視力檢查,2004 |  男,itemvalue3,是（欄位說明僅存於新北市統計年報）,84025.0
93,,,,,,,欄位未定義,0.0,,教育,新北市政府主計處,國民中學學生裸視視力檢查,2004 |  女,itemvalue3,是（欄位說明僅存於新北市統計年報）,75691.0
93,,,,,,,欄位未定義,0.0,,教育,新北市政府主計處,國民中學學生裸視視力檢查,2004 |  計,itemvalue4,是（欄位說明僅存於新北市統計年報）,106569.0
93,,,,,,,欄位未定義,0.0,,教育,新北市政府主計處,國民中學學生裸視視力檢查,2004 |  男,itemvalue4,是（欄位說明僅存於新北市統計年報）,53958.0
93,,,,,,,欄位未定義,0.0,,教育,新北市政府主計處,國民中學學生裸視視力檢查,2004 |  女,itemvalue4,是（欄位說明僅存於新北市統計年報）,52611.0
93,,,,,,,欄位未定義,0.0,,教育,新北市政府主計處,國民中學學生裸視視力檢查,2004 |  計,itemvalue5,是（欄位說明僅存於新北市統計年報）,66.72
93,,,,,,,欄位未定義,0.0,,教育,新北市政府主計處,國民中學學生裸視視力檢查,2004 |  男,itemvalue5,是（欄位說明僅存於新北市統計年報）,64.22
93,,,,,,,欄位未定義,0.0,,教育,新北市政府主計處,國民中學學生裸視視力檢查,2004 |  女,itemvalue5,是（欄位說明僅存於新北市統計年報）,69.51
93,,,,,,,欄位未定義,0.0,,教育,新北市政府主計處,國民中學學生裸視視力檢查,2004 |  計,itemvalue6,是（欄位說明僅存於新北市統計年報）,145898.0
93,,,,,,,欄位未定義,0.0,,教育,新北市政府主計處,國民中學學生裸視視力檢查,2004 |  男,itemvalue6,是（欄位說明僅存於新北市統計年報）,75579.0
93,,,,,,,欄位未定義,0.0,,教育,新北市政府主計處,國民中學學生裸視視力檢查,2004 |  女,itemvalue6,是（欄位說明僅存於新北市統計年報）,70319.0
93,,,,,,,欄位未定義,0.0,,教育,新北市政府主計處,國民中學學生裸視視力檢查,2004 |  計,itemvalue7,是（欄位說明僅存於新北市統計年報）,96137.0
93,,,,,,,欄位未定義,0.0,,教育,新北市政府主計處,國民中學學生裸視視力檢查,2004 |  男,itemvalue7,是（欄位說明僅存於新北市統計年報）,47728.0
93,,,,,,,欄位未定義,0.0,,教育,新北市政府主計處,國民中學學生裸視視力檢查,2004 |  女,itemvalue7,是（欄位說明僅存於新北市統計年報）,48409.0
93,,,,,,,欄位未定義,0.0,,教育,新北市政府主計處,國民中學學生裸視視力檢查,2004 |  計,itemvalue8,是（欄位說明僅存於新北市統計年報）,65.89
93,,,,,,,欄位未定義,0.0,,教育,新北市政府主計處,國民中學學生裸視視力檢查,2004 |  男,itemvalue8,是（欄位說明僅存於新北市統計年報）,63.15
93,,,,,,,欄位未定義,0.0,,教育,新北市政府主計處,國民中學學生裸視視力檢查,2004 |  女,itemvalue8,是（欄位說明僅存於新北市統計年報）,68.84
93,,,,,,,欄位未定義,0.0,,教育,新北市政府主計處,國民中學學生裸視視力檢查,2004 |  計,itemvalue9,是（欄位說明僅存於新北市統計年報）,13818.0
93,,,,,,,欄位未定義,0.0,,教育,新北市政府主計處,國民中學學生裸視視力檢查,2004 |  男,itemvalue9,是（欄位說明僅存於新北市統計年報）,8446.0
93,,,,,,,欄位未定義,0.0,,教育,新北市政府主計處,國民中學學生裸視視力檢查,2004 |  女,itemvalue9,是（欄位說明僅存於新北市統計年報）,5372.0
93,,,,,,,欄位未定義,0.0,,教育,新北市政府主計處,國民中學學生裸視視力檢查,2004 |  計,itemvalue10,是（欄位說明僅存於新北市統計年報）,10432.0
93,,,,,,,欄位未定義,0.0,,教育,新北市政府主計處,國民中學學生裸視視力檢查,2004 |  男,itemvalue10,是（欄位說明僅存於新北市統計年報）,6230.0
93,,,,,,,欄位未定義,0.0,,教育,新北市政府主計處,國民中學學生裸視視力檢查,2004 |  女,itemvalue10,是（欄位說明僅存於新北市統計年報）,4202.0
93,,,,,,,欄位未定義,0.0,,教育,新北市政府主計處,國民中學學生裸視視力檢查,2004 |  計,itemvalue11,是（欄位說明僅存於新北市統計年報）,75.5
93,,,,,,,欄位未定義,0.0,,教育,新北市政府主計處,國民中學學生裸視視力檢查,2004 |  男,itemvalue11,是（欄位說明僅存於新北市統計年報）,73.76
93,,,,,,,欄位未定義,0.0,,教育,新北市政府主計處,國民中學學生裸視視力檢查,2004 |  女,itemvalue11,是（欄位說明僅存於新北市統計年報）,78.22
93,,,,,,,欄位未定義,0.0,,教育,新北市政府主計處,國民中小學中途輟學學生概況,2004,percent2,是（欄位說明僅存於新北市統計年報）,1530.0
93,,,,,,,欄位未定義,0.0,,教育,新北市政府主計處,國民中小學中途輟學學生概況,2004,percent3,是（欄位說明僅存於新北市統計年報）,226.0
93,,,,,,,欄位未定義,0.0,,教育,新北市政府主計處,國民中小學中途輟學學生概況,2004,percent4,是（欄位說明僅存於新北市統計年報）,1304.0
93,,,,,,,欄位未定義,0.0,,教育,新北市政府主計處,國民中小學中途輟學學生概況,2004,percent5,是（欄位說明僅存於新北市統計年報）,816.0
93,,,,,,,欄位未定義,0.0,,教育,新北市政府主計處,國民中小學中途輟學學生概況,2004,percent6,是（欄位說明僅存於新北市統計年報）,140.0
93,,,,,,,欄位未定義,0.0,,教育,新北市政府主計處,國民中小學中途輟學學生概況,2004,percent7,是（欄位說明僅存於新北市統計年報）,676.0
93,,,,,,,欄位未定義,0.0,,教育,新北市政府主計處,國民中小學中途輟學學生概況,2004,percent8,是（欄位說明僅存於新北市統計年報）,714.0
93,,,,,,,欄位未定義,0.0,,教育,新北市政府主計處,國民中小學中途輟學學生概況,2004,percent9,是（欄位說明僅存於新北市統計年報）,86.0
93,,,,,,,欄位未定義,0.0,,教育,新北市政府主計處,國民中小學中途輟學學生概況,2004,percent10,是（欄位說明僅存於新北市統計年報）,628.0
93,,,,,,,欄位未定義,0.0,,教育,新北市政府主計處,國民中小學中途輟學學生概況,2004,percent11,是（欄位說明僅存於新北市統計年報）,0.33
93,,,,,,,欄位未定義,0.0,,教育,新北市政府主計處,國民中小學中途輟學學生概況,2004,percent12,是（欄位說明僅存於新北市統計年報）,0.07
93,,,,,,,欄位未定義,0.0,,教育,新北市政府主計處,國民中小學中途輟學學生概況,2004,percent13,是（欄位說明僅存於新北市統計年報）,0.82
93,,,,,,,欄位未定義,0.0,,教育,新北市政府主計處,國民中小學中途輟學學生概況,2004,percent14,是（欄位說明僅存於新北市統計年報）,74.51
93,,,,,,,欄位未定義,0.0,,教育,新北市政府主計處,國民中小學中途輟學學生概況,2004,percent15,是（欄位說明僅存於新北市統計年報）,82.74
93,,,,,,,欄位未定義,0.0,,教育,新北市政府主計處,國民中小學中途輟學學生概況,2004,percent16,是（欄位說明僅存於新北市統計年報）,73.08
93,,,,,,,欄位未定義,0.0,,教育,新北市政府主計處,國民中小學中途輟學學生概況,2004,percent17,是（欄位說明僅存於新北市統計年報）,118.0
93,,,,,,,欄位未定義,0.0,,教育,新北市政府主計處,國民中小學中途輟學學生概況,2004,percent18,是（欄位說明僅存於新北市統計年報）,21.0
93,,,,,,,欄位未定義,0.0,,教育,新北市政府主計處,國民中小學中途輟學學生概況,2004,percent19,是（欄位說明僅存於新北市統計年報）,97.0
93,,,,,,,欄位未定義,0.0,,教育,新北市政府主計處,國民中小學中途輟學學生概況,2004,percent20,是（欄位說明僅存於新北市統計年報）,61.0
93,,,,,,,欄位未定義,0.0,,教育,新北市政府主計處,國民中小學中途輟學學生概況,2004,percent21,是（欄位說明僅存於新北市統計年報）,13.0
93,,,,,,,欄位未定義,0.0,,教育,新北市政府主計處,國民中小學中途輟學學生概況,2004,percent22,是（欄位說明僅存於新北市統計年報）,48.0
93,,,,,,,欄位未定義,0.0,,教育,新北市政府主計處,國民中小學中途輟學學生概況,2004,percent23,是（欄位說明僅存於新北市統計年報）,57.0
93,,,,,,,欄位未定義,0.0,,教育,新北市政府主計處,國民中小學中途輟學學生概況,2004,percent24,是（欄位說明僅存於新北市統計年報）,8.0
93,,,,,,,欄位未定義,0.0,,教育,新北市政府主計處,國民中小學中途輟學學生概況,2004,percent25,是（欄位說明僅存於新北市統計年報）,49.0
93,,,,,,,欄位未定義,0.0,,教育,新北市政府主計處,國民中小學中途輟學學生概況,2004,percent26,是（欄位說明僅存於新北市統計年報）,1.56
93,,,,,,,欄位未定義,0.0,,教育,新北市政府主計處,國民中小學中途輟學學生概況,2004,percent27,是（欄位說明僅存於新北市統計年報）,0.4
93,,,,,,,欄位未定義,0.0,,教育,新北市政府主計處,國民中小學中途輟學學生概況,2004,percent28,是（欄位說明僅存於新北市統計年報）,4.17
93,,,,,,,欄位未定義,0.0,,教育,新北市政府主計處,國民中小學中途輟學學生概況,2004,percent29,是（欄位說明僅存於新北市統計年報）,69.49
93,,,,,,,欄位未定義,0.0,,教育,新北市政府主計處,國民中小學中途輟學學生概況,2004,percent30,是（欄位說明僅存於新北市統計年報）,85.71
93,,,,,,,欄位未定義,0.0,,教育,新北市政府主計處,國民中小學中途輟學學生概況,2004,percent31,是（欄位說明僅存於新北市統計年報）,65.98
93,,,,,,,欄位未定義,0.0,,教育,新北市政府主計處,國民小學學生裸視視力檢查,2004 |  計,itemvalue3,是（欄位說明僅存於新北市統計年報）,279708.0
93,,,,,,,欄位未定義,0.0,,教育,新北市政府主計處,國民小學學生裸視視力檢查,2004 |  男,itemvalue3,是（欄位說明僅存於新北市統計年報）,145884.0
93,,,,,,,欄位未定義,0.0,,教育,新北市政府主計處,國民小學學生裸視視力檢查,2004 |  女,itemvalue3,是（欄位說明僅存於新北市統計年報）,133824.0
93,,,,,,,欄位未定義,0.0,,教育,新北市政府主計處,國民小學學生裸視視力檢查,2004 |  計,itemvalue4,是（欄位說明僅存於新北市統計年報）,122272.0
93,,,,,,,欄位未定義,0.0,,教育,新北市政府主計處,國民小學學生裸視視力檢查,2004 |  男,itemvalue4,是（欄位說明僅存於新北市統計年報）,61246.0
93,,,,,,,欄位未定義,0.0,,教育,新北市政府主計處,國民小學學生裸視視力檢查,2004 |  女,itemvalue4,是（欄位說明僅存於新北市統計年報）,61026.0
93,,,,,,,欄位未定義,0.0,,教育,新北市政府主計處,國民小學學生裸視視力檢查,2004 |  計,itemvalue5,是（欄位說明僅存於新北市統計年報）,43.71
93,,,,,,,欄位未定義,0.0,,教育,新北市政府主計處,國民小學學生裸視視力檢查,2004 |  男,itemvalue5,是（欄位說明僅存於新北市統計年報）,41.98
93,,,,,,,欄位未定義,0.0,,教育,新北市政府主計處,國民小學學生裸視視力檢查,2004 |  女,itemvalue5,是（欄位說明僅存於新北市統計年報）,45.6
93,,,,,,,欄位未定義,0.0,,教育,新北市政府主計處,國民小學學生裸視視力檢查,2004 |  計,itemvalue6,是（欄位說明僅存於新北市統計年報）,278729.0
93,,,,,,,欄位未定義,0.0,,教育,新北市政府主計處,國民小學學生裸視視力檢查,2004 |  男,itemvalue6,是（欄位說明僅存於新北市統計年報）,145342.0
93,,,,,,,欄位未定義,0.0,,教育,新北市政府主計處,國民小學學生裸視視力檢查,2004 |  女,itemvalue6,是（欄位說明僅存於新北市統計年報）,133387.0
93,,,,,,,欄位未定義,0.0,,教育,新北市政府主計處,國民小學學生裸視視力檢查,2004 |  計,itemvalue7,是（欄位說明僅存於新北市統計年報）,121497.0
93,,,,,,,欄位未定義,0.0,,教育,新北市政府主計處,國民小學學生裸視視力檢查,2004 |  男,itemvalue7,是（欄位說明僅存於新北市統計年報）,60835.0
93,,,,,,,欄位未定義,0.0,,教育,新北市政府主計處,國民小學學生裸視視力檢查,2004 |  女,itemvalue7,是（欄位說明僅存於新北市統計年報）,60662.0
93,,,,,,,欄位未定義,0.0,,教育,新北市政府主計處,國民小學學生裸視視力檢查,2004 |  計,itemvalue8,是（欄位說明僅存於新北市統計年報）,43.59
93,,,,,,,欄位未定義,0.0,,教育,新北市政府主計處,國民小學學生裸視視力檢查,2004 |  男,itemvalue8,是（欄位說明僅存於新北市統計年報）,41.86
93,,,,,,,欄位未定義,0.0,,教育,新北市政府主計處,國民小學學生裸視視力檢查,2004 |  女,itemvalue8,是（欄位說明僅存於新北市統計年報）,45.48
93,,,,,,,欄位未定義,0.0,,教育,新北市政府主計處,國民小學學生裸視視力檢查,2004 |  計,itemvalue9,是（欄位說明僅存於新北市統計年報）,979.0
93,,,,,,,欄位未定義,0.0,,教育,新北市政府主計處,國民小學學生裸視視力檢查,2004 |  男,itemvalue9,是（欄位說明僅存於新北市統計年報）,542.0
93,,,,,,,欄位未定義,0.0,,教育,新北市政府主計處,國民小學學生裸視視力檢查,2004 |  女,itemvalue9,是（欄位說明僅存於新北市統計年報）,437.0
93,,,,,,,欄位未定義,0.0,,教育,新北市政府主計處,國民小學學生裸視視力檢查,2004 |  計,itemvalue10,是（欄位說明僅存於新北市統計年報）,775.0
93,,,,,,,欄位未定義,0.0,,教育,新北市政府主計處,國民小學學生裸視視力檢查,2004 |  男,itemvalue10,是（欄位說明僅存於新北市統計年報）,411.0
93,,,,,,,欄位未定義,0.0,,教育,新北市政府主計處,國民小學學生裸視視力檢查,2004 |  女,itemvalue10,是（欄位說明僅存於新北市統計年報）,364.0
93,,,,,,,欄位未定義,0.0,,教育,新北市政府主計處,國民小學學生裸視視力檢查,2004 |  計,itemvalue11,是（欄位說明僅存於新北市統計年報）,79.16
93,,,,,,,欄位未定義,0.0,,教育,新北市政府主計處,國民小學學生裸視視力檢查,2004 |  男,itemvalue11,是（欄位說明僅存於新北市統計年報）,75.83
93,,,,,,,欄位未定義,0.0,,教育,新北市政府主計處,國民小學學生裸視視力檢查,2004 |  女,itemvalue11,是（欄位說明僅存於新北市統計年報）,83.3
93,,,,,,,欄位未定義,0.0,,教育,新北市政府主計處,境內高等教育概況(大學),2004,percent2,是（欄位說明僅存於新北市統計年報）,16.0
93,,,,,,,欄位未定義,0.0,,教育,新北市政府主計處,境內高等教育概況(大學),2004,percent3,是（欄位說明僅存於新北市統計年報）,0.0
93,,,,,,,欄位未定義,0.0,,教育,新北市政府主計處,境內高等教育概況(大學),2004,percent4,是（欄位說明僅存於新北市統計年報）,2913.0
93,,,,,,,欄位未定義,0.0,,教育,新北市政府主計處,境內高等教育概況(大學),2004,percent5,是（欄位說明僅存於新北市統計年報）,456.0
93,,,,,,,欄位未定義,0.0,,教育,新北市政府主計處,境內高等教育概況(大學),2004,percent6,是（欄位說明僅存於新北市統計年報）,6879.0
93,,,,,,,欄位未定義,0.0,,教育,新北市政府主計處,境內高等教育概況(大學),2004,percent7,是（欄位說明僅存於新北市統計年報）,3860.0
93,,,,,,,欄位未定義,0.0,,教育,新北市政府主計處,境內高等教育概況(大學),2004,percent8,是（欄位說明僅存於新北市統計年報）,3019.0
93,,,,,,,欄位未定義,0.0,,教育,新北市政府主計處,境內高等教育概況(大學),2004,percent9,是（欄位說明僅存於新北市統計年報）,4808.0
93,,,,,,,欄位未定義,0.0,,教育,新北市政府主計處,境內高等教育概況(大學),2004,percent10,是（欄位說明僅存於新北市統計年報）,3245.0
93,,,,,,,欄位未定義,0.0,,教育,新北市政府主計處,境內高等教育概況(大學),2004,percent11,是（欄位說明僅存於新北市統計年報）,1563.0
93,,,,,,,欄位未定義,0.0,,教育,新北市政府主計處,境內高等教育概況(大學),2004,percent12,是（欄位說明僅存於新北市統計年報）,2071.0
93,,,,,,,欄位未定義,0.0,,教育,新北市政府主計處,境內高等教育概況(大學),2004,percent13,是（欄位說明僅存於新北市統計年報）,615.0
93,,,,,,,欄位未定義,0.0,,教育,新北市政府主計處,境內高等教育概況(大學),2004,percent14,是（欄位說明僅存於新北市統計年報）,1456.0
93,,,,,,,欄位未定義,0.0,,教育,新北市政府主計處,境內高等教育概況(大學),2004,percent15,是（欄位說明僅存於新北市統計年報）,147126.0
93,,,,,,,欄位未定義,0.0,,教育,新北市政府主計處,境內高等教育概況(大學),2004,percent16,是（欄位說明僅存於新北市統計年報）,77153.0
93,,,,,,,欄位未定義,0.0,,教育,新北市政府主計處,境內高等教育概況(大學),2004,percent17,是（欄位說明僅存於新北市統計年報）,69973.0
93,,,,,,,欄位未定義,0.0,,教育,新北市政府主計處,境內高等教育概況(大學),2004,percent18,是（欄位說明僅存於新北市統計年報）,17365.0
93,,,,,,,欄位未定義,0.0,,教育,新北市政府主計處,境內高等教育概況(大學),2004,percent19,是（欄位說明僅存於新北市統計年報）,15720.0
93,,,,,,,欄位未定義,0.0,,教育,新北市政府主計處,境內高等教育概況(大學),2004,percent20,是（欄位說明僅存於新北市統計年報）,16536.0
93,,,,,,,欄位未定義,0.0,,教育,新北市政府主計處,境內高等教育概況(大學),2004,percent21,是（欄位說明僅存於新北市統計年報）,16032.0
93,,,,,,,欄位未定義,0.0,,教育,新北市政府主計處,境內高等教育概況(大學),2004,percent22,是（欄位說明僅存於新北市統計年報）,19143.0
93,,,,,,,欄位未定義,0.0,,教育,新北市政府主計處,境內高等教育概況(大學),2004,percent23,是（欄位說明僅存於新北市統計年報）,17799.0
93,,,,,,,欄位未定義,0.0,,教育,新北市政府主計處,境內高等教育概況(大學),2004,percent24,是（欄位說明僅存於新北市統計年報）,15438.0
93,,,,,,,欄位未定義,0.0,,教育,新北市政府主計處,境內高等教育概況(大學),2004,percent25,是（欄位說明僅存於新北市統計年報）,15476.0
93,,,,,,,欄位未定義,0.0,,教育,新北市政府主計處,境內高等教育概況(大學),2004,percent26,是（欄位說明僅存於新北市統計年報）,3518.0
93,,,,,,,欄位未定義,0.0,,教育,新北市政府主計處,境內高等教育概況(大學),2004,percent27,是（欄位說明僅存於新北市統計年報）,3124.0
93,,,,,,,欄位未定義,0.0,,教育,新北市政府主計處,境內高等教育概況(大學),2004,percent28,是（欄位說明僅存於新北市統計年報）,9.0
93,,,,,,,欄位未定義,0.0,,教育,新北市政府主計處,境內高等教育概況(大學),2004,percent29,是（欄位說明僅存於新北市統計年報）,1.0
93,,,,,,,欄位未定義,0.0,,教育,新北市政府主計處,境內高等教育概況(大學),2004,percent30,是（欄位說明僅存於新北市統計年報）,0.0
93,,,,,,,欄位未定義,0.0,,教育,新北市政府主計處,境內高等教育概況(大學),2004,percent31,是（欄位說明僅存於新北市統計年報）,0.0
93,,,,,,,欄位未定義,0.0,,教育,新北市政府主計處,境內高等教育概況(大學),2004,percent32,是（欄位說明僅存於新北市統計年報）,5144.0
93,,,,,,,欄位未定義,0.0,,教育,新北市政府主計處,境內高等教育概況(大學),2004,percent33,是（欄位說明僅存於新北市統計年報）,1821.0
93,,,,,,,欄位未定義,0.0,,教育,新北市政府主計處,境內高等教育概況(大學),2004,percent34,是（欄位說明僅存於新北市統計年報）,11267.0
93,,,,,,,欄位未定義,0.0,,教育,新北市政府主計處,境內高等教育概況(大學),2004,percent35,是（欄位說明僅存於新北市統計年報）,6524.0
93,,,,,,,欄位未定義,0.0,,教育,新北市政府主計處,境內高等教育概況(大學),2004,percent36,是（欄位說明僅存於新北市統計年報）,4743.0
93,,,,,,,欄位未定義,0.0,,教育,新北市政府主計處,境內高等教育概況(大學),2004,percent37,是（欄位說明僅存於新北市統計年報）,5951.0
93,,,,,,,欄位未定義,0.0,,教育,新北市政府主計處,境內高等教育概況(大學),2004,percent38,是（欄位說明僅存於新北市統計年報）,4403.0
93,,,,,,,欄位未定義,0.0,,教育,新北市政府主計處,境內高等教育概況(大學),2004,percent39,是（欄位說明僅存於新北市統計年報）,573.0
93,,,,,,,欄位未定義,0.0,,教育,新北市政府主計處,境內高等教育概況(大學),2004,percent40,是（欄位說明僅存於新北市統計年報）,340.0
93,,,,,,,欄位未定義,0.0,,教育,新北市政府主計處,境內高等教育概況(大學),2004,percent41,是（欄位說明僅存於新北市統計年報）,39892.0
93,,,,,,,欄位未定義,0.0,,教育,新北市政府主計處,境內高等教育概況(大學),2004,percent42,是（欄位說明僅存於新北市統計年報）,0.0
93,,,,,,,欄位未定義,0.0,,教育,新北市政府主計處,境內高等教育概況(大學),2004,percent43,是（欄位說明僅存於新北市統計年報）,0.0
93,,,,,,,欄位未定義,0.0,,教育,新北市政府主計處,境內高等教育概況(專科),2004,itemvalue2,是（欄位說明僅存於新北市統計年報）,1.0
93,,,,,,,欄位未定義,0.0,,教育,新北市政府主計處,境內高等教育概況(專科),2004,itemvalue3,是（欄位說明僅存於新北市統計年報）,0.0
93,,,,,,,欄位未定義,0.0,,教育,新北市政府主計處,境內高等教育概況(專科),2004,itemvalue4,是（欄位說明僅存於新北市統計年報）,41.0
93,,,,,,,欄位未定義,0.0,,教育,新北市政府主計處,境內高等教育概況(專科),2004,itemvalue5,是（欄位說明僅存於新北市統計年報）,116.0
93,,,,,,,欄位未定義,0.0,,教育,新北市政府主計處,境內高等教育概況(專科),2004,itemvalue6,是（欄位說明僅存於新北市統計年報）,19.0
93,,,,,,,欄位未定義,0.0,,教育,新北市政府主計處,境內高等教育概況(專科),2004,itemvalue7,是（欄位說明僅存於新北市統計年報）,97.0
93,,,,,,,欄位未定義,0.0,,教育,新北市政府主計處,境內高等教育概況(專科),2004,itemvalue8,是（欄位說明僅存於新北市統計年報）,79.0
93,,,,,,,欄位未定義,0.0,,教育,新北市政府主計處,境內高等教育概況(專科),2004,itemvalue9,是（欄位說明僅存於新北市統計年報）,10.0
93,,,,,,,欄位未定義,0.0,,教育,新北市政府主計處,境內高等教育概況(專科),2004,itemvalue10,是（欄位說明僅存於新北市統計年報）,69.0
93,,,,,,,欄位未定義,0.0,,教育,新北市政府主計處,境內高等教育概況(專科),2004,itemvalue11,是（欄位說明僅存於新北市統計年報）,37.0
93,,,,,,,欄位未定義,0.0,,教育,新北市政府主計處,境內高等教育概況(專科),2004,itemvalue12,是（欄位說明僅存於新北市統計年報）,9.0
93,,,,,,,欄位未定義,0.0,,教育,新北市政府主計處,境內高等教育概況(專科),2004,itemvalue13,是（欄位說明僅存於新北市統計年報）,28.0
93,,,,,,,欄位未定義,0.0,,教育,新北市政府主計處,境內高等教育概況(專科),2004,itemvalue14,是（欄位說明僅存於新北市統計年報）,1889.0
93,,,,,,,欄位未定義,0.0,,教育,新北市政府主計處,境內高等教育概況(專科),2004,itemvalue15,是（欄位說明僅存於新北市統計年報）,0.0
93,,,,,,,欄位未定義,0.0,,教育,新北市政府主計處,境內高等教育概況(專科),2004,itemvalue16,是（欄位說明僅存於新北市統計年報）,1889.0
93,,,,,,,欄位未定義,0.0,,教育,新北市政府主計處,境內高等教育概況(專科),2004,itemvalue17,是（欄位說明僅存於新北市統計年報）,0.0
93,,,,,,,欄位未定義,0.0,,教育,新北市政府主計處,境內高等教育概況(專科),2004,itemvalue18,是（欄位說明僅存於新北市統計年報）,686.0
93,,,,,,,欄位未定義,0.0,,教育,新北市政府主計處,境內高等教育概況(專科),2004,itemvalue19,是（欄位說明僅存於新北市統計年報）,0.0
93,,,,,,,欄位未定義,0.0,,教育,新北市政府主計處,境內高等教育概況(專科),2004,itemvalue20,是（欄位說明僅存於新北市統計年報）,558.0
93,,,,,,,欄位未定義,0.0,,教育,新北市政府主計處,境內高等教育概況(專科),2004,itemvalue21,是（欄位說明僅存於新北市統計年報）,0.0
93,,,,,,,欄位未定義,0.0,,教育,新北市政府主計處,境內高等教育概況(專科),2004,itemvalue22,是（欄位說明僅存於新北市統計年報）,351.0
93,,,,,,,欄位未定義,0.0,,教育,新北市政府主計處,境內高等教育概況(專科),2004,itemvalue23,是（欄位說明僅存於新北市統計年報）,0.0
93,,,,,,,欄位未定義,0.0,,教育,新北市政府主計處,境內高等教育概況(專科),2004,itemvalue24,是（欄位說明僅存於新北市統計年報）,288.0
93,,,,,,,欄位未定義,0.0,,教育,新北市政府主計處,境內高等教育概況(專科),2004,itemvalue25,是（欄位說明僅存於新北市統計年報）,0.0
93,,,,,,,欄位未定義,0.0,,教育,新北市政府主計處,境內高等教育概況(專科),2004,itemvalue26,是（欄位說明僅存於新北市統計年報）,0.0
93,,,,,,,欄位未定義,0.0,,教育,新北市政府主計處,境內高等教育概況(專科),2004,itemvalue27,是（欄位說明僅存於新北市統計年報）,0.0
93,,,,,,,欄位未定義,0.0,,教育,新北市政府主計處,境內高等教育概況(專科),2004,itemvalue28,是（欄位說明僅存於新北市統計年報）,6.0
93,,,,,,,欄位未定義,0.0,,教育,新北市政府主計處,境內高等教育概況(專科),2004,itemvalue29,是（欄位說明僅存於新北市統計年報）,217.0
93,,,,,,,欄位未定義,0.0,,教育,新北市政府主計處,境內高等教育概況(專科),2004,itemvalue30,是（欄位說明僅存於新北市統計年報）,0.0
93,,,,,,,欄位未定義,0.0,,教育,新北市政府主計處,境內高等教育概況(專科),2004,itemvalue31,是（欄位說明僅存於新北市統計年報）,0.0
93,,,,,,,欄位未定義,0.0,,教育,新北市政府主計處,境內高級中等學校教育概況(102學年度以前),2004,item value2,是（欄位說明僅存於新北市統計年報）,37.0
93,,,,,,,欄位未定義,0.0,,教育,新北市政府主計處,境內高級中等學校教育概況(102學年度以前),2004,item value3,是（欄位說明僅存於新北市統計年報）,4799.0
93,,,,,,,欄位未定義,0.0,,教育,新北市政府主計處,境內高級中等學校教育概況(102學年度以前),2004,item value4,是（欄位說明僅存於新北市統計年報）,1736.0
93,,,,,,,欄位未定義,0.0,,教育,新北市政府主計處,境內高級中等學校教育概況(102學年度以前),2004,item value5,是（欄位說明僅存於新北市統計年報）,3063.0
93,,,,,,,欄位未定義,0.0,,教育,新北市政府主計處,境內高級中等學校教育概況(102學年度以前),2004,item value6,是（欄位說明僅存於新北市統計年報）,730.0
93,,,,,,,欄位未定義,0.0,,教育,新北市政府主計處,境內高級中等學校教育概況(102學年度以前),2004,item value7,是（欄位說明僅存於新北市統計年報）,171.0
93,,,,,,,欄位未定義,0.0,,教育,新北市政府主計處,境內高級中等學校教育概況(102學年度以前),2004,item value8,是（欄位說明僅存於新北市統計年報）,559.0
93,,,,,,,欄位未定義,0.0,,教育,新北市政府主計處,境內高級中等學校教育概況(102學年度以前),2004,item value9,是（欄位說明僅存於新北市統計年報）,1100.0
93,,,,,,,欄位未定義,0.0,,教育,新北市政府主計處,境內高級中等學校教育概況(102學年度以前),2004,item value10,是（欄位說明僅存於新北市統計年報）,374.0
93,,,,,,,欄位未定義,0.0,,教育,新北市政府主計處,境內高級中等學校教育概況(102學年度以前),2004,item value11,是（欄位說明僅存於新北市統計年報）,372.0
93,,,,,,,欄位未定義,0.0,,教育,新北市政府主計處,境內高級中等學校教育概況(102學年度以前),2004,item value12,是（欄位說明僅存於新北市統計年報）,354.0
93,,,,,,,欄位未定義,0.0,,教育,新北市政府主計處,境內高級中等學校教育概況(102學年度以前),2004,item value13,是（欄位說明僅存於新北市統計年報）,0.0
93,,,,,,,欄位未定義,0.0,,教育,新北市政府主計處,境內高級中等學校教育概況(102學年度以前),2004,item value14,是（欄位說明僅存於新北市統計年報）,45326.0
93,,,,,,,欄位未定義,0.0,,教育,新北市政府主計處,境內高級中等學校教育概況(102學年度以前),2004,item value15,是（欄位說明僅存於新北市統計年報）,22961.0
93,,,,,,,欄位未定義,0.0,,教育,新北市政府主計處,境內高級中等學校教育概況(102學年度以前),2004,item value16,是（欄位說明僅存於新北市統計年報）,22365.0
93,,,,,,,欄位未定義,0.0,,教育,新北市政府主計處,境內高級中等學校教育概況(102學年度以前),2004,item value17,是（欄位說明僅存於新北市統計年報）,8078.0
93,,,,,,,欄位未定義,0.0,,教育,新北市政府主計處,境內高級中等學校教育概況(102學年度以前),2004,item value18,是（欄位說明僅存於新北市統計年報）,7747.0
93,,,,,,,欄位未定義,0.0,,教育,新北市政府主計處,境內高級中等學校教育概況(102學年度以前),2004,item value19,是（欄位說明僅存於新北市統計年報）,7750.0
93,,,,,,,欄位未定義,0.0,,教育,新北市政府主計處,境內高級中等學校教育概況(102學年度以前),2004,item value20,是（欄位說明僅存於新北市統計年報）,7491.0
93,,,,,,,欄位未定義,0.0,,教育,新北市政府主計處,境內高級中等學校教育概況(102學年度以前),2004,item value21,是（欄位說明僅存於新北市統計年報）,7106.0
93,,,,,,,欄位未定義,0.0,,教育,新北市政府主計處,境內高級中等學校教育概況(102學年度以前),2004,item value22,是（欄位說明僅存於新北市統計年報）,7121.0
93,,,,,,,欄位未定義,0.0,,教育,新北市政府主計處,境內高級中等學校教育概況(102學年度以前),2004,item value23,是（欄位說明僅存於新北市統計年報）,0.0
93,,,,,,,欄位未定義,0.0,,教育,新北市政府主計處,境內高級中等學校教育概況(102學年度以前),2004,item value24,是（欄位說明僅存於新北市統計年報）,0.0
93,,,,,,,欄位未定義,0.0,,教育,新北市政府主計處,境內高級中等學校教育概況(102學年度以前),2004,item value25,是（欄位說明僅存於新北市統計年報）,27.0
93,,,,,,,欄位未定義,0.0,,教育,新北市政府主計處,境內高級中等學校教育概況(102學年度以前),2004,item value26,是（欄位說明僅存於新北市統計年報）,6.0
93,,,,,,,欄位未定義,0.0,,教育,新北市政府主計處,境內高級中等學校教育概況(102學年度以前),2004,item value27,是（欄位說明僅存於新北市統計年報）,14029.0
93,,,,,,,欄位未定義,0.0,,教育,新北市政府主計處,境內高級中等學校教育概況(102學年度以前),2004,item value28,是（欄位說明僅存於新北市統計年報）,6812.0
93,,,,,,,欄位未定義,0.0,,教育,新北市政府主計處,境內高級中等學校教育概況(102學年度以前),2004,item value29,是（欄位說明僅存於新北市統計年報）,7217.0
93,,,,,,,欄位未定義,0.0,,教育,新北市政府主計處,境內高級中等學校教育概況(102學年度以前),2004,item value30,是（欄位說明僅存於新北市統計年報）,16.0
93,,,,,,,欄位未定義,0.0,,教育,新北市政府主計處,境內高級中等學校教育概況(102學年度以前),2004,item value31,是（欄位說明僅存於新北市統計年報）,1546.0
93,,,,,,,欄位未定義,0.0,,教育,新北市政府主計處,境內高級中等學校教育概況(102學年度以前),2004,item value32,是（欄位說明僅存於新北市統計年報）,714.0
93,,,,,,,欄位未定義,0.0,,教育,新北市政府主計處,境內高級中等學校教育概況(102學年度以前),2004,item value33,是（欄位說明僅存於新北市統計年報）,832.0
93,,,,,,,欄位未定義,0.0,,教育,新北市政府主計處,境內高級中等學校教育概況(102學年度以前),2004,item value34,是（欄位說明僅存於新北市統計年報）,382.0
93,,,,,,,欄位未定義,0.0,,教育,新北市政府主計處,境內高級中等學校教育概況(102學年度以前),2004,item value35,是（欄位說明僅存於新北市統計年報）,137.0
93,,,,,,,欄位未定義,0.0,,教育,新北市政府主計處,境內高級中等學校教育概況(102學年度以前),2004,item value36,是（欄位說明僅存於新北市統計年報）,245.0
93,,,,,,,欄位未定義,0.0,,教育,新北市政府主計處,境內高級中等學校教育概況(102學年度以前),2004,item value37,是（欄位說明僅存於新北市統計年報）,918.0
93,,,,,,,欄位未定義,0.0,,教育,新北市政府主計處,境內高級中等學校教育概況(102學年度以前),2004,item value38,是（欄位說明僅存於新北市統計年報）,307.0
93,,,,,,,欄位未定義,0.0,,教育,新北市政府主計處,境內高級中等學校教育概況(102學年度以前),2004,item value39,是（欄位說明僅存於新北市統計年報）,302.0
93,,,,,,,欄位未定義,0.0,,教育,新北市政府主計處,境內高級中等學校教育概況(102學年度以前),2004,item value40,是（欄位說明僅存於新北市統計年報）,302.0
93,,,,,,,欄位未定義,0.0,,教育,新北市政府主計處,境內高級中等學校教育概況(102學年度以前),2004,item value41,是（欄位說明僅存於新北市統計年報）,7.0
93,,,,,,,欄位未定義,0.0,,教育,新北市政府主計處,境內高級中等學校教育概況(102學年度以前),2004,item value42,是（欄位說明僅存於新北市統計年報）,38103.0
93,,,,,,,欄位未定義,0.0,,教育,新北市政府主計處,境內高級中等學校教育概況(102學年度以前),2004,item value43,是（欄位說明僅存於新北市統計年報）,19850.0
93,,,,,,,欄位未定義,0.0,,教育,新北市政府主計處,境內高級中等學校教育概況(102學年度以前),2004,item value44,是（欄位說明僅存於新北市統計年報）,18253.0
93,,,,,,,欄位未定義,0.0,,教育,新北市政府主計處,境內高級中等學校教育概況(102學年度以前),2004,item value45,是（欄位說明僅存於新北市統計年報）,7107.0
93,,,,,,,欄位未定義,0.0,,教育,新北市政府主計處,境內高級中等學校教育概況(102學年度以前),2004,item value46,是（欄位說明僅存於新北市統計年報）,6606.0
93,,,,,,,欄位未定義,0.0,,教育,新北市政府主計處,境內高級中等學校教育概況(102學年度以前),2004,item value47,是（欄位說明僅存於新北市統計年報）,6566.0
93,,,,,,,欄位未定義,0.0,,教育,新北市政府主計處,境內高級中等學校教育概況(102學年度以前),2004,item value48,是（欄位說明僅存於新北市統計年報）,5867.0
93,,,,,,,欄位未定義,0.0,,教育,新北市政府主計處,境內高級中等學校教育概況(102學年度以前),2004,item value49,是（欄位說明僅存於新北市統計年報）,5904.0
93,,,,,,,欄位未定義,0.0,,教育,新北市政府主計處,境內高級中等學校教育概況(102學年度以前),2004,item value50,是（欄位說明僅存於新北市統計年報）,5628.0
93,,,,,,,欄位未定義,0.0,,教育,新北市政府主計處,境內高級中等學校教育概況(102學年度以前),2004,item value51,是（欄位說明僅存於新北市統計年報）,104.0
93,,,,,,,欄位未定義,0.0,,教育,新北市政府主計處,境內高級中等學校教育概況(102學年度以前),2004,item value52,是（欄位說明僅存於新北市統計年報）,64.0
93,,,,,,,欄位未定義,0.0,,教育,新北市政府主計處,境內高級中等學校教育概況(102學年度以前),2004,item value53,是（欄位說明僅存於新北市統計年報）,169.0
93,,,,,,,欄位未定義,0.0,,教育,新北市政府主計處,境內高級中等學校教育概況(102學年度以前),2004,item value54,是（欄位說明僅存於新北市統計年報）,88.0
93,,,,,,,欄位未定義,0.0,,教育,新北市政府主計處,境內高級中等學校教育概況(102學年度以前),2004,item value55,是（欄位說明僅存於新北市統計年報）,11146.0
93,,,,,,,欄位未定義,0.0,,教育,新北市政府主計處,境內高級中等學校教育概況(102學年度以前),2004,item value56,是（欄位說明僅存於新北市統計年報）,5681.0
93,,,,,,,欄位未定義,0.0,,教育,新北市政府主計處,境內高級中等學校教育概況(102學年度以前),2004,item value57,是（欄位說明僅存於新北市統計年報）,5465.0
93,,,,,,,欄位未定義,0.0,,教育,新北市政府主計處,政府教育經費概況,2004,itemvalue2,是（欄位說明僅存於新北市統計年報）,87982.0
93,,,,,,,欄位未定義,0.0,,教育,新北市政府主計處,政府教育經費概況,2004,itemvalue3,是（欄位說明僅存於新北市統計年報）,29408.0
93,,,,,,,欄位未定義,0.0,,教育,新北市政府主計處,政府教育經費概況,2004,itemvalue4,是（欄位說明僅存於新北市統計年報）,33.43
93,,,,,,,欄位未定義,0.0,,教育,新北市政府主計處,政府教育經費概況,2004,itemvalue5,是（欄位說明僅存於新北市統計年報）,82288.0
93,,,,,,,欄位未定義,0.0,,教育,新北市政府主計處,政府教育經費概況,2004,itemvalue6,是（欄位說明僅存於新北市統計年報）,28405.0
93,,,,,,,欄位未定義,0.0,,教育,新北市政府主計處,政府教育經費概況,2004,itemvalue7,是（欄位說明僅存於新北市統計年報）,34.52
93,,,,,,,欄位未定義,0.0,,社福,新北市政府主計處,中低收入老人生活津貼與老農津貼,2004,item value2,是（欄位說明僅存於新北市統計年報）,9135.0
93,,,,,,,欄位未定義,0.0,,社福,新北市政府主計處,中低收入老人生活津貼與老農津貼,2004,item value3,是（欄位說明僅存於新北市統計年報）,4336.0
93,,,,,,,欄位未定義,0.0,,社福,新北市政府主計處,中低收入老人生活津貼與老農津貼,2004,item value4,是（欄位說明僅存於新北市統計年報）,4799.0
93,,,,,,,欄位未定義,0.0,,社福,新北市政府主計處,中低收入老人生活津貼與老農津貼,2004,item value5,是（欄位說明僅存於新北市統計年報）,587070.0
93,,,,,,,欄位未定義,0.0,,社福,新北市政府主計處,中低收入老人生活津貼與老農津貼,2004,item value6,是（欄位說明僅存於新北市統計年報）,149.0
93,,,,,,,欄位未定義,0.0,,社福,新北市政府主計處,中低收入老人生活津貼與老農津貼,2004,item value7,是（欄位說明僅存於新北市統計年報）,90.0
93,,,,,,,欄位未定義,0.0,,社福,新北市政府主計處,中低收入老人生活津貼與老農津貼,2004,item value8,是（欄位說明僅存於新北市統計年報）,59.0
93,,,,,,,欄位未定義,0.0,,社福,新北市政府主計處,中低收入老人生活津貼與老農津貼,2004,item value9,是（欄位說明僅存於新北市統計年報）,11370.0
93,,,,,,,欄位未定義,0.0,,社福,新北市政府主計處,中低收入老人生活津貼與老農津貼,2004,item value10,是（欄位說明僅存於新北市統計年報）,594.0
93,,,,,,,欄位未定義,0.0,,社福,新北市政府主計處,中低收入老人生活津貼與老農津貼,2004,item value11,是（欄位說明僅存於新北市統計年報）,309.0
93,,,,,,,欄位未定義,0.0,,社福,新北市政府主計處,中低收入老人生活津貼與老農津貼,2004,item value12,是（欄位說明僅存於新北市統計年報）,285.0
93,,,,,,,欄位未定義,0.0,,社福,新北市政府主計處,中低收入老人生活津貼與老農津貼,2004,item value13,是（欄位說明僅存於新北市統計年報）,44118.0
93,,,,,,,欄位未定義,0.0,,社福,新北市政府主計處,中低收入老人生活津貼與老農津貼,2004,item value14,是（欄位說明僅存於新北市統計年報）,1118.0
93,,,,,,,欄位未定義,0.0,,社福,新北市政府主計處,中低收入老人生活津貼與老農津貼,2004,item value15,是（欄位說明僅存於新北市統計年報）,601.0
93,,,,,,,欄位未定義,0.0,,社福,新北市政府主計處,中低收入老人生活津貼與老農津貼,2004,item value16,是（欄位說明僅存於新北市統計年報）,517.0
93,,,,,,,欄位未定義,0.0,,社福,新北市政府主計處,中低收入老人生活津貼與老農津貼,2004,item value17,是（欄位說明僅存於新北市統計年報）,80148.0
93,,,,,,,欄位未定義,0.0,,社福,新北市政府主計處,中低收入老人生活津貼與老農津貼,2004,item value18,是（欄位說明僅存於新北市統計年報）,5184.0
93,,,,,,,欄位未定義,0.0,,社福,新北市政府主計處,中低收入老人生活津貼與老農津貼,2004,item value19,是（欄位說明僅存於新北市統計年報）,2361.0
93,,,,,,,欄位未定義,0.0,,社福,新北市政府主計處,中低收入老人生活津貼與老農津貼,2004,item value20,是（欄位說明僅存於新北市統計年報）,2823.0
93,,,,,,,欄位未定義,0.0,,社福,新北市政府主計處,中低收入老人生活津貼與老農津貼,2004,item value21,是（欄位說明僅存於新北市統計年報）,374532.0
93,,,,,,,欄位未定義,0.0,,社福,新北市政府主計處,中低收入老人生活津貼與老農津貼,2004,item value22,是（欄位說明僅存於新北市統計年報）,2090.0
93,,,,,,,欄位未定義,0.0,,社福,新北市政府主計處,中低收入老人生活津貼與老農津貼,2004,item value23,是（欄位說明僅存於新北市統計年報）,975.0
93,,,,,,,欄位未定義,0.0,,社福,新北市政府主計處,中低收入老人生活津貼與老農津貼,2004,item value24,是（欄位說明僅存於新北市統計年報）,1115.0
93,,,,,,,欄位未定義,0.0,,社福,新北市政府主計處,中低收入老人生活津貼與老農津貼,2004,item value25,是（欄位說明僅存於新北市統計年報）,76902.0
93,,,,,,,欄位未定義,0.0,,社福,新北市政府主計處,中低收入老人生活津貼與老農津貼,2004,item value26,是（欄位說明僅存於新北市統計年報）,24985.0
93,,,,,,,欄位未定義,0.0,,社福,新北市政府主計處,中低收入老人生活津貼與老農津貼,2004,item value27,是（欄位說明僅存於新北市統計年報）,0.0
93,,,,,,,欄位未定義,0.0,,社福,新北市政府主計處,中低收入老人生活津貼與老農津貼,2004,item value28,是（欄位說明僅存於新北市統計年報）,0.0
93,,,,,,,欄位未定義,0.0,,社福,新北市政府主計處,中低收入老人生活津貼與老農津貼,2004,item value29,是（欄位說明僅存於新北市統計年報）,1268603.0
93,,,,,,,欄位未定義,0.0,,社福,新北市政府主計處,低收入戶人數及生活扶助,2004,itemvalue2,是（欄位說明僅存於新北市統計年報）,8560.0
93,,,,,,,欄位未定義,0.0,,社福,新北市政府主計處,低收入戶人數及生活扶助,2004,itemvalue3,是（欄位說明僅存於新北市統計年報）,0.6888
93,,,,,,,欄位未定義,0.0,,社福,新北市政府主計處,低收入戶人數及生活扶助,2004,itemvalue4,是（欄位說明僅存於新北市統計年報）,22396.0
93,,,,,,,欄位未定義,0.0,,社福,新北市政府主計處,低收入戶人數及生活扶助,2004,itemvalue5,是（欄位說明僅存於新北市統計年報）,0.604
93,,,,,,,欄位未定義,0.0,,社福,新北市政府主計處,低收入戶人數及生活扶助,2004,itemvalue6,是（欄位說明僅存於新北市統計年報）,230.0
93,,,,,,,欄位未定義,0.0,,社福,新北市政府主計處,低收入戶人數及生活扶助,2004,itemvalue7,是（欄位說明僅存於新北市統計年報）,260.0
93,,,,,,,欄位未定義,0.0,,社福,新北市政府主計處,低收入戶人數及生活扶助,2004,itemvalue8,是（欄位說明僅存於新北市統計年報）,1621.0
93,,,,,,,欄位未定義,0.0,,社福,新北市政府主計處,低收入戶人數及生活扶助,2004,itemvalue9,是（欄位說明僅存於新北市統計年報）,3283.0
93,,,,,,,欄位未定義,0.0,,社福,新北市政府主計處,低收入戶人數及生活扶助,2004,itemvalue10,是（欄位說明僅存於新北市統計年報）,6709.0
93,,,,,,,欄位未定義,0.0,,社福,新北市政府主計處,低收入戶人數及生活扶助,2004,itemvalue11,是（欄位說明僅存於新北市統計年報）,18853.0
93,,,,,,,欄位未定義,0.0,,社福,新北市政府主計處,低收入戶人數及生活扶助,2004,itemvalue12,是（欄位說明僅存於新北市統計年報）,91876.0
93,,,,,,,欄位未定義,0.0,,社福,新北市政府主計處,低收入戶人數及生活扶助,2004,itemvalue13,是（欄位說明僅存於新北市統計年報）,19242.0
93,,,,,,,欄位未定義,0.0,,社福,新北市政府主計處,低收入戶人數及生活扶助,2004,itemvalue14,是（欄位說明僅存於新北市統計年報）,259124600.0
93,,,,,,,欄位未定義,0.0,,社福,新北市政府主計處,低收入戶人數及生活扶助,2004,itemvalue15,是（欄位說明僅存於新北市統計年報）,33879.0
93,,,,,,,欄位未定義,0.0,,社福,新北市政府主計處,低收入戶人數及生活扶助,2004,itemvalue16,是（欄位說明僅存於新北市統計年報）,135516000.0
93,,,,,,,欄位未定義,0.0,,社福,新北市政府主計處,低收入戶人數及生活扶助,2004,percent17,是（欄位說明僅存於新北市統計年報）,0.0
93,,,,,,,欄位未定義,0.0,,社福,新北市政府主計處,低收入戶人數及生活扶助,2004,percent18,是（欄位說明僅存於新北市統計年報）,0.0
93,,,,,,,欄位未定義,0.0,,社福,新北市政府主計處,低收入戶人數及生活扶助,2004,percent19,是（欄位說明僅存於新北市統計年報）,352.0
93,,,,,,,欄位未定義,0.0,,社福,新北市政府主計處,低收入戶人數及生活扶助,2004,percent20,是（欄位說明僅存於新北市統計年報）,3994502.0
93,,,,,,,欄位未定義,0.0,,社福,新北市政府主計處,低收入戶人數及生活扶助,2004,percent21,是（欄位說明僅存於新北市統計年報）,0.0
93,,,,,,,欄位未定義,0.0,,社福,新北市政府主計處,低收入戶人數及生活扶助,2004,percent22,是（欄位說明僅存於新北市統計年報）,0.0
93,,,,,,,欄位未定義,0.0,,社福,新北市政府主計處,低收入戶人數及生活扶助,2004,percent23,是（欄位說明僅存於新北市統計年報）,260.0
93,,,,,,,欄位未定義,0.0,,社福,新北市政府主計處,低收入戶人數及生活扶助,2004,percent24,是（欄位說明僅存於新北市統計年報）,7800000.0
93,,,,,,,欄位未定義,0.0,,社福,新北市政府主計處,低收入戶人數及生活扶助,2004,percent25,是（欄位說明僅存於新北市統計年報）,17612.0
93,,,,,,,欄位未定義,0.0,,社福,新北市政府主計處,低收入戶人數及生活扶助,2004,percent26,是（欄位說明僅存於新北市統計年報）,34442877.0
93,,,,,,,欄位未定義,0.0,,社福,新北市政府主計處,低收入戶人數及生活扶助,2004,percent27,是（欄位說明僅存於新北市統計年報）,0.0
93,,,,,,,欄位未定義,0.0,,社福,新北市政府主計處,低收入戶人數及生活扶助,2004,percent28,是（欄位說明僅存於新北市統計年報）,0.0
93,,,,,,,欄位未定義,0.0,,社福,新北市政府主計處,身心障礙福利服務概況,2004,itemvalue2,是（欄位說明僅存於新北市統計年報）,31.0
93,,,,,,,欄位未定義,0.0,,社福,新北市政府主計處,身心障礙福利服務概況,2004,itemvalue3,是（欄位說明僅存於新北市統計年報）,1620.0
93,,,,,,,欄位未定義,0.0,,社福,新北市政府主計處,身心障礙福利服務概況,2004,itemvalue4,是（欄位說明僅存於新北市統計年報）,971.0
93,,,,,,,欄位未定義,0.0,,社福,新北市政府主計處,身心障礙福利服務概況,2004,itemvalue5,是（欄位說明僅存於新北市統計年報）,649.0
93,,,,,,,欄位未定義,0.0,,社福,新北市政府主計處,身心障礙福利服務概況,2004,itemvalue6,是（欄位說明僅存於新北市統計年報）,352766.0
93,,,,,,,欄位未定義,0.0,,社福,新北市政府主計處,身心障礙福利服務概況,2004,itemvalue7,是（欄位說明僅存於新北市統計年報）,1429809.0
93,,,,,,,欄位未定義,0.0,,社福,新北市政府主計處,身心障礙福利服務概況,2004,itemvalue8,是（欄位說明僅存於新北市統計年報）,7247.0
93,,,,,,,欄位未定義,0.0,,社福,新北市政府主計處,身心障礙福利服務概況,2004,itemvalue9,是（欄位說明僅存於新北市統計年報）,73934.0
93,,,,,,,欄位未定義,0.0,,社福,新北市政府主計處,身心障礙福利服務概況,2004,itemvalue10,是（欄位說明僅存於新北市統計年報）,2070.0
93,,,,,,,欄位未定義,0.0,,社福,新北市政府主計處,身心障礙福利服務概況,2004,itemvalue11,是（欄位說明僅存於新北市統計年報）,321652.0
