民國年,月,區代碼,行政區,年齡標籤,年齡下限,年齡上限,青年關係,青年權重,性別,人數
103,1,13,汐止區,0歲,0,0,不相關,0.0,男,749
103,1,13,汐止區,0歲,0,0,不相關,0.0,女,726
103,1,13,汐止區,1歲,1,1,不相關,0.0,男,897
103,1,13,汐止區,1歲,1,1,不相關,0.0,女,839
103,1,13,汐止區,2歲,2,2,不相關,0.0,男,698
103,1,13,汐止區,2歲,2,2,不相關,0.0,女,685
103,1,13,汐止區,3歲,3,3,不相關,0.0,男,577
103,1,13,汐止區,3歲,3,3,不相關,0.0,女,512
103,1,13,汐止區,4歲,4,4,不相關,0.0,男,659
103,1,13,汐止區,4歲,4,4,不相關,0.0,女,596
103,1,13,汐止區,5歲,5,5,不相關,0.0,男,672
103,1,13,汐止區,5歲,5,5,不相關,0.0,女,628
103,1,13,汐止區,6歲,6,6,不相關,0.0,男,776
103,1,13,汐止區,6歲,6,6,不相關,0.0,女,696
103,1,13,汐止區,7歲,7,7,不相關,0.0,男,713
103,1,13,汐止區,7歲,7,7,不相關,0.0,女,722
103,1,13,汐止區,8歲,8,8,不相關,0.0,男,779
103,1,13,汐止區,8歲,8,8,不相關,0.0,女,656
103,1,13,汐止區,9歲,9,9,不相關,0.0,男,779
103,1,13,汐止區,9歲,9,9,不相關,0.0,女,673
103,1,13,汐止區,10歲,10,10,不相關,0.0,男,767
103,1,13,汐止區,10歲,10,10,不相關,0.0,女,763
103,1,13,汐止區,11歲,11,11,不相關,0.0,男,852
103,1,13,汐止區,11歲,11,11,不相關,0.0,女,795
103,1,13,汐止區,12歲,12,12,不相關,0.0,男,879
103,1,13,汐止區,12歲,12,12,不相關,0.0,女,790
103,1,13,汐止區,13歲,13,13,不相關,0.0,男,1076
103,1,13,汐止區,13歲,13,13,不相關,0.0,女,934
103,1,13,汐止區,14歲,14,14,不相關,0.0,男,1006
103,1,13,汐止區,14歲,14,14,不相關,0.0,女,937
103,1,13,汐止區,15歲,15,15,不相關,0.0,男,979
103,1,13,汐止區,15歲,15,15,不相關,0.0,女,961
103,1,13,汐止區,16歲,16,16,不相關,0.0,男,1296
103,1,13,汐止區,16歲,16,16,不相關,0.0,女,1227
103,1,13,汐止區,17歲,17,17,不相關,0.0,男,1304
103,1,13,汐止區,17歲,17,17,不相關,0.0,女,1194
103,1,13,汐止區,18歲,18,18,完全落入,1.0,男,1414
103,1,13,汐止區,18歲,18,18,完全落入,1.0,女,1246
103,1,13,汐止區,19歲,19,19,完全落入,1.0,男,1418
103,1,13,汐止區,19歲,19,19,完全落入,1.0,女,1312
103,1,13,汐止區,20歲,20,20,完全落入,1.0,男,1419
103,1,13,汐止區,20歲,20,20,完全落入,1.0,女,1289
103,1,13,汐止區,21歲,21,21,完全落入,1.0,男,1437
103,1,13,汐止區,21歲,21,21,完全落入,1.0,女,1289
103,1,13,汐止區,22歲,22,22,完全落入,1.0,男,1415
103,1,13,汐止區,22歲,22,22,完全落入,1.0,女,1254
103,1,13,汐止區,23歲,23,23,完全落入,1.0,男,1490
103,1,13,汐止區,23歲,23,23,完全落入,1.0,女,1321
103,1,13,汐止區,24歲,24,24,完全落入,1.0,男,1266
103,1,13,汐止區,24歲,24,24,完全落入,1.0,女,1199
103,1,13,汐止區,25歲,25,25,完全落入,1.0,男,1321
103,1,13,汐止區,25歲,25,25,完全落入,1.0,女,1338
103,1,13,汐止區,26歲,26,26,完全落入,1.0,男,1198
103,1,13,汐止區,26歲,26,26,完全落入,1.0,女,1145
103,1,13,汐止區,27歲,27,27,完全落入,1.0,男,1094
103,1,13,汐止區,27歲,27,27,完全落入,1.0,女,1149
103,1,13,汐止區,28歲,28,28,完全落入,1.0,男,1333
103,1,13,汐止區,28歲,28,28,完全落入,1.0,女,1282
103,1,13,汐止區,29歲,29,29,完全落入,1.0,男,1392
103,1,13,汐止區,29歲,29,29,完全落入,1.0,女,1399
103,1,13,汐止區,30歲,30,30,完全落入,1.0,男,1526
103,1,13,汐止區,30歲,30,30,完全落入,1.0,女,1451
103,1,13,汐止區,31歲,31,31,完全落入,1.0,男,1688
103,1,13,汐止區,31歲,31,31,完全落入,1.0,女,1630
103,1,13,汐止區,32歲,32,32,完全落入,1.0,男,1658
103,1,13,汐止區,32歲,32,32,完全落入,1.0,女,1634
103,1,13,汐止區,33歲,33,33,完全落入,1.0,男,1678
103,1,13,汐止區,33歲,33,33,完全落入,1.0,女,1725
103,1,13,汐止區,34歲,34,34,完全落入,1.0,男,1851
103,1,13,汐止區,34歲,34,34,完全落入,1.0,女,1806
103,1,13,汐止區,35歲,35,35,完全落入,1.0,男,1668
103,1,13,汐止區,35歲,35,35,完全落入,1.0,女,1696
103,1,13,汐止區,36歲,36,36,不相關,0.0,男,1601
103,1,13,汐止區,36歲,36,36,不相關,0.0,女,1641
103,1,13,汐止區,37歲,37,37,不相關,0.0,男,1839
103,1,13,汐止區,37歲,37,37,不相關,0.0,女,1881
103,1,13,汐止區,38歲,38,38,不相關,0.0,男,1594
103,1,13,汐止區,38歲,38,38,不相關,0.0,女,1613
103,1,13,汐止區,39歲,39,39,不相關,0.0,男,1595
103,1,13,汐止區,39歲,39,39,不相關,0.0,女,1557
103,1,13,汐止區,40歲,40,40,不相關,0.0,男,1583
103,1,13,汐止區,40歲,40,40,不相關,0.0,女,1578
103,1,13,汐止區,41歲,41,41,不相關,0.0,男,1553
103,1,13,汐止區,41歲,41,41,不相關,0.0,女,1706
103,1,13,汐止區,42歲,42,42,不相關,0.0,男,1679
103,1,13,汐止區,42歲,42,42,不相關,0.0,女,1693
103,1,13,汐止區,43歲,43,43,不相關,0.0,男,1775
103,1,13,汐止區,43歲,43,43,不相關,0.0,女,1860
103,1,13,汐止區,44歲,44,44,不相關,0.0,男,1779
103,1,13,汐止區,44歲,44,44,不相關,0.0,女,1897
103,1,13,汐止區,45歲,45,45,不相關,0.0,男,1756
103,1,13,汐止區,45歲,45,45,不相關,0.0,女,1989
103,1,13,汐止區,46歲,46,46,不相關,0.0,男,1795
103,1,13,汐止區,46歲,46,46,不相關,0.0,女,1969
103,1,13,汐止區,47歲,47,47,不相關,0.0,男,1881
103,1,13,汐止區,47歲,47,47,不相關,0.0,女,1994
103,1,13,汐止區,48歲,48,48,不相關,0.0,男,1896
103,1,13,汐止區,48歲,48,48,不相關,0.0,女,2060
103,1,13,汐止區,49歲,49,49,不相關,0.0,男,1881
103,1,13,汐止區,49歲,49,49,不相關,0.0,女,2044
103,1,13,汐止區,50歲,50,50,不相關,0.0,男,1942
103,1,13,汐止區,50歲,50,50,不相關,0.0,女,2006
103,1,13,汐止區,51歲,51,51,不相關,0.0,男,1820
103,1,13,汐止區,51歲,51,51,不相關,0.0,女,1993
103,1,13,汐止區,52歲,52,52,不相關,0.0,男,1788
103,1,13,汐止區,52歲,52,52,不相關,0.0,女,1852
103,1,13,汐止區,53歲,53,53,不相關,0.0,男,1750
103,1,13,汐止區,53歲,53,53,不相關,0.0,女,1861
103,1,13,汐止區,54歲,54,54,不相關,0.0,男,1607
103,1,13,汐止區,54歲,54,54,不相關,0.0,女,1743
103,1,13,汐止區,55歲,55,55,不相關,0.0,男,1592
103,1,13,汐止區,55歲,55,55,不相關,0.0,女,1710
103,1,13,汐止區,56歲,56,56,不相關,0.0,男,1441
103,1,13,汐止區,56歲,56,56,不相關,0.0,女,1605
103,1,13,汐止區,57歲,57,57,不相關,0.0,男,1461
103,1,13,汐止區,57歲,57,57,不相關,0.0,女,1643
103,1,13,汐止區,58歲,58,58,不相關,0.0,男,1343
103,1,13,汐止區,58歲,58,58,不相關,0.0,女,1588
103,1,13,汐止區,59歲,59,59,不相關,0.0,男,1259
103,1,13,汐止區,59歲,59,59,不相關,0.0,女,1491
103,1,13,汐止區,60歲,60,60,不相關,0.0,男,1213
103,1,13,汐止區,60歲,60,60,不相關,0.0,女,1353
103,1,13,汐止區,61歲,61,61,不相關,0.0,男,1163
103,1,13,汐止區,61歲,61,61,不相關,0.0,女,1396
103,1,13,汐止區,62歲,62,62,不相關,0.0,男,1095
103,1,13,汐止區,62歲,62,62,不相關,0.0,女,1339
103,1,13,汐止區,63歲,63,63,不相關,0.0,男,928
103,1,13,汐止區,63歲,63,63,不相關,0.0,女,1134
103,1,13,汐止區,64歲,64,64,不相關,0.0,男,917
103,1,13,汐止區,64歲,64,64,不相關,0.0,女,1098
103,1,13,汐止區,65歲,65,65,不相關,0.0,男,751
103,1,13,汐止區,65歲,65,65,不相關,0.0,女,865
103,1,13,汐止區,66歲,66,66,不相關,0.0,男,636
103,1,13,汐止區,66歲,66,66,不相關,0.0,女,758
103,1,13,汐止區,67歲,67,67,不相關,0.0,男,505
103,1,13,汐止區,67歲,67,67,不相關,0.0,女,562
103,1,13,汐止區,68歲,68,68,不相關,0.0,男,411
103,1,13,汐止區,68歲,68,68,不相關,0.0,女,467
103,1,13,汐止區,69歲,69,69,不相關,0.0,男,478
103,1,13,汐止區,69歲,69,69,不相關,0.0,女,546
103,1,13,汐止區,70歲,70,70,不相關,0.0,男,489
103,1,13,汐止區,70歲,70,70,不相關,0.0,女,606
103,1,13,汐止區,71歲,71,71,不相關,0.0,男,453
103,1,13,汐止區,71歲,71,71,不相關,0.0,女,605
103,1,13,汐止區,72歲,72,72,不相關,0.0,男,452
103,1,13,汐止區,72歲,72,72,不相關,0.0,女,548
103,1,13,汐止區,73歲,73,73,不相關,0.0,男,436
103,1,13,汐止區,73歲,73,73,不相關,0.0,女,513
103,1,13,汐止區,74歲,74,74,不相關,0.0,男,364
103,1,13,汐止區,74歲,74,74,不相關,0.0,女,496
103,1,13,汐止區,75歲,75,75,不相關,0.0,男,326
103,1,13,汐止區,75歲,75,75,不相關,0.0,女,403
103,1,13,汐止區,76歲,76,76,不相關,0.0,男,298
103,1,13,汐止區,76歲,76,76,不相關,0.0,女,431
103,1,13,汐止區,77歲,77,77,不相關,0.0,男,266
103,1,13,汐止區,77歲,77,77,不相關,0.0,女,388
103,1,13,汐止區,78歲,78,78,不相關,0.0,男,220
103,1,13,汐止區,78歲,78,78,不相關,0.0,女,337
103,1,13,汐止區,79歲,79,79,不相關,0.0,男,220
103,1,13,汐止區,79歲,79,79,不相關,0.0,女,275
103,1,13,汐止區,80歲,80,80,不相關,0.0,男,220
103,1,13,汐止區,80歲,80,80,不相關,0.0,女,264
103,1,13,汐止區,81歲,81,81,不相關,0.0,男,198
103,1,13,汐止區,81歲,81,81,不相關,0.0,女,228
103,1,13,汐止區,82歲,82,82,不相關,0.0,男,207
103,1,13,汐止區,82歲,82,82,不相關,0.0,女,219
103,1,13,汐止區,83歲,83,83,不相關,0.0,男,197
103,1,13,汐止區,83歲,83,83,不相關,0.0,女,224
103,1,13,汐止區,84歲,84,84,不相關,0.0,男,180
103,1,13,汐止區,84歲,84,84,不相關,0.0,女,190
103,1,13,汐止區,85歲,85,85,不相關,0.0,男,151
103,1,13,汐止區,85歲,85,85,不相關,0.0,女,150
103,1,13,汐止區,86歲,86,86,不相關,0.0,男,146
103,1,13,汐止區,86歲,86,86,不相關,0.0,女,142
103,1,13,汐止區,87歲,87,87,不相關,0.0,男,109
103,1,13,汐止區,87歲,87,87,不相關,0.0,女,137
103,1,13,汐止區,88歲,88,88,不相關,0.0,男,105
103,1,13,汐止區,88歲,88,88,不相關,0.0,女,118
103,1,13,汐止區,89歲,89,89,不相關,0.0,男,79
103,1,13,汐止區,89歲,89,89,不相關,0.0,女,91
103,1,13,汐止區,90歲,90,90,不相關,0.0,男,74
103,1,13,汐止區,90歲,90,90,不相關,0.0,女,85
103,1,13,汐止區,91歲,91,91,不相關,0.0,男,52
103,1,13,汐止區,91歲,91,91,不相關,0.0,女,69
103,1,13,汐止區,92歲,92,92,不相關,0.0,男,43
103,1,13,汐止區,92歲,92,92,不相關,0.0,女,42
103,1,13,汐止區,93歲,93,93,不相關,0.0,男,28
103,1,13,汐止區,93歲,93,93,不相關,0.0,女,32
103,1,13,汐止區,94歲,94,94,不相關,0.0,男,19
103,1,13,汐止區,94歲,94,94,不相關,0.0,女,28
103,1,13,汐止區,95歲,95,95,不相關,0.0,男,20
103,1,13,汐止區,95歲,95,95,不相關,0.0,女,16
103,1,13,汐止區,96歲,96,96,不相關,0.0,男,11
103,1,13,汐止區,96歲,96,96,不相關,0.0,女,15
103,1,13,汐止區,97歲,97,97,不相關,0.0,男,12
103,1,13,汐止區,97歲,97,97,不相關,0.0,女,18
103,1,13,汐止區,98歲,98,98,不相關,0.0,男,7
103,1,13,汐止區,98歲,98,98,不相關,0.0,女,5
103,1,13,汐止區,99歲,99,99,不相關,0.0,男,2
103,1,13,汐止區,99歲,99,99,不相關,0.0,女,6
103,1,13,汐止區,100歲以上,100,100,不相關,0.0,男,10
103,1,13,汐止區,100歲以上,100,100,不相關,0.0,女,18
103,2,13,汐止區,0歲,0,0,不相關,0.0,男,749
103,2,13,汐止區,0歲,0,0,不相關,0.0,女,735
103,2,13,汐止區,1歲,1,1,不相關,0.0,男,889
103,2,13,汐止區,1歲,1,1,不相關,0.0,女,806
103,2,13,汐止區,2歲,2,2,不相關,0.0,男,713
103,2,13,汐止區,2歲,2,2,不相關,0.0,女,723
103,2,13,汐止區,3歲,3,3,不相關,0.0,男,584
103,2,13,汐止區,3歲,3,3,不相關,0.0,女,518
103,2,13,汐止區,4歲,4,4,不相關,0.0,男,655
103,2,13,汐止區,4歲,4,4,不相關,0.0,女,579
103,2,13,汐止區,5歲,5,5,不相關,0.0,男,658
103,2,13,汐止區,5歲,5,5,不相關,0.0,女,646
103,2,13,汐止區,6歲,6,6,不相關,0.0,男,798
103,2,13,汐止區,6歲,6,6,不相關,0.0,女,684
103,2,13,汐止區,7歲,7,7,不相關,0.0,男,713
103,2,13,汐止區,7歲,7,7,不相關,0.0,女,725
103,2,13,汐止區,8歲,8,8,不相關,0.0,男,770
103,2,13,汐止區,8歲,8,8,不相關,0.0,女,666
103,2,13,汐止區,9歲,9,9,不相關,0.0,男,785
103,2,13,汐止區,9歲,9,9,不相關,0.0,女,652
103,2,13,汐止區,10歲,10,10,不相關,0.0,男,757
103,2,13,汐止區,10歲,10,10,不相關,0.0,女,744
103,2,13,汐止區,11歲,11,11,不相關,0.0,男,849
103,2,13,汐止區,11歲,11,11,不相關,0.0,女,798
103,2,13,汐止區,12歲,12,12,不相關,0.0,男,872
103,2,13,汐止區,12歲,12,12,不相關,0.0,女,776
103,2,13,汐止區,13歲,13,13,不相關,0.0,男,1075
103,2,13,汐止區,13歲,13,13,不相關,0.0,女,946
103,2,13,汐止區,14歲,14,14,不相關,0.0,男,1001
103,2,13,汐止區,14歲,14,14,不相關,0.0,女,923
103,2,13,汐止區,15歲,15,15,不相關,0.0,男,968
103,2,13,汐止區,15歲,15,15,不相關,0.0,女,963
103,2,13,汐止區,16歲,16,16,不相關,0.0,男,1293
103,2,13,汐止區,16歲,16,16,不相關,0.0,女,1205
103,2,13,汐止區,17歲,17,17,不相關,0.0,男,1292
103,2,13,汐止區,17歲,17,17,不相關,0.0,女,1195
103,2,13,汐止區,18歲,18,18,完全落入,1.0,男,1405
103,2,13,汐止區,18歲,18,18,完全落入,1.0,女,1252
103,2,13,汐止區,19歲,19,19,完全落入,1.0,男,1424
103,2,13,汐止區,19歲,19,19,完全落入,1.0,女,1311
103,2,13,汐止區,20歲,20,20,完全落入,1.0,男,1427
103,2,13,汐止區,20歲,20,20,完全落入,1.0,女,1298
103,2,13,汐止區,21歲,21,21,完全落入,1.0,男,1443
103,2,13,汐止區,21歲,21,21,完全落入,1.0,女,1264
103,2,13,汐止區,22歲,22,22,完全落入,1.0,男,1415
103,2,13,汐止區,22歲,22,22,完全落入,1.0,女,1265
103,2,13,汐止區,23歲,23,23,完全落入,1.0,男,1491
103,2,13,汐止區,23歲,23,23,完全落入,1.0,女,1324
103,2,13,汐止區,24歲,24,24,完全落入,1.0,男,1297
103,2,13,汐止區,24歲,24,24,完全落入,1.0,女,1199
103,2,13,汐止區,25歲,25,25,完全落入,1.0,男,1314
103,2,13,汐止區,25歲,25,25,完全落入,1.0,女,1347
103,2,13,汐止區,26歲,26,26,完全落入,1.0,男,1168
103,2,13,汐止區,26歲,26,26,完全落入,1.0,女,1172
103,2,13,汐止區,27歲,27,27,完全落入,1.0,男,1114
103,2,13,汐止區,27歲,27,27,完全落入,1.0,女,1112
103,2,13,汐止區,28歲,28,28,完全落入,1.0,男,1311
103,2,13,汐止區,28歲,28,28,完全落入,1.0,女,1284
103,2,13,汐止區,29歲,29,29,完全落入,1.0,男,1394
103,2,13,汐止區,29歲,29,29,完全落入,1.0,女,1402
103,2,13,汐止區,30歲,30,30,完全落入,1.0,男,1532
103,2,13,汐止區,30歲,30,30,完全落入,1.0,女,1459
103,2,13,汐止區,31歲,31,31,完全落入,1.0,男,1650
103,2,13,汐止區,31歲,31,31,完全落入,1.0,女,1613
103,2,13,汐止區,32歲,32,32,完全落入,1.0,男,1677
103,2,13,汐止區,32歲,32,32,完全落入,1.0,女,1633
103,2,13,汐止區,33歲,33,33,完全落入,1.0,男,1666
103,2,13,汐止區,33歲,33,33,完全落入,1.0,女,1732
103,2,13,汐止區,34歲,34,34,完全落入,1.0,男,1846
103,2,13,汐止區,34歲,34,34,完全落入,1.0,女,1783
103,2,13,汐止區,35歲,35,35,完全落入,1.0,男,1687
103,2,13,汐止區,35歲,35,35,完全落入,1.0,女,1710
103,2,13,汐止區,36歲,36,36,不相關,0.0,男,1584
103,2,13,汐止區,36歲,36,36,不相關,0.0,女,1635
103,2,13,汐止區,37歲,37,37,不相關,0.0,男,1833
103,2,13,汐止區,37歲,37,37,不相關,0.0,女,1865
103,2,13,汐止區,38歲,38,38,不相關,0.0,男,1613
103,2,13,汐止區,38歲,38,38,不相關,0.0,女,1629
103,2,13,汐止區,39歲,39,39,不相關,0.0,男,1593
103,2,13,汐止區,39歲,39,39,不相關,0.0,女,1575
103,2,13,汐止區,40歲,40,40,不相關,0.0,男,1597
103,2,13,汐止區,40歲,40,40,不相關,0.0,女,1567
103,2,13,汐止區,41歲,41,41,不相關,0.0,男,1532
103,2,13,汐止區,41歲,41,41,不相關,0.0,女,1671
103,2,13,汐止區,42歲,42,42,不相關,0.0,男,1670
103,2,13,汐止區,42歲,42,42,不相關,0.0,女,1705
103,2,13,汐止區,43歲,43,43,不相關,0.0,男,1746
103,2,13,汐止區,43歲,43,43,不相關,0.0,女,1838
103,2,13,汐止區,44歲,44,44,不相關,0.0,男,1806
103,2,13,汐止區,44歲,44,44,不相關,0.0,女,1899
103,2,13,汐止區,45歲,45,45,不相關,0.0,男,1724
103,2,13,汐止區,45歲,45,45,不相關,0.0,女,1967
103,2,13,汐止區,46歲,46,46,不相關,0.0,男,1834
103,2,13,汐止區,46歲,46,46,不相關,0.0,女,1988
103,2,13,汐止區,47歲,47,47,不相關,0.0,男,1846
103,2,13,汐止區,47歲,47,47,不相關,0.0,女,1984
103,2,13,汐止區,48歲,48,48,不相關,0.0,男,1886
103,2,13,汐止區,48歲,48,48,不相關,0.0,女,2058
103,2,13,汐止區,49歲,49,49,不相關,0.0,男,1891
103,2,13,汐止區,49歲,49,49,不相關,0.0,女,2045
103,2,13,汐止區,50歲,50,50,不相關,0.0,男,1934
103,2,13,汐止區,50歲,50,50,不相關,0.0,女,1981
103,2,13,汐止區,51歲,51,51,不相關,0.0,男,1821
103,2,13,汐止區,51歲,51,51,不相關,0.0,女,2020
103,2,13,汐止區,52歲,52,52,不相關,0.0,男,1796
103,2,13,汐止區,52歲,52,52,不相關,0.0,女,1871
103,2,13,汐止區,53歲,53,53,不相關,0.0,男,1731
103,2,13,汐止區,53歲,53,53,不相關,0.0,女,1829
103,2,13,汐止區,54歲,54,54,不相關,0.0,男,1619
103,2,13,汐止區,54歲,54,54,不相關,0.0,女,1760
103,2,13,汐止區,55歲,55,55,不相關,0.0,男,1612
103,2,13,汐止區,55歲,55,55,不相關,0.0,女,1745
103,2,13,汐止區,56歲,56,56,不相關,0.0,男,1430
103,2,13,汐止區,56歲,56,56,不相關,0.0,女,1581
103,2,13,汐止區,57歲,57,57,不相關,0.0,男,1475
103,2,13,汐止區,57歲,57,57,不相關,0.0,女,1650
103,2,13,汐止區,58歲,58,58,不相關,0.0,男,1314
103,2,13,汐止區,58歲,58,58,不相關,0.0,女,1581
103,2,13,汐止區,59歲,59,59,不相關,0.0,男,1274
103,2,13,汐止區,59歲,59,59,不相關,0.0,女,1498
103,2,13,汐止區,60歲,60,60,不相關,0.0,男,1231
103,2,13,汐止區,60歲,60,60,不相關,0.0,女,1358
103,2,13,汐止區,61歲,61,61,不相關,0.0,男,1147
103,2,13,汐止區,61歲,61,61,不相關,0.0,女,1395
103,2,13,汐止區,62歲,62,62,不相關,0.0,男,1114
103,2,13,汐止區,62歲,62,62,不相關,0.0,女,1354
103,2,13,汐止區,63歲,63,63,不相關,0.0,男,948
103,2,13,汐止區,63歲,63,63,不相關,0.0,女,1161
103,2,13,汐止區,64歲,64,64,不相關,0.0,男,888
103,2,13,汐止區,64歲,64,64,不相關,0.0,女,1073
103,2,13,汐止區,65歲,65,65,不相關,0.0,男,791
103,2,13,汐止區,65歲,65,65,不相關,0.0,女,903
103,2,13,汐止區,66歲,66,66,不相關,0.0,男,623
103,2,13,汐止區,66歲,66,66,不相關,0.0,女,749
103,2,13,汐止區,67歲,67,67,不相關,0.0,男,534
103,2,13,汐止區,67歲,67,67,不相關,0.0,女,583
103,2,13,汐止區,68歲,68,68,不相關,0.0,男,400
103,2,13,汐止區,68歲,68,68,不相關,0.0,女,467
103,2,13,汐止區,69歲,69,69,不相關,0.0,男,471
103,2,13,汐止區,69歲,69,69,不相關,0.0,女,552
103,2,13,汐止區,70歲,70,70,不相關,0.0,男,504
103,2,13,汐止區,70歲,70,70,不相關,0.0,女,609
103,2,13,汐止區,71歲,71,71,不相關,0.0,男,451
103,2,13,汐止區,71歲,71,71,不相關,0.0,女,584
103,2,13,汐止區,72歲,72,72,不相關,0.0,男,446
103,2,13,汐止區,72歲,72,72,不相關,0.0,女,562
103,2,13,汐止區,73歲,73,73,不相關,0.0,男,434
103,2,13,汐止區,73歲,73,73,不相關,0.0,女,488
103,2,13,汐止區,74歲,74,74,不相關,0.0,男,365
103,2,13,汐止區,74歲,74,74,不相關,0.0,女,514
103,2,13,汐止區,75歲,75,75,不相關,0.0,男,343
103,2,13,汐止區,75歲,75,75,不相關,0.0,女,415
103,2,13,汐止區,76歲,76,76,不相關,0.0,男,291
103,2,13,汐止區,76歲,76,76,不相關,0.0,女,430
103,2,13,汐止區,77歲,77,77,不相關,0.0,男,272
103,2,13,汐止區,77歲,77,77,不相關,0.0,女,385
103,2,13,汐止區,78歲,78,78,不相關,0.0,男,219
103,2,13,汐止區,78歲,78,78,不相關,0.0,女,336
103,2,13,汐止區,79歲,79,79,不相關,0.0,男,216
103,2,13,汐止區,79歲,79,79,不相關,0.0,女,281
103,2,13,汐止區,80歲,80,80,不相關,0.0,男,228
103,2,13,汐止區,80歲,80,80,不相關,0.0,女,257
103,2,13,汐止區,81歲,81,81,不相關,0.0,男,192
103,2,13,汐止區,81歲,81,81,不相關,0.0,女,227
103,2,13,汐止區,82歲,82,82,不相關,0.0,男,206
103,2,13,汐止區,82歲,82,82,不相關,0.0,女,225
103,2,13,汐止區,83歲,83,83,不相關,0.0,男,184
103,2,13,汐止區,83歲,83,83,不相關,0.0,女,217
103,2,13,汐止區,84歲,84,84,不相關,0.0,男,194
103,2,13,汐止區,84歲,84,84,不相關,0.0,女,189
103,2,13,汐止區,85歲,85,85,不相關,0.0,男,139
103,2,13,汐止區,85歲,85,85,不相關,0.0,女,149
103,2,13,汐止區,86歲,86,86,不相關,0.0,男,146
103,2,13,汐止區,86歲,86,86,不相關,0.0,女,153
103,2,13,汐止區,87歲,87,87,不相關,0.0,男,116
103,2,13,汐止區,87歲,87,87,不相關,0.0,女,127
103,2,13,汐止區,88歲,88,88,不相關,0.0,男,97
103,2,13,汐止區,88歲,88,88,不相關,0.0,女,115
103,2,13,汐止區,89歲,89,89,不相關,0.0,男,83
103,2,13,汐止區,89歲,89,89,不相關,0.0,女,100
103,2,13,汐止區,90歲,90,90,不相關,0.0,男,79
103,2,13,汐止區,90歲,90,90,不相關,0.0,女,82
103,2,13,汐止區,91歲,91,91,不相關,0.0,男,46
103,2,13,汐止區,91歲,91,91,不相關,0.0,女,69
103,2,13,汐止區,92歲,92,92,不相關,0.0,男,46
103,2,13,汐止區,92歲,92,92,不相關,0.0,女,41
103,2,13,汐止區,93歲,93,93,不相關,0.0,男,29
103,2,13,汐止區,93歲,93,93,不相關,0.0,女,35
103,2,13,汐止區,94歲,94,94,不相關,0.0,男,19
103,2,13,汐止區,94歲,94,94,不相關,0.0,女,27
103,2,13,汐止區,95歲,95,95,不相關,0.0,男,23
103,2,13,汐止區,95歲,95,95,不相關,0.0,女,16
103,2,13,汐止區,96歲,96,96,不相關,0.0,男,12
103,2,13,汐止區,96歲,96,96,不相關,0.0,女,14
103,2,13,汐止區,97歲,97,97,不相關,0.0,男,11
103,2,13,汐止區,97歲,97,97,不相關,0.0,女,18
103,2,13,汐止區,98歲,98,98,不相關,0.0,男,8
103,2,13,汐止區,98歲,98,98,不相關,0.0,女,5
103,2,13,汐止區,99歲,99,99,不相關,0.0,男,1
103,2,13,汐止區,99歲,99,99,不相關,0.0,女,6
103,2,13,汐止區,100歲以上,100,100,不相關,0.0,男,11
103,2,13,汐止區,100歲以上,100,100,不相關,0.0,女,16
103,3,13,汐止區,0歲,0,0,不相關,0.0,男,754
103,3,13,汐止區,0歲,0,0,不相關,0.0,女,737
103,3,13,汐止區,1歲,1,1,不相關,0.0,男,875
103,3,13,汐止區,1歲,1,1,不相關,0.0,女,789
103,3,13,汐止區,2歲,2,2,不相關,0.0,男,738
103,3,13,汐止區,2歲,2,2,不相關,0.0,女,741
103,3,13,汐止區,3歲,3,3,不相關,0.0,男,580
103,3,13,汐止區,3歲,3,3,不相關,0.0,女,530
103,3,13,汐止區,4歲,4,4,不相關,0.0,男,656
103,3,13,汐止區,4歲,4,4,不相關,0.0,女,572
103,3,13,汐止區,5歲,5,5,不相關,0.0,男,669
103,3,13,汐止區,5歲,5,5,不相關,0.0,女,644
103,3,13,汐止區,6歲,6,6,不相關,0.0,男,787
103,3,13,汐止區,6歲,6,6,不相關,0.0,女,667
103,3,13,汐止區,7歲,7,7,不相關,0.0,男,710
103,3,13,汐止區,7歲,7,7,不相關,0.0,女,710
103,3,13,汐止區,8歲,8,8,不相關,0.0,男,766
103,3,13,汐止區,8歲,8,8,不相關,0.0,女,675
103,3,13,汐止區,9歲,9,9,不相關,0.0,男,786
103,3,13,汐止區,9歲,9,9,不相關,0.0,女,666
103,3,13,汐止區,10歲,10,10,不相關,0.0,男,750
103,3,13,汐止區,10歲,10,10,不相關,0.0,女,732
103,3,13,汐止區,11歲,11,11,不相關,0.0,男,827
103,3,13,汐止區,11歲,11,11,不相關,0.0,女,793
103,3,13,汐止區,12歲,12,12,不相關,0.0,男,886
103,3,13,汐止區,12歲,12,12,不相關,0.0,女,782
103,3,13,汐止區,13歲,13,13,不相關,0.0,男,1055
103,3,13,汐止區,13歲,13,13,不相關,0.0,女,950
103,3,13,汐止區,14歲,14,14,不相關,0.0,男,1008
103,3,13,汐止區,14歲,14,14,不相關,0.0,女,898
103,3,13,汐止區,15歲,15,15,不相關,0.0,男,946
103,3,13,汐止區,15歲,15,15,不相關,0.0,女,961
103,3,13,汐止區,16歲,16,16,不相關,0.0,男,1286
103,3,13,汐止區,16歲,16,16,不相關,0.0,女,1198
103,3,13,汐止區,17歲,17,17,不相關,0.0,男,1305
103,3,13,汐止區,17歲,17,17,不相關,0.0,女,1185
103,3,13,汐止區,18歲,18,18,完全落入,1.0,男,1387
103,3,13,汐止區,18歲,18,18,完全落入,1.0,女,1262
103,3,13,汐止區,19歲,19,19,完全落入,1.0,男,1445
103,3,13,汐止區,19歲,19,19,完全落入,1.0,女,1301
103,3,13,汐止區,20歲,20,20,完全落入,1.0,男,1427
103,3,13,汐止區,20歲,20,20,完全落入,1.0,女,1314
103,3,13,汐止區,21歲,21,21,完全落入,1.0,男,1441
103,3,13,汐止區,21歲,21,21,完全落入,1.0,女,1254
103,3,13,汐止區,22歲,22,22,完全落入,1.0,男,1399
103,3,13,汐止區,22歲,22,22,完全落入,1.0,女,1268
103,3,13,汐止區,23歲,23,23,完全落入,1.0,男,1515
103,3,13,汐止區,23歲,23,23,完全落入,1.0,女,1317
103,3,13,汐止區,24歲,24,24,完全落入,1.0,男,1296
103,3,13,汐止區,24歲,24,24,完全落入,1.0,女,1211
103,3,13,汐止區,25歲,25,25,完全落入,1.0,男,1318
103,3,13,汐止區,25歲,25,25,完全落入,1.0,女,1346
103,3,13,汐止區,26歲,26,26,完全落入,1.0,男,1183
103,3,13,汐止區,26歲,26,26,完全落入,1.0,女,1182
103,3,13,汐止區,27歲,27,27,完全落入,1.0,男,1098
103,3,13,汐止區,27歲,27,27,完全落入,1.0,女,1112
103,3,13,汐止區,28歲,28,28,完全落入,1.0,男,1317
103,3,13,汐止區,28歲,28,28,完全落入,1.0,女,1244
103,3,13,汐止區,29歲,29,29,完全落入,1.0,男,1388
103,3,13,汐止區,29歲,29,29,完全落入,1.0,女,1441
103,3,13,汐止區,30歲,30,30,完全落入,1.0,男,1521
103,3,13,汐止區,30歲,30,30,完全落入,1.0,女,1416
103,3,13,汐止區,31歲,31,31,完全落入,1.0,男,1627
103,3,13,汐止區,31歲,31,31,完全落入,1.0,女,1590
103,3,13,汐止區,32歲,32,32,完全落入,1.0,男,1698
103,3,13,汐止區,32歲,32,32,完全落入,1.0,女,1644
103,3,13,汐止區,33歲,33,33,完全落入,1.0,男,1659
103,3,13,汐止區,33歲,33,33,完全落入,1.0,女,1730
103,3,13,汐止區,34歲,34,34,完全落入,1.0,男,1819
103,3,13,汐止區,34歲,34,34,完全落入,1.0,女,1795
103,3,13,汐止區,35歲,35,35,完全落入,1.0,男,1679
103,3,13,汐止區,35歲,35,35,完全落入,1.0,女,1695
103,3,13,汐止區,36歲,36,36,不相關,0.0,男,1596
103,3,13,汐止區,36歲,36,36,不相關,0.0,女,1641
103,3,13,汐止區,37歲,37,37,不相關,0.0,男,1840
103,3,13,汐止區,37歲,37,37,不相關,0.0,女,1870
103,3,13,汐止區,38歲,38,38,不相關,0.0,男,1604
103,3,13,汐止區,38歲,38,38,不相關,0.0,女,1609
103,3,13,汐止區,39歲,39,39,不相關,0.0,男,1610
103,3,13,汐止區,39歲,39,39,不相關,0.0,女,1574
103,3,13,汐止區,40歲,40,40,不相關,0.0,男,1563
103,3,13,汐止區,40歲,40,40,不相關,0.0,女,1575
103,3,13,汐止區,41歲,41,41,不相關,0.0,男,1557
103,3,13,汐止區,41歲,41,41,不相關,0.0,女,1673
103,3,13,汐止區,42歲,42,42,不相關,0.0,男,1669
103,3,13,汐止區,42歲,42,42,不相關,0.0,女,1686
103,3,13,汐止區,43歲,43,43,不相關,0.0,男,1711
103,3,13,汐止區,43歲,43,43,不相關,0.0,女,1810
103,3,13,汐止區,44歲,44,44,不相關,0.0,男,1809
103,3,13,汐止區,44歲,44,44,不相關,0.0,女,1886
103,3,13,汐止區,45歲,45,45,不相關,0.0,男,1728
103,3,13,汐止區,45歲,45,45,不相關,0.0,女,1959
103,3,13,汐止區,46歲,46,46,不相關,0.0,男,1840
103,3,13,汐止區,46歲,46,46,不相關,0.0,女,2007
103,3,13,汐止區,47歲,47,47,不相關,0.0,男,1811
103,3,13,汐止區,47歲,47,47,不相關,0.0,女,1968
103,3,13,汐止區,48歲,48,48,不相關,0.0,男,1898
103,3,13,汐止區,48歲,48,48,不相關,0.0,女,2071
103,3,13,汐止區,49歲,49,49,不相關,0.0,男,1891
103,3,13,汐止區,49歲,49,49,不相關,0.0,女,2036
103,3,13,汐止區,50歲,50,50,不相關,0.0,男,1924
103,3,13,汐止區,50歲,50,50,不相關,0.0,女,2011
103,3,13,汐止區,51歲,51,51,不相關,0.0,男,1828
103,3,13,汐止區,51歲,51,51,不相關,0.0,女,2004
103,3,13,汐止區,52歲,52,52,不相關,0.0,男,1769
103,3,13,汐止區,52歲,52,52,不相關,0.0,女,1868
103,3,13,汐止區,53歲,53,53,不相關,0.0,男,1753
103,3,13,汐止區,53歲,53,53,不相關,0.0,女,1853
103,3,13,汐止區,54歲,54,54,不相關,0.0,男,1616
103,3,13,汐止區,54歲,54,54,不相關,0.0,女,1742
103,3,13,汐止區,55歲,55,55,不相關,0.0,男,1640
103,3,13,汐止區,55歲,55,55,不相關,0.0,女,1760
103,3,13,汐止區,56歲,56,56,不相關,0.0,男,1458
103,3,13,汐止區,56歲,56,56,不相關,0.0,女,1561
103,3,13,汐止區,57歲,57,57,不相關,0.0,男,1449
103,3,13,汐止區,57歲,57,57,不相關,0.0,女,1654
103,3,13,汐止區,58歲,58,58,不相關,0.0,男,1323
103,3,13,汐止區,58歲,58,58,不相關,0.0,女,1578
103,3,13,汐止區,59歲,59,59,不相關,0.0,男,1271
103,3,13,汐止區,59歲,59,59,不相關,0.0,女,1501
103,3,13,汐止區,60歲,60,60,不相關,0.0,男,1218
103,3,13,汐止區,60歲,60,60,不相關,0.0,女,1374
103,3,13,汐止區,61歲,61,61,不相關,0.0,男,1177
103,3,13,汐止區,61歲,61,61,不相關,0.0,女,1414
103,3,13,汐止區,62歲,62,62,不相關,0.0,男,1119
103,3,13,汐止區,62歲,62,62,不相關,0.0,女,1361
103,3,13,汐止區,63歲,63,63,不相關,0.0,男,951
103,3,13,汐止區,63歲,63,63,不相關,0.0,女,1158
103,3,13,汐止區,64歲,64,64,不相關,0.0,男,919
103,3,13,汐止區,64歲,64,64,不相關,0.0,女,1119
103,3,13,汐止區,65歲,65,65,不相關,0.0,男,789
103,3,13,汐止區,65歲,65,65,不相關,0.0,女,912
103,3,13,汐止區,66歲,66,66,不相關,0.0,男,631
103,3,13,汐止區,66歲,66,66,不相關,0.0,女,734
103,3,13,汐止區,67歲,67,67,不相關,0.0,男,563
103,3,13,汐止區,67歲,67,67,不相關,0.0,女,623
103,3,13,汐止區,68歲,68,68,不相關,0.0,男,387
103,3,13,汐止區,68歲,68,68,不相關,0.0,女,442
103,3,13,汐止區,69歲,69,69,不相關,0.0,男,474
103,3,13,汐止區,69歲,69,69,不相關,0.0,女,568
103,3,13,汐止區,70歲,70,70,不相關,0.0,男,489
103,3,13,汐止區,70歲,70,70,不相關,0.0,女,598
103,3,13,汐止區,71歲,71,71,不相關,0.0,男,453
103,3,13,汐止區,71歲,71,71,不相關,0.0,女,595
103,3,13,汐止區,72歲,72,72,不相關,0.0,男,451
103,3,13,汐止區,72歲,72,72,不相關,0.0,女,543
103,3,13,汐止區,73歲,73,73,不相關,0.0,男,437
103,3,13,汐止區,73歲,73,73,不相關,0.0,女,500
103,3,13,汐止區,74歲,74,74,不相關,0.0,男,376
103,3,13,汐止區,74歲,74,74,不相關,0.0,女,510
103,3,13,汐止區,75歲,75,75,不相關,0.0,男,332
103,3,13,汐止區,75歲,75,75,不相關,0.0,女,426
103,3,13,汐止區,76歲,76,76,不相關,0.0,男,298
103,3,13,汐止區,76歲,76,76,不相關,0.0,女,426
103,3,13,汐止區,77歲,77,77,不相關,0.0,男,277
103,3,13,汐止區,77歲,77,77,不相關,0.0,女,391
103,3,13,汐止區,78歲,78,78,不相關,0.0,男,216
103,3,13,汐止區,78歲,78,78,不相關,0.0,女,344
103,3,13,汐止區,79歲,79,79,不相關,0.0,男,227
103,3,13,汐止區,79歲,79,79,不相關,0.0,女,279
103,3,13,汐止區,80歲,80,80,不相關,0.0,男,222
103,3,13,汐止區,80歲,80,80,不相關,0.0,女,250
103,3,13,汐止區,81歲,81,81,不相關,0.0,男,193
103,3,13,汐止區,81歲,81,81,不相關,0.0,女,235
103,3,13,汐止區,82歲,82,82,不相關,0.0,男,195
103,3,13,汐止區,82歲,82,82,不相關,0.0,女,220
103,3,13,汐止區,83歲,83,83,不相關,0.0,男,190
103,3,13,汐止區,83歲,83,83,不相關,0.0,女,204
103,3,13,汐止區,84歲,84,84,不相關,0.0,男,194
103,3,13,汐止區,84歲,84,84,不相關,0.0,女,197
103,3,13,汐止區,85歲,85,85,不相關,0.0,男,143
103,3,13,汐止區,85歲,85,85,不相關,0.0,女,151
103,3,13,汐止區,86歲,86,86,不相關,0.0,男,141
103,3,13,汐止區,86歲,86,86,不相關,0.0,女,157
103,3,13,汐止區,87歲,87,87,不相關,0.0,男,114
103,3,13,汐止區,87歲,87,87,不相關,0.0,女,123
103,3,13,汐止區,88歲,88,88,不相關,0.0,男,98
103,3,13,汐止區,88歲,88,88,不相關,0.0,女,116
103,3,13,汐止區,89歲,89,89,不相關,0.0,男,81
103,3,13,汐止區,89歲,89,89,不相關,0.0,女,99
103,3,13,汐止區,90歲,90,90,不相關,0.0,男,77
103,3,13,汐止區,90歲,90,90,不相關,0.0,女,73
103,3,13,汐止區,91歲,91,91,不相關,0.0,男,45
103,3,13,汐止區,91歲,91,91,不相關,0.0,女,82
103,3,13,汐止區,92歲,92,92,不相關,0.0,男,48
103,3,13,汐止區,92歲,92,92,不相關,0.0,女,43
103,3,13,汐止區,93歲,93,93,不相關,0.0,男,26
103,3,13,汐止區,93歲,93,93,不相關,0.0,女,31
103,3,13,汐止區,94歲,94,94,不相關,0.0,男,19
103,3,13,汐止區,94歲,94,94,不相關,0.0,女,28
103,3,13,汐止區,95歲,95,95,不相關,0.0,男,22
103,3,13,汐止區,95歲,95,95,不相關,0.0,女,17
103,3,13,汐止區,96歲,96,96,不相關,0.0,男,14
103,3,13,汐止區,96歲,96,96,不相關,0.0,女,14
103,3,13,汐止區,97歲,97,97,不相關,0.0,男,10
103,3,13,汐止區,97歲,97,97,不相關,0.0,女,17
103,3,13,汐止區,98歲,98,98,不相關,0.0,男,7
103,3,13,汐止區,98歲,98,98,不相關,0.0,女,5
103,3,13,汐止區,99歲,99,99,不相關,0.0,男,2
103,3,13,汐止區,99歲,99,99,不相關,0.0,女,7
103,3,13,汐止區,100歲以上,100,100,不相關,0.0,男,10
103,3,13,汐止區,100歲以上,100,100,不相關,0.0,女,15
103,4,13,汐止區,0歲,0,0,不相關,0.0,男,765
103,4,13,汐止區,0歲,0,0,不相關,0.0,女,747
103,4,13,汐止區,1歲,1,1,不相關,0.0,男,864
103,4,13,汐止區,1歲,1,1,不相關,0.0,女,791
103,4,13,汐止區,2歲,2,2,不相關,0.0,男,752
103,4,13,汐止區,2歲,2,2,不相關,0.0,女,738
103,4,13,汐止區,3歲,3,3,不相關,0.0,男,586
103,4,13,汐止區,3歲,3,3,不相關,0.0,女,534
103,4,13,汐止區,4歲,4,4,不相關,0.0,男,649
103,4,13,汐止區,4歲,4,4,不相關,0.0,女,568
103,4,13,汐止區,5歲,5,5,不相關,0.0,男,673
103,4,13,汐止區,5歲,5,5,不相關,0.0,女,631
103,4,13,汐止區,6歲,6,6,不相關,0.0,男,789
103,4,13,汐止區,6歲,6,6,不相關,0.0,女,687
103,4,13,汐止區,7歲,7,7,不相關,0.0,男,694
103,4,13,汐止區,7歲,7,7,不相關,0.0,女,686
103,4,13,汐止區,8歲,8,8,不相關,0.0,男,766
103,4,13,汐止區,8歲,8,8,不相關,0.0,女,677
103,4,13,汐止區,9歲,9,9,不相關,0.0,男,799
103,4,13,汐止區,9歲,9,9,不相關,0.0,女,666
103,4,13,汐止區,10歲,10,10,不相關,0.0,男,735
103,4,13,汐止區,10歲,10,10,不相關,0.0,女,721
103,4,13,汐止區,11歲,11,11,不相關,0.0,男,814
103,4,13,汐止區,11歲,11,11,不相關,0.0,女,796
103,4,13,汐止區,12歲,12,12,不相關,0.0,男,865
103,4,13,汐止區,12歲,12,12,不相關,0.0,女,767
103,4,13,汐止區,13歲,13,13,不相關,0.0,男,1052
103,4,13,汐止區,13歲,13,13,不相關,0.0,女,955
103,4,13,汐止區,14歲,14,14,不相關,0.0,男,1019
103,4,13,汐止區,14歲,14,14,不相關,0.0,女,904
103,4,13,汐止區,15歲,15,15,不相關,0.0,男,949
103,4,13,汐止區,15歲,15,15,不相關,0.0,女,932
103,4,13,汐止區,16歲,16,16,不相關,0.0,男,1268
103,4,13,汐止區,16歲,16,16,不相關,0.0,女,1205
103,4,13,汐止區,17歲,17,17,不相關,0.0,男,1317
103,4,13,汐止區,17歲,17,17,不相關,0.0,女,1185
103,4,13,汐止區,18歲,18,18,完全落入,1.0,男,1364
103,4,13,汐止區,18歲,18,18,完全落入,1.0,女,1256
103,4,13,汐止區,19歲,19,19,完全落入,1.0,男,1443
103,4,13,汐止區,19歲,19,19,完全落入,1.0,女,1292
103,4,13,汐止區,20歲,20,20,完全落入,1.0,男,1422
103,4,13,汐止區,20歲,20,20,完全落入,1.0,女,1322
103,4,13,汐止區,21歲,21,21,完全落入,1.0,男,1456
103,4,13,汐止區,21歲,21,21,完全落入,1.0,女,1258
103,4,13,汐止區,22歲,22,22,完全落入,1.0,男,1410
103,4,13,汐止區,22歲,22,22,完全落入,1.0,女,1283
103,4,13,汐止區,23歲,23,23,完全落入,1.0,男,1503
103,4,13,汐止區,23歲,23,23,完全落入,1.0,女,1296
103,4,13,汐止區,24歲,24,24,完全落入,1.0,男,1329
103,4,13,汐止區,24歲,24,24,完全落入,1.0,女,1233
103,4,13,汐止區,25歲,25,25,完全落入,1.0,男,1293
103,4,13,汐止區,25歲,25,25,完全落入,1.0,女,1331
103,4,13,汐止區,26歲,26,26,完全落入,1.0,男,1166
103,4,13,汐止區,26歲,26,26,完全落入,1.0,女,1192
103,4,13,汐止區,27歲,27,27,完全落入,1.0,男,1133
103,4,13,汐止區,27歲,27,27,完全落入,1.0,女,1111
103,4,13,汐止區,28歲,28,28,完全落入,1.0,男,1306
103,4,13,汐止區,28歲,28,28,完全落入,1.0,女,1258
103,4,13,汐止區,29歲,29,29,完全落入,1.0,男,1393
103,4,13,汐止區,29歲,29,29,完全落入,1.0,女,1413
103,4,13,汐止區,30歲,30,30,完全落入,1.0,男,1473
103,4,13,汐止區,30歲,30,30,完全落入,1.0,女,1414
103,4,13,汐止區,31歲,31,31,完全落入,1.0,男,1615
103,4,13,汐止區,31歲,31,31,完全落入,1.0,女,1571
103,4,13,汐止區,32歲,32,32,完全落入,1.0,男,1721
103,4,13,汐止區,32歲,32,32,完全落入,1.0,女,1642
103,4,13,汐止區,33歲,33,33,完全落入,1.0,男,1654
103,4,13,汐止區,33歲,33,33,完全落入,1.0,女,1705
103,4,13,汐止區,34歲,34,34,完全落入,1.0,男,1809
103,4,13,汐止區,34歲,34,34,完全落入,1.0,女,1781
103,4,13,汐止區,35歲,35,35,完全落入,1.0,男,1666
103,4,13,汐止區,35歲,35,35,完全落入,1.0,女,1717
103,4,13,汐止區,36歲,36,36,不相關,0.0,男,1609
103,4,13,汐止區,36歲,36,36,不相關,0.0,女,1612
103,4,13,汐止區,37歲,37,37,不相關,0.0,男,1830
103,4,13,汐止區,37歲,37,37,不相關,0.0,女,1884
103,4,13,汐止區,38歲,38,38,不相關,0.0,男,1604
103,4,13,汐止區,38歲,38,38,不相關,0.0,女,1600
103,4,13,汐止區,39歲,39,39,不相關,0.0,男,1599
103,4,13,汐止區,39歲,39,39,不相關,0.0,女,1600
103,4,13,汐止區,40歲,40,40,不相關,0.0,男,1591
103,4,13,汐止區,40歲,40,40,不相關,0.0,女,1545
103,4,13,汐止區,41歲,41,41,不相關,0.0,男,1553
103,4,13,汐止區,41歲,41,41,不相關,0.0,女,1688
103,4,13,汐止區,42歲,42,42,不相關,0.0,男,1654
103,4,13,汐止區,42歲,42,42,不相關,0.0,女,1678
103,4,13,汐止區,43歲,43,43,不相關,0.0,男,1718
103,4,13,汐止區,43歲,43,43,不相關,0.0,女,1828
103,4,13,汐止區,44歲,44,44,不相關,0.0,男,1802
103,4,13,汐止區,44歲,44,44,不相關,0.0,女,1857
103,4,13,汐止區,45歲,45,45,不相關,0.0,男,1726
103,4,13,汐止區,45歲,45,45,不相關,0.0,女,1971
103,4,13,汐止區,46歲,46,46,不相關,0.0,男,1816
103,4,13,汐止區,46歲,46,46,不相關,0.0,女,1981
103,4,13,汐止區,47歲,47,47,不相關,0.0,男,1819
103,4,13,汐止區,47歲,47,47,不相關,0.0,女,1994
103,4,13,汐止區,48歲,48,48,不相關,0.0,男,1868
103,4,13,汐止區,48歲,48,48,不相關,0.0,女,2058
103,4,13,汐止區,49歲,49,49,不相關,0.0,男,1918
103,4,13,汐止區,49歲,49,49,不相關,0.0,女,2025
103,4,13,汐止區,50歲,50,50,不相關,0.0,男,1920
103,4,13,汐止區,50歲,50,50,不相關,0.0,女,2012
103,4,13,汐止區,51歲,51,51,不相關,0.0,男,1820
103,4,13,汐止區,51歲,51,51,不相關,0.0,女,2030
103,4,13,汐止區,52歲,52,52,不相關,0.0,男,1769
103,4,13,汐止區,52歲,52,52,不相關,0.0,女,1859
103,4,13,汐止區,53歲,53,53,不相關,0.0,男,1750
103,4,13,汐止區,53歲,53,53,不相關,0.0,女,1851
103,4,13,汐止區,54歲,54,54,不相關,0.0,男,1631
103,4,13,汐止區,54歲,54,54,不相關,0.0,女,1759
103,4,13,汐止區,55歲,55,55,不相關,0.0,男,1652
103,4,13,汐止區,55歲,55,55,不相關,0.0,女,1748
103,4,13,汐止區,56歲,56,56,不相關,0.0,男,1460
103,4,13,汐止區,56歲,56,56,不相關,0.0,女,1582
103,4,13,汐止區,57歲,57,57,不相關,0.0,男,1454
103,4,13,汐止區,57歲,57,57,不相關,0.0,女,1615
103,4,13,汐止區,58歲,58,58,不相關,0.0,男,1331
103,4,13,汐止區,58歲,58,58,不相關,0.0,女,1621
103,4,13,汐止區,59歲,59,59,不相關,0.0,男,1272
103,4,13,汐止區,59歲,59,59,不相關,0.0,女,1524
103,4,13,汐止區,60歲,60,60,不相關,0.0,男,1202
103,4,13,汐止區,60歲,60,60,不相關,0.0,女,1362
103,4,13,汐止區,61歲,61,61,不相關,0.0,男,1196
103,4,13,汐止區,61歲,61,61,不相關,0.0,女,1428
103,4,13,汐止區,62歲,62,62,不相關,0.0,男,1119
103,4,13,汐止區,62歲,62,62,不相關,0.0,女,1350
103,4,13,汐止區,63歲,63,63,不相關,0.0,男,939
103,4,13,汐止區,63歲,63,63,不相關,0.0,女,1148
103,4,13,汐止區,64歲,64,64,不相關,0.0,男,889
103,4,13,汐止區,64歲,64,64,不相關,0.0,女,1087
103,4,13,汐止區,65歲,65,65,不相關,0.0,男,858
103,4,13,汐止區,65歲,65,65,不相關,0.0,女,1001
103,4,13,汐止區,66歲,66,66,不相關,0.0,男,615
103,4,13,汐止區,66歲,66,66,不相關,0.0,女,708
103,4,13,汐止區,67歲,67,67,不相關,0.0,男,592
103,4,13,汐止區,67歲,67,67,不相關,0.0,女,665
103,4,13,汐止區,68歲,68,68,不相關,0.0,男,390
103,4,13,汐止區,68歲,68,68,不相關,0.0,女,427
103,4,13,汐止區,69歲,69,69,不相關,0.0,男,469
103,4,13,汐止區,69歲,69,69,不相關,0.0,女,565
103,4,13,汐止區,70歲,70,70,不相關,0.0,男,501
103,4,13,汐止區,70歲,70,70,不相關,0.0,女,597
103,4,13,汐止區,71歲,71,71,不相關,0.0,男,440
103,4,13,汐止區,71歲,71,71,不相關,0.0,女,600
103,4,13,汐止區,72歲,72,72,不相關,0.0,男,457
103,4,13,汐止區,72歲,72,72,不相關,0.0,女,552
103,4,13,汐止區,73歲,73,73,不相關,0.0,男,440
103,4,13,汐止區,73歲,73,73,不相關,0.0,女,505
103,4,13,汐止區,74歲,74,74,不相關,0.0,男,382
103,4,13,汐止區,74歲,74,74,不相關,0.0,女,504
103,4,13,汐止區,75歲,75,75,不相關,0.0,男,338
103,4,13,汐止區,75歲,75,75,不相關,0.0,女,431
103,4,13,汐止區,76歲,76,76,不相關,0.0,男,298
103,4,13,汐止區,76歲,76,76,不相關,0.0,女,415
103,4,13,汐止區,77歲,77,77,不相關,0.0,男,278
103,4,13,汐止區,77歲,77,77,不相關,0.0,女,406
103,4,13,汐止區,78歲,78,78,不相關,0.0,男,213
103,4,13,汐止區,78歲,78,78,不相關,0.0,女,334
103,4,13,汐止區,79歲,79,79,不相關,0.0,男,231
103,4,13,汐止區,79歲,79,79,不相關,0.0,女,293
103,4,13,汐止區,80歲,80,80,不相關,0.0,男,215
103,4,13,汐止區,80歲,80,80,不相關,0.0,女,244
103,4,13,汐止區,81歲,81,81,不相關,0.0,男,196
103,4,13,汐止區,81歲,81,81,不相關,0.0,女,242
103,4,13,汐止區,82歲,82,82,不相關,0.0,男,198
103,4,13,汐止區,82歲,82,82,不相關,0.0,女,218
103,4,13,汐止區,83歲,83,83,不相關,0.0,男,186
103,4,13,汐止區,83歲,83,83,不相關,0.0,女,215
103,4,13,汐止區,84歲,84,84,不相關,0.0,男,197
103,4,13,汐止區,84歲,84,84,不相關,0.0,女,189
103,4,13,汐止區,85歲,85,85,不相關,0.0,男,143
103,4,13,汐止區,85歲,85,85,不相關,0.0,女,158
103,4,13,汐止區,86歲,86,86,不相關,0.0,男,141
103,4,13,汐止區,86歲,86,86,不相關,0.0,女,153
103,4,13,汐止區,87歲,87,87,不相關,0.0,男,113
103,4,13,汐止區,87歲,87,87,不相關,0.0,女,124
103,4,13,汐止區,88歲,88,88,不相關,0.0,男,91
103,4,13,汐止區,88歲,88,88,不相關,0.0,女,119
103,4,13,汐止區,89歲,89,89,不相關,0.0,男,84
103,4,13,汐止區,89歲,89,89,不相關,0.0,女,98
103,4,13,汐止區,90歲,90,90,不相關,0.0,男,76
103,4,13,汐止區,90歲,90,90,不相關,0.0,女,75
103,4,13,汐止區,91歲,91,91,不相關,0.0,男,48
103,4,13,汐止區,91歲,91,91,不相關,0.0,女,80
103,4,13,汐止區,92歲,92,92,不相關,0.0,男,47
103,4,13,汐止區,92歲,92,92,不相關,0.0,女,42
103,4,13,汐止區,93歲,93,93,不相關,0.0,男,26
103,4,13,汐止區,93歲,93,93,不相關,0.0,女,29
103,4,13,汐止區,94歲,94,94,不相關,0.0,男,19
103,4,13,汐止區,94歲,94,94,不相關,0.0,女,31
103,4,13,汐止區,95歲,95,95,不相關,0.0,男,18
103,4,13,汐止區,95歲,95,95,不相關,0.0,女,15
103,4,13,汐止區,96歲,96,96,不相關,0.0,男,16
103,4,13,汐止區,96歲,96,96,不相關,0.0,女,16
103,4,13,汐止區,97歲,97,97,不相關,0.0,男,10
103,4,13,汐止區,97歲,97,97,不相關,0.0,女,16
103,4,13,汐止區,98歲,98,98,不相關,0.0,男,7
103,4,13,汐止區,98歲,98,98,不相關,0.0,女,6
103,4,13,汐止區,99歲,99,99,不相關,0.0,男,3
103,4,13,汐止區,99歲,99,99,不相關,0.0,女,6
103,4,13,汐止區,100歲以上,100,100,不相關,0.0,男,9
103,4,13,汐止區,100歲以上,100,100,不相關,0.0,女,16
103,5,13,汐止區,0歲,0,0,不相關,0.0,男,751
103,5,13,汐止區,0歲,0,0,不相關,0.0,女,772
103,5,13,汐止區,1歲,1,1,不相關,0.0,男,873
103,5,13,汐止區,1歲,1,1,不相關,0.0,女,783
103,5,13,汐止區,2歲,2,2,不相關,0.0,男,764
103,5,13,汐止區,2歲,2,2,不相關,0.0,女,747
103,5,13,汐止區,3歲,3,3,不相關,0.0,男,589
103,5,13,汐止區,3歲,3,3,不相關,0.0,女,529
103,5,13,汐止區,4歲,4,4,不相關,0.0,男,650
103,5,13,汐止區,4歲,4,4,不相關,0.0,女,562
103,5,13,汐止區,5歲,5,5,不相關,0.0,男,689
103,5,13,汐止區,5歲,5,5,不相關,0.0,女,637
103,5,13,汐止區,6歲,6,6,不相關,0.0,男,790
103,5,13,汐止區,6歲,6,6,不相關,0.0,女,681
103,5,13,汐止區,7歲,7,7,不相關,0.0,男,718
103,5,13,汐止區,7歲,7,7,不相關,0.0,女,685
103,5,13,汐止區,8歲,8,8,不相關,0.0,男,750
103,5,13,汐止區,8歲,8,8,不相關,0.0,女,680
103,5,13,汐止區,9歲,9,9,不相關,0.0,男,791
103,5,13,汐止區,9歲,9,9,不相關,0.0,女,682
103,5,13,汐止區,10歲,10,10,不相關,0.0,男,742
103,5,13,汐止區,10歲,10,10,不相關,0.0,女,686
103,5,13,汐止區,11歲,11,11,不相關,0.0,男,804
103,5,13,汐止區,11歲,11,11,不相關,0.0,女,787
103,5,13,汐止區,12歲,12,12,不相關,0.0,男,855
103,5,13,汐止區,12歲,12,12,不相關,0.0,女,776
103,5,13,汐止區,13歲,13,13,不相關,0.0,男,1041
103,5,13,汐止區,13歲,13,13,不相關,0.0,女,960
103,5,13,汐止區,14歲,14,14,不相關,0.0,男,1028
103,5,13,汐止區,14歲,14,14,不相關,0.0,女,897
103,5,13,汐止區,15歲,15,15,不相關,0.0,男,975
103,5,13,汐止區,15歲,15,15,不相關,0.0,女,930
103,5,13,汐止區,16歲,16,16,不相關,0.0,男,1231
103,5,13,汐止區,16歲,16,16,不相關,0.0,女,1185
103,5,13,汐止區,17歲,17,17,不相關,0.0,男,1317
103,5,13,汐止區,17歲,17,17,不相關,0.0,女,1206
103,5,13,汐止區,18歲,18,18,完全落入,1.0,男,1351
103,5,13,汐止區,18歲,18,18,完全落入,1.0,女,1263
103,5,13,汐止區,19歲,19,19,完全落入,1.0,男,1456
103,5,13,汐止區,19歲,19,19,完全落入,1.0,女,1277
103,5,13,汐止區,20歲,20,20,完全落入,1.0,男,1429
103,5,13,汐止區,20歲,20,20,完全落入,1.0,女,1322
103,5,13,汐止區,21歲,21,21,完全落入,1.0,男,1455
103,5,13,汐止區,21歲,21,21,完全落入,1.0,女,1273
103,5,13,汐止區,22歲,22,22,完全落入,1.0,男,1406
103,5,13,汐止區,22歲,22,22,完全落入,1.0,女,1273
103,5,13,汐止區,23歲,23,23,完全落入,1.0,男,1495
103,5,13,汐止區,23歲,23,23,完全落入,1.0,女,1305
103,5,13,汐止區,24歲,24,24,完全落入,1.0,男,1361
103,5,13,汐止區,24歲,24,24,完全落入,1.0,女,1237
103,5,13,汐止區,25歲,25,25,完全落入,1.0,男,1286
103,5,13,汐止區,25歲,25,25,完全落入,1.0,女,1325
103,5,13,汐止區,26歲,26,26,完全落入,1.0,男,1169
103,5,13,汐止區,26歲,26,26,完全落入,1.0,女,1212
103,5,13,汐止區,27歲,27,27,完全落入,1.0,男,1145
103,5,13,汐止區,27歲,27,27,完全落入,1.0,女,1095
103,5,13,汐止區,28歲,28,28,完全落入,1.0,男,1284
103,5,13,汐止區,28歲,28,28,完全落入,1.0,女,1249
103,5,13,汐止區,29歲,29,29,完全落入,1.0,男,1391
103,5,13,汐止區,29歲,29,29,完全落入,1.0,女,1421
103,5,13,汐止區,30歲,30,30,完全落入,1.0,男,1458
103,5,13,汐止區,30歲,30,30,完全落入,1.0,女,1422
103,5,13,汐止區,31歲,31,31,完全落入,1.0,男,1611
103,5,13,汐止區,31歲,31,31,完全落入,1.0,女,1552
103,5,13,汐止區,32歲,32,32,完全落入,1.0,男,1729
103,5,13,汐止區,32歲,32,32,完全落入,1.0,女,1648
103,5,13,汐止區,33歲,33,33,完全落入,1.0,男,1620
103,5,13,汐止區,33歲,33,33,完全落入,1.0,女,1692
103,5,13,汐止區,34歲,34,34,完全落入,1.0,男,1828
103,5,13,汐止區,34歲,34,34,完全落入,1.0,女,1777
103,5,13,汐止區,35歲,35,35,完全落入,1.0,男,1687
103,5,13,汐止區,35歲,35,35,完全落入,1.0,女,1706
103,5,13,汐止區,36歲,36,36,不相關,0.0,男,1591
103,5,13,汐止區,36歲,36,36,不相關,0.0,女,1625
103,5,13,汐止區,37歲,37,37,不相關,0.0,男,1833
103,5,13,汐止區,37歲,37,37,不相關,0.0,女,1895
103,5,13,汐止區,38歲,38,38,不相關,0.0,男,1603
103,5,13,汐止區,38歲,38,38,不相關,0.0,女,1594
103,5,13,汐止區,39歲,39,39,不相關,0.0,男,1611
103,5,13,汐止區,39歲,39,39,不相關,0.0,女,1620
103,5,13,汐止區,40歲,40,40,不相關,0.0,男,1584
103,5,13,汐止區,40歲,40,40,不相關,0.0,女,1543
103,5,13,汐止區,41歲,41,41,不相關,0.0,男,1553
103,5,13,汐止區,41歲,41,41,不相關,0.0,女,1662
103,5,13,汐止區,42歲,42,42,不相關,0.0,男,1645
103,5,13,汐止區,42歲,42,42,不相關,0.0,女,1709
103,5,13,汐止區,43歲,43,43,不相關,0.0,男,1713
103,5,13,汐止區,43歲,43,43,不相關,0.0,女,1802
103,5,13,汐止區,44歲,44,44,不相關,0.0,男,1811
103,5,13,汐止區,44歲,44,44,不相關,0.0,女,1844
103,5,13,汐止區,45歲,45,45,不相關,0.0,男,1726
103,5,13,汐止區,45歲,45,45,不相關,0.0,女,1985
103,5,13,汐止區,46歲,46,46,不相關,0.0,男,1802
103,5,13,汐止區,46歲,46,46,不相關,0.0,女,1978
103,5,13,汐止區,47歲,47,47,不相關,0.0,男,1822
103,5,13,汐止區,47歲,47,47,不相關,0.0,女,2015
103,5,13,汐止區,48歲,48,48,不相關,0.0,男,1871
103,5,13,汐止區,48歲,48,48,不相關,0.0,女,2049
103,5,13,汐止區,49歲,49,49,不相關,0.0,男,1919
103,5,13,汐止區,49歲,49,49,不相關,0.0,女,2038
103,5,13,汐止區,50歲,50,50,不相關,0.0,男,1903
103,5,13,汐止區,50歲,50,50,不相關,0.0,女,1993
103,5,13,汐止區,51歲,51,51,不相關,0.0,男,1834
103,5,13,汐止區,51歲,51,51,不相關,0.0,女,2019
103,5,13,汐止區,52歲,52,52,不相關,0.0,男,1774
103,5,13,汐止區,52歲,52,52,不相關,0.0,女,1892
103,5,13,汐止區,53歲,53,53,不相關,0.0,男,1775
103,5,13,汐止區,53歲,53,53,不相關,0.0,女,1834
103,5,13,汐止區,54歲,54,54,不相關,0.0,男,1626
103,5,13,汐止區,54歲,54,54,不相關,0.0,女,1767
103,5,13,汐止區,55歲,55,55,不相關,0.0,男,1623
103,5,13,汐止區,55歲,55,55,不相關,0.0,女,1732
103,5,13,汐止區,56歲,56,56,不相關,0.0,男,1473
103,5,13,汐止區,56歲,56,56,不相關,0.0,女,1611
103,5,13,汐止區,57歲,57,57,不相關,0.0,男,1462
103,5,13,汐止區,57歲,57,57,不相關,0.0,女,1607
103,5,13,汐止區,58歲,58,58,不相關,0.0,男,1343
103,5,13,汐止區,58歲,58,58,不相關,0.0,女,1610
103,5,13,汐止區,59歲,59,59,不相關,0.0,男,1280
103,5,13,汐止區,59歲,59,59,不相關,0.0,女,1555
103,5,13,汐止區,60歲,60,60,不相關,0.0,男,1211
103,5,13,汐止區,60歲,60,60,不相關,0.0,女,1376
103,5,13,汐止區,61歲,61,61,不相關,0.0,男,1190
103,5,13,汐止區,61歲,61,61,不相關,0.0,女,1418
103,5,13,汐止區,62歲,62,62,不相關,0.0,男,1125
103,5,13,汐止區,62歲,62,62,不相關,0.0,女,1328
103,5,13,汐止區,63歲,63,63,不相關,0.0,男,972
103,5,13,汐止區,63歲,63,63,不相關,0.0,女,1199
103,5,13,汐止區,64歲,64,64,不相關,0.0,男,891
103,5,13,汐止區,64歲,64,64,不相關,0.0,女,1092
103,5,13,汐止區,65歲,65,65,不相關,0.0,男,848
103,5,13,汐止區,65歲,65,65,不相關,0.0,女,991
103,5,13,汐止區,66歲,66,66,不相關,0.0,男,631
103,5,13,汐止區,66歲,66,66,不相關,0.0,女,728
103,5,13,汐止區,67歲,67,67,不相關,0.0,男,599
103,5,13,汐止區,67歲,67,67,不相關,0.0,女,668
103,5,13,汐止區,68歲,68,68,不相關,0.0,男,382
103,5,13,汐止區,68歲,68,68,不相關,0.0,女,429
103,5,13,汐止區,69歲,69,69,不相關,0.0,男,476
103,5,13,汐止區,69歲,69,69,不相關,0.0,女,559
103,5,13,汐止區,70歲,70,70,不相關,0.0,男,507
103,5,13,汐止區,70歲,70,70,不相關,0.0,女,606
103,5,13,汐止區,71歲,71,71,不相關,0.0,男,440
103,5,13,汐止區,71歲,71,71,不相關,0.0,女,595
103,5,13,汐止區,72歲,72,72,不相關,0.0,男,451
103,5,13,汐止區,72歲,72,72,不相關,0.0,女,555
103,5,13,汐止區,73歲,73,73,不相關,0.0,男,450
103,5,13,汐止區,73歲,73,73,不相關,0.0,女,527
103,5,13,汐止區,74歲,74,74,不相關,0.0,男,377
103,5,13,汐止區,74歲,74,74,不相關,0.0,女,495
103,5,13,汐止區,75歲,75,75,不相關,0.0,男,348
103,5,13,汐止區,75歲,75,75,不相關,0.0,女,428
103,5,13,汐止區,76歲,76,76,不相關,0.0,男,296
103,5,13,汐止區,76歲,76,76,不相關,0.0,女,419
103,5,13,汐止區,77歲,77,77,不相關,0.0,男,284
103,5,13,汐止區,77歲,77,77,不相關,0.0,女,409
103,5,13,汐止區,78歲,78,78,不相關,0.0,男,211
103,5,13,汐止區,78歲,78,78,不相關,0.0,女,333
103,5,13,汐止區,79歲,79,79,不相關,0.0,男,232
103,5,13,汐止區,79歲,79,79,不相關,0.0,女,296
103,5,13,汐止區,80歲,80,80,不相關,0.0,男,214
103,5,13,汐止區,80歲,80,80,不相關,0.0,女,249
103,5,13,汐止區,81歲,81,81,不相關,0.0,男,195
103,5,13,汐止區,81歲,81,81,不相關,0.0,女,241
103,5,13,汐止區,82歲,82,82,不相關,0.0,男,203
103,5,13,汐止區,82歲,82,82,不相關,0.0,女,221
103,5,13,汐止區,83歲,83,83,不相關,0.0,男,178
103,5,13,汐止區,83歲,83,83,不相關,0.0,女,216
103,5,13,汐止區,84歲,84,84,不相關,0.0,男,191
103,5,13,汐止區,84歲,84,84,不相關,0.0,女,180
103,5,13,汐止區,85歲,85,85,不相關,0.0,男,148
103,5,13,汐止區,85歲,85,85,不相關,0.0,女,164
103,5,13,汐止區,86歲,86,86,不相關,0.0,男,138
103,5,13,汐止區,86歲,86,86,不相關,0.0,女,149
103,5,13,汐止區,87歲,87,87,不相關,0.0,男,117
103,5,13,汐止區,87歲,87,87,不相關,0.0,女,124
103,5,13,汐止區,88歲,88,88,不相關,0.0,男,89
103,5,13,汐止區,88歲,88,88,不相關,0.0,女,124
103,5,13,汐止區,89歲,89,89,不相關,0.0,男,84
103,5,13,汐止區,89歲,89,89,不相關,0.0,女,94
103,5,13,汐止區,90歲,90,90,不相關,0.0,男,76
103,5,13,汐止區,90歲,90,90,不相關,0.0,女,78
103,5,13,汐止區,91歲,91,91,不相關,0.0,男,46
103,5,13,汐止區,91歲,91,91,不相關,0.0,女,81
103,5,13,汐止區,92歲,92,92,不相關,0.0,男,47
103,5,13,汐止區,92歲,92,92,不相關,0.0,女,45
103,5,13,汐止區,93歲,93,93,不相關,0.0,男,26
103,5,13,汐止區,93歲,93,93,不相關,0.0,女,30
103,5,13,汐止區,94歲,94,94,不相關,0.0,男,19
103,5,13,汐止區,94歲,94,94,不相關,0.0,女,28
103,5,13,汐止區,95歲,95,95,不相關,0.0,男,19
103,5,13,汐止區,95歲,95,95,不相關,0.0,女,17
103,5,13,汐止區,96歲,96,96,不相關,0.0,男,16
103,5,13,汐止區,96歲,96,96,不相關,0.0,女,17
103,5,13,汐止區,97歲,97,97,不相關,0.0,男,10
103,5,13,汐止區,97歲,97,97,不相關,0.0,女,17
103,5,13,汐止區,98歲,98,98,不相關,0.0,男,8
103,5,13,汐止區,98歲,98,98,不相關,0.0,女,6
103,5,13,汐止區,99歲,99,99,不相關,0.0,男,3
103,5,13,汐止區,99歲,99,99,不相關,0.0,女,6
103,5,13,汐止區,100歲以上,100,100,不相關,0.0,男,7
103,5,13,汐止區,100歲以上,100,100,不相關,0.0,女,16
103,6,13,汐止區,0歲,0,0,不相關,0.0,男,759
103,6,13,汐止區,0歲,0,0,不相關,0.0,女,783
103,6,13,汐止區,1歲,1,1,不相關,0.0,男,882
103,6,13,汐止區,1歲,1,1,不相關,0.0,女,787
103,6,13,汐止區,2歲,2,2,不相關,0.0,男,762
103,6,13,汐止區,2歲,2,2,不相關,0.0,女,742
103,6,13,汐止區,3歲,3,3,不相關,0.0,男,597
103,6,13,汐止區,3歲,3,3,不相關,0.0,女,537
103,6,13,汐止區,4歲,4,4,不相關,0.0,男,630
103,6,13,汐止區,4歲,4,4,不相關,0.0,女,564
103,6,13,汐止區,5歲,5,5,不相關,0.0,男,697
103,6,13,汐止區,5歲,5,5,不相關,0.0,女,627
103,6,13,汐止區,6歲,6,6,不相關,0.0,男,771
103,6,13,汐止區,6歲,6,6,不相關,0.0,女,686
103,6,13,汐止區,7歲,7,7,不相關,0.0,男,718
103,6,13,汐止區,7歲,7,7,不相關,0.0,女,680
103,6,13,汐止區,8歲,8,8,不相關,0.0,男,746
103,6,13,汐止區,8歲,8,8,不相關,0.0,女,682
103,6,13,汐止區,9歲,9,9,不相關,0.0,男,784
103,6,13,汐止區,9歲,9,9,不相關,0.0,女,664
103,6,13,汐止區,10歲,10,10,不相關,0.0,男,755
103,6,13,汐止區,10歲,10,10,不相關,0.0,女,683
103,6,13,汐止區,11歲,11,11,不相關,0.0,男,792
103,6,13,汐止區,11歲,11,11,不相關,0.0,女,787
103,6,13,汐止區,12歲,12,12,不相關,0.0,男,848
103,6,13,汐止區,12歲,12,12,不相關,0.0,女,770
103,6,13,汐止區,13歲,13,13,不相關,0.0,男,1039
103,6,13,汐止區,13歲,13,13,不相關,0.0,女,950
103,6,13,汐止區,14歲,14,14,不相關,0.0,男,1016
103,6,13,汐止區,14歲,14,14,不相關,0.0,女,890
103,6,13,汐止區,15歲,15,15,不相關,0.0,男,1012
103,6,13,汐止區,15歲,15,15,不相關,0.0,女,948
103,6,13,汐止區,16歲,16,16,不相關,0.0,男,1201
103,6,13,汐止區,16歲,16,16,不相關,0.0,女,1168
103,6,13,汐止區,17歲,17,17,不相關,0.0,男,1314
103,6,13,汐止區,17歲,17,17,不相關,0.0,女,1219
103,6,13,汐止區,18歲,18,18,完全落入,1.0,男,1369
103,6,13,汐止區,18歲,18,18,完全落入,1.0,女,1249
103,6,13,汐止區,19歲,19,19,完全落入,1.0,男,1440
103,6,13,汐止區,19歲,19,19,完全落入,1.0,女,1277
103,6,13,汐止區,20歲,20,20,完全落入,1.0,男,1442
103,6,13,汐止區,20歲,20,20,完全落入,1.0,女,1328
103,6,13,汐止區,21歲,21,21,完全落入,1.0,男,1456
103,6,13,汐止區,21歲,21,21,完全落入,1.0,女,1264
103,6,13,汐止區,22歲,22,22,完全落入,1.0,男,1421
103,6,13,汐止區,22歲,22,22,完全落入,1.0,女,1282
103,6,13,汐止區,23歲,23,23,完全落入,1.0,男,1458
103,6,13,汐止區,23歲,23,23,完全落入,1.0,女,1308
103,6,13,汐止區,24歲,24,24,完全落入,1.0,男,1395
103,6,13,汐止區,24歲,24,24,完全落入,1.0,女,1243
103,6,13,汐止區,25歲,25,25,完全落入,1.0,男,1297
103,6,13,汐止區,25歲,25,25,完全落入,1.0,女,1308
103,6,13,汐止區,26歲,26,26,完全落入,1.0,男,1160
103,6,13,汐止區,26歲,26,26,完全落入,1.0,女,1227
103,6,13,汐止區,27歲,27,27,完全落入,1.0,男,1165
103,6,13,汐止區,27歲,27,27,完全落入,1.0,女,1112
103,6,13,汐止區,28歲,28,28,完全落入,1.0,男,1251
103,6,13,汐止區,28歲,28,28,完全落入,1.0,女,1239
103,6,13,汐止區,29歲,29,29,完全落入,1.0,男,1402
103,6,13,汐止區,29歲,29,29,完全落入,1.0,女,1392
103,6,13,汐止區,30歲,30,30,完全落入,1.0,男,1453
103,6,13,汐止區,30歲,30,30,完全落入,1.0,女,1438
103,6,13,汐止區,31歲,31,31,完全落入,1.0,男,1606
103,6,13,汐止區,31歲,31,31,完全落入,1.0,女,1514
103,6,13,汐止區,32歲,32,32,完全落入,1.0,男,1724
103,6,13,汐止區,32歲,32,32,完全落入,1.0,女,1652
103,6,13,汐止區,33歲,33,33,完全落入,1.0,男,1624
103,6,13,汐止區,33歲,33,33,完全落入,1.0,女,1690
103,6,13,汐止區,34歲,34,34,完全落入,1.0,男,1806
103,6,13,汐止區,34歲,34,34,完全落入,1.0,女,1741
103,6,13,汐止區,35歲,35,35,完全落入,1.0,男,1693
103,6,13,汐止區,35歲,35,35,完全落入,1.0,女,1730
103,6,13,汐止區,36歲,36,36,不相關,0.0,男,1599
103,6,13,汐止區,36歲,36,36,不相關,0.0,女,1614
103,6,13,汐止區,37歲,37,37,不相關,0.0,男,1805
103,6,13,汐止區,37歲,37,37,不相關,0.0,女,1888
103,6,13,汐止區,38歲,38,38,不相關,0.0,男,1634
103,6,13,汐止區,38歲,38,38,不相關,0.0,女,1599
103,6,13,汐止區,39歲,39,39,不相關,0.0,男,1608
103,6,13,汐止區,39歲,39,39,不相關,0.0,女,1661
103,6,13,汐止區,40歲,40,40,不相關,0.0,男,1579
103,6,13,汐止區,40歲,40,40,不相關,0.0,女,1518
103,6,13,汐止區,41歲,41,41,不相關,0.0,男,1553
103,6,13,汐止區,41歲,41,41,不相關,0.0,女,1636
103,6,13,汐止區,42歲,42,42,不相關,0.0,男,1629
103,6,13,汐止區,42歲,42,42,不相關,0.0,女,1700
103,6,13,汐止區,43歲,43,43,不相關,0.0,男,1701
103,6,13,汐止區,43歲,43,43,不相關,0.0,女,1808
103,6,13,汐止區,44歲,44,44,不相關,0.0,男,1824
103,6,13,汐止區,44歲,44,44,不相關,0.0,女,1849
103,6,13,汐止區,45歲,45,45,不相關,0.0,男,1730
103,6,13,汐止區,45歲,45,45,不相關,0.0,女,1968
103,6,13,汐止區,46歲,46,46,不相關,0.0,男,1791
103,6,13,汐止區,46歲,46,46,不相關,0.0,女,2004
103,6,13,汐止區,47歲,47,47,不相關,0.0,男,1824
103,6,13,汐止區,47歲,47,47,不相關,0.0,女,2015
103,6,13,汐止區,48歲,48,48,不相關,0.0,男,1871
103,6,13,汐止區,48歲,48,48,不相關,0.0,女,2043
103,6,13,汐止區,49歲,49,49,不相關,0.0,男,1930
103,6,13,汐止區,49歲,49,49,不相關,0.0,女,2026
103,6,13,汐止區,50歲,50,50,不相關,0.0,男,1891
103,6,13,汐止區,50歲,50,50,不相關,0.0,女,2020
103,6,13,汐止區,51歲,51,51,不相關,0.0,男,1837
103,6,13,汐止區,51歲,51,51,不相關,0.0,女,1997
103,6,13,汐止區,52歲,52,52,不相關,0.0,男,1785
103,6,13,汐止區,52歲,52,52,不相關,0.0,女,1918
103,6,13,汐止區,53歲,53,53,不相關,0.0,男,1772
103,6,13,汐止區,53歲,53,53,不相關,0.0,女,1832
103,6,13,汐止區,54歲,54,54,不相關,0.0,男,1636
103,6,13,汐止區,54歲,54,54,不相關,0.0,女,1752
103,6,13,汐止區,55歲,55,55,不相關,0.0,男,1629
103,6,13,汐止區,55歲,55,55,不相關,0.0,女,1760
103,6,13,汐止區,56歲,56,56,不相關,0.0,男,1471
103,6,13,汐止區,56歲,56,56,不相關,0.0,女,1609
103,6,13,汐止區,57歲,57,57,不相關,0.0,男,1460
103,6,13,汐止區,57歲,57,57,不相關,0.0,女,1622
103,6,13,汐止區,58歲,58,58,不相關,0.0,男,1350
103,6,13,汐止區,58歲,58,58,不相關,0.0,女,1601
103,6,13,汐止區,59歲,59,59,不相關,0.0,男,1293
103,6,13,汐止區,59歲,59,59,不相關,0.0,女,1577
103,6,13,汐止區,60歲,60,60,不相關,0.0,男,1224
103,6,13,汐止區,60歲,60,60,不相關,0.0,女,1388
103,6,13,汐止區,61歲,61,61,不相關,0.0,男,1176
103,6,13,汐止區,61歲,61,61,不相關,0.0,女,1390
103,6,13,汐止區,62歲,62,62,不相關,0.0,男,1109
103,6,13,汐止區,62歲,62,62,不相關,0.0,女,1356
103,6,13,汐止區,63歲,63,63,不相關,0.0,男,1024
103,6,13,汐止區,63歲,63,63,不相關,0.0,女,1231
103,6,13,汐止區,64歲,64,64,不相關,0.0,男,872
103,6,13,汐止區,64歲,64,64,不相關,0.0,女,1083
103,6,13,汐止區,65歲,65,65,不相關,0.0,男,866
103,6,13,汐止區,65歲,65,65,不相關,0.0,女,986
103,6,13,汐止區,66歲,66,66,不相關,0.0,男,641
103,6,13,汐止區,66歲,66,66,不相關,0.0,女,737
103,6,13,汐止區,67歲,67,67,不相關,0.0,男,601
103,6,13,汐止區,67歲,67,67,不相關,0.0,女,669
103,6,13,汐止區,68歲,68,68,不相關,0.0,男,381
103,6,13,汐止區,68歲,68,68,不相關,0.0,女,441
103,6,13,汐止區,69歲,69,69,不相關,0.0,男,468
103,6,13,汐止區,69歲,69,69,不相關,0.0,女,560
103,6,13,汐止區,70歲,70,70,不相關,0.0,男,515
103,6,13,汐止區,70歲,70,70,不相關,0.0,女,594
103,6,13,汐止區,71歲,71,71,不相關,0.0,男,436
103,6,13,汐止區,71歲,71,71,不相關,0.0,女,595
103,6,13,汐止區,72歲,72,72,不相關,0.0,男,448
103,6,13,汐止區,72歲,72,72,不相關,0.0,女,540
103,6,13,汐止區,73歲,73,73,不相關,0.0,男,452
103,6,13,汐止區,73歲,73,73,不相關,0.0,女,539
103,6,13,汐止區,74歲,74,74,不相關,0.0,男,384
103,6,13,汐止區,74歲,74,74,不相關,0.0,女,494
103,6,13,汐止區,75歲,75,75,不相關,0.0,男,353
103,6,13,汐止區,75歲,75,75,不相關,0.0,女,455
103,6,13,汐止區,76歲,76,76,不相關,0.0,男,300
103,6,13,汐止區,76歲,76,76,不相關,0.0,女,404
103,6,13,汐止區,77歲,77,77,不相關,0.0,男,277
103,6,13,汐止區,77歲,77,77,不相關,0.0,女,415
103,6,13,汐止區,78歲,78,78,不相關,0.0,男,211
103,6,13,汐止區,78歲,78,78,不相關,0.0,女,336
103,6,13,汐止區,79歲,79,79,不相關,0.0,男,244
103,6,13,汐止區,79歲,79,79,不相關,0.0,女,308
103,6,13,汐止區,80歲,80,80,不相關,0.0,男,202
103,6,13,汐止區,80歲,80,80,不相關,0.0,女,240
103,6,13,汐止區,81歲,81,81,不相關,0.0,男,202
103,6,13,汐止區,81歲,81,81,不相關,0.0,女,243
103,6,13,汐止區,82歲,82,82,不相關,0.0,男,202
103,6,13,汐止區,82歲,82,82,不相關,0.0,女,223
103,6,13,汐止區,83歲,83,83,不相關,0.0,男,184
103,6,13,汐止區,83歲,83,83,不相關,0.0,女,212
103,6,13,汐止區,84歲,84,84,不相關,0.0,男,176
103,6,13,汐止區,84歲,84,84,不相關,0.0,女,183
103,6,13,汐止區,85歲,85,85,不相關,0.0,男,153
103,6,13,汐止區,85歲,85,85,不相關,0.0,女,169
103,6,13,汐止區,86歲,86,86,不相關,0.0,男,138
103,6,13,汐止區,86歲,86,86,不相關,0.0,女,140
103,6,13,汐止區,87歲,87,87,不相關,0.0,男,109
103,6,13,汐止區,87歲,87,87,不相關,0.0,女,128
103,6,13,汐止區,88歲,88,88,不相關,0.0,男,98
103,6,13,汐止區,88歲,88,88,不相關,0.0,女,122
103,6,13,汐止區,89歲,89,89,不相關,0.0,男,82
103,6,13,汐止區,89歲,89,89,不相關,0.0,女,96
103,6,13,汐止區,90歲,90,90,不相關,0.0,男,73
103,6,13,汐止區,90歲,90,90,不相關,0.0,女,80
103,6,13,汐止區,91歲,91,91,不相關,0.0,男,46
103,6,13,汐止區,91歲,91,91,不相關,0.0,女,78
103,6,13,汐止區,92歲,92,92,不相關,0.0,男,49
103,6,13,汐止區,92歲,92,92,不相關,0.0,女,47
103,6,13,汐止區,93歲,93,93,不相關,0.0,男,28
103,6,13,汐止區,93歲,93,93,不相關,0.0,女,28
103,6,13,汐止區,94歲,94,94,不相關,0.0,男,18
103,6,13,汐止區,94歲,94,94,不相關,0.0,女,30
103,6,13,汐止區,95歲,95,95,不相關,0.0,男,19
103,6,13,汐止區,95歲,95,95,不相關,0.0,女,17
103,6,13,汐止區,96歲,96,96,不相關,0.0,男,13
103,6,13,汐止區,96歲,96,96,不相關,0.0,女,16
103,6,13,汐止區,97歲,97,97,不相關,0.0,男,12
103,6,13,汐止區,97歲,97,97,不相關,0.0,女,17
103,6,13,汐止區,98歲,98,98,不相關,0.0,男,8
103,6,13,汐止區,98歲,98,98,不相關,0.0,女,8
103,6,13,汐止區,99歲,99,99,不相關,0.0,男,4
103,6,13,汐止區,99歲,99,99,不相關,0.0,女,6
103,6,13,汐止區,100歲以上,100,100,不相關,0.0,男,7
103,6,13,汐止區,100歲以上,100,100,不相關,0.0,女,16
103,7,13,汐止區,0歲,0,0,不相關,0.0,男,749
103,7,13,汐止區,0歲,0,0,不相關,0.0,女,779
103,7,13,汐止區,1歲,1,1,不相關,0.0,男,889
103,7,13,汐止區,1歲,1,1,不相關,0.0,女,774
103,7,13,汐止區,2歲,2,2,不相關,0.0,男,752
103,7,13,汐止區,2歲,2,2,不相關,0.0,女,755
103,7,13,汐止區,3歲,3,3,不相關,0.0,男,625
103,7,13,汐止區,3歲,3,3,不相關,0.0,女,546
103,7,13,汐止區,4歲,4,4,不相關,0.0,男,607
103,7,13,汐止區,4歲,4,4,不相關,0.0,女,552
103,7,13,汐止區,5歲,5,5,不相關,0.0,男,683
103,7,13,汐止區,5歲,5,5,不相關,0.0,女,632
103,7,13,汐止區,6歲,6,6,不相關,0.0,男,793
103,7,13,汐止區,6歲,6,6,不相關,0.0,女,677
103,7,13,汐止區,7歲,7,7,不相關,0.0,男,722
103,7,13,汐止區,7歲,7,7,不相關,0.0,女,688
103,7,13,汐止區,8歲,8,8,不相關,0.0,男,726
103,7,13,汐止區,8歲,8,8,不相關,0.0,女,688
103,7,13,汐止區,9歲,9,9,不相關,0.0,男,801
103,7,13,汐止區,9歲,9,9,不相關,0.0,女,661
103,7,13,汐止區,10歲,10,10,不相關,0.0,男,764
103,7,13,汐止區,10歲,10,10,不相關,0.0,女,685
103,7,13,汐止區,11歲,11,11,不相關,0.0,男,787
103,7,13,汐止區,11歲,11,11,不相關,0.0,女,773
103,7,13,汐止區,12歲,12,12,不相關,0.0,男,844
103,7,13,汐止區,12歲,12,12,不相關,0.0,女,776
103,7,13,汐止區,13歲,13,13,不相關,0.0,男,1017
103,7,13,汐止區,13歲,13,13,不相關,0.0,女,929
103,7,13,汐止區,14歲,14,14,不相關,0.0,男,1034
103,7,13,汐止區,14歲,14,14,不相關,0.0,女,891
103,7,13,汐止區,15歲,15,15,不相關,0.0,男,1017
103,7,13,汐止區,15歲,15,15,不相關,0.0,女,962
103,7,13,汐止區,16歲,16,16,不相關,0.0,男,1200
103,7,13,汐止區,16歲,16,16,不相關,0.0,女,1186
103,7,13,汐止區,17歲,17,17,不相關,0.0,男,1299
103,7,13,汐止區,17歲,17,17,不相關,0.0,女,1217
103,7,13,汐止區,18歲,18,18,完全落入,1.0,男,1374
103,7,13,汐止區,18歲,18,18,完全落入,1.0,女,1260
103,7,13,汐止區,19歲,19,19,完全落入,1.0,男,1447
103,7,13,汐止區,19歲,19,19,完全落入,1.0,女,1254
103,7,13,汐止區,20歲,20,20,完全落入,1.0,男,1464
103,7,13,汐止區,20歲,20,20,完全落入,1.0,女,1333
103,7,13,汐止區,21歲,21,21,完全落入,1.0,男,1427
103,7,13,汐止區,21歲,21,21,完全落入,1.0,女,1279
103,7,13,汐止區,22歲,22,22,完全落入,1.0,男,1412
103,7,13,汐止區,22歲,22,22,完全落入,1.0,女,1276
103,7,13,汐止區,23歲,23,23,完全落入,1.0,男,1486
103,7,13,汐止區,23歲,23,23,完全落入,1.0,女,1301
103,7,13,汐止區,24歲,24,24,完全落入,1.0,男,1400
103,7,13,汐止區,24歲,24,24,完全落入,1.0,女,1256
103,7,13,汐止區,25歲,25,25,完全落入,1.0,男,1301
103,7,13,汐止區,25歲,25,25,完全落入,1.0,女,1296
103,7,13,汐止區,26歲,26,26,完全落入,1.0,男,1182
103,7,13,汐止區,26歲,26,26,完全落入,1.0,女,1231
103,7,13,汐止區,27歲,27,27,完全落入,1.0,男,1186
103,7,13,汐止區,27歲,27,27,完全落入,1.0,女,1136
103,7,13,汐止區,28歲,28,28,完全落入,1.0,男,1216
103,7,13,汐止區,28歲,28,28,完全落入,1.0,女,1218
103,7,13,汐止區,29歲,29,29,完全落入,1.0,男,1404
103,7,13,汐止區,29歲,29,29,完全落入,1.0,女,1366
103,7,13,汐止區,30歲,30,30,完全落入,1.0,男,1412
103,7,13,汐止區,30歲,30,30,完全落入,1.0,女,1416
103,7,13,汐止區,31歲,31,31,完全落入,1.0,男,1608
103,7,13,汐止區,31歲,31,31,完全落入,1.0,女,1531
103,7,13,汐止區,32歲,32,32,完全落入,1.0,男,1711
103,7,13,汐止區,32歲,32,32,完全落入,1.0,女,1643
103,7,13,汐止區,33歲,33,33,完全落入,1.0,男,1627
103,7,13,汐止區,33歲,33,33,完全落入,1.0,女,1690
103,7,13,汐止區,34歲,34,34,完全落入,1.0,男,1789
103,7,13,汐止區,34歲,34,34,完全落入,1.0,女,1733
103,7,13,汐止區,35歲,35,35,完全落入,1.0,男,1697
103,7,13,汐止區,35歲,35,35,完全落入,1.0,女,1707
103,7,13,汐止區,36歲,36,36,不相關,0.0,男,1616
103,7,13,汐止區,36歲,36,36,不相關,0.0,女,1620
103,7,13,汐止區,37歲,37,37,不相關,0.0,男,1791
103,7,13,汐止區,37歲,37,37,不相關,0.0,女,1851
103,7,13,汐止區,38歲,38,38,不相關,0.0,男,1641
103,7,13,汐止區,38歲,38,38,不相關,0.0,女,1643
103,7,13,汐止區,39歲,39,39,不相關,0.0,男,1599
103,7,13,汐止區,39歲,39,39,不相關,0.0,女,1646
103,7,13,汐止區,40歲,40,40,不相關,0.0,男,1575
103,7,13,汐止區,40歲,40,40,不相關,0.0,女,1554
103,7,13,汐止區,41歲,41,41,不相關,0.0,男,1566
103,7,13,汐止區,41歲,41,41,不相關,0.0,女,1605
103,7,13,汐止區,42歲,42,42,不相關,0.0,男,1603
103,7,13,汐止區,42歲,42,42,不相關,0.0,女,1693
103,7,13,汐止區,43歲,43,43,不相關,0.0,男,1702
103,7,13,汐止區,43歲,43,43,不相關,0.0,女,1779
103,7,13,汐止區,44歲,44,44,不相關,0.0,男,1818
103,7,13,汐止區,44歲,44,44,不相關,0.0,女,1886
103,7,13,汐止區,45歲,45,45,不相關,0.0,男,1725
103,7,13,汐止區,45歲,45,45,不相關,0.0,女,1964
103,7,13,汐止區,46歲,46,46,不相關,0.0,男,1811
103,7,13,汐止區,46歲,46,46,不相關,0.0,女,2016
103,7,13,汐止區,47歲,47,47,不相關,0.0,男,1820
103,7,13,汐止區,47歲,47,47,不相關,0.0,女,1996
103,7,13,汐止區,48歲,48,48,不相關,0.0,男,1888
103,7,13,汐止區,48歲,48,48,不相關,0.0,女,2088
103,7,13,汐止區,49歲,49,49,不相關,0.0,男,1890
103,7,13,汐止區,49歲,49,49,不相關,0.0,女,2023
103,7,13,汐止區,50歲,50,50,不相關,0.0,男,1914
103,7,13,汐止區,50歲,50,50,不相關,0.0,女,2002
103,7,13,汐止區,51歲,51,51,不相關,0.0,男,1862
103,7,13,汐止區,51歲,51,51,不相關,0.0,女,2002
103,7,13,汐止區,52歲,52,52,不相關,0.0,男,1772
103,7,13,汐止區,52歲,52,52,不相關,0.0,女,1936
103,7,13,汐止區,53歲,53,53,不相關,0.0,男,1782
103,7,13,汐止區,53歲,53,53,不相關,0.0,女,1839
103,7,13,汐止區,54歲,54,54,不相關,0.0,男,1630
103,7,13,汐止區,54歲,54,54,不相關,0.0,女,1738
103,7,13,汐止區,55歲,55,55,不相關,0.0,男,1629
103,7,13,汐止區,55歲,55,55,不相關,0.0,女,1752
103,7,13,汐止區,56歲,56,56,不相關,0.0,男,1510
103,7,13,汐止區,56歲,56,56,不相關,0.0,女,1637
103,7,13,汐止區,57歲,57,57,不相關,0.0,男,1454
103,7,13,汐止區,57歲,57,57,不相關,0.0,女,1644
103,7,13,汐止區,58歲,58,58,不相關,0.0,男,1334
103,7,13,汐止區,58歲,58,58,不相關,0.0,女,1567
103,7,13,汐止區,59歲,59,59,不相關,0.0,男,1301
103,7,13,汐止區,59歲,59,59,不相關,0.0,女,1608
103,7,13,汐止區,60歲,60,60,不相關,0.0,男,1227
103,7,13,汐止區,60歲,60,60,不相關,0.0,女,1375
103,7,13,汐止區,61歲,61,61,不相關,0.0,男,1187
103,7,13,汐止區,61歲,61,61,不相關,0.0,女,1419
103,7,13,汐止區,62歲,62,62,不相關,0.0,男,1113
103,7,13,汐止區,62歲,62,62,不相關,0.0,女,1342
103,7,13,汐止區,63歲,63,63,不相關,0.0,男,1046
103,7,13,汐止區,63歲,63,63,不相關,0.0,女,1278
103,7,13,汐止區,64歲,64,64,不相關,0.0,男,885
103,7,13,汐止區,64歲,64,64,不相關,0.0,女,1071
103,7,13,汐止區,65歲,65,65,不相關,0.0,男,856
103,7,13,汐止區,65歲,65,65,不相關,0.0,女,1000
103,7,13,汐止區,66歲,66,66,不相關,0.0,男,655
103,7,13,汐止區,66歲,66,66,不相關,0.0,女,731
103,7,13,汐止區,67歲,67,67,不相關,0.0,男,622
103,7,13,汐止區,67歲,67,67,不相關,0.0,女,690
103,7,13,汐止區,68歲,68,68,不相關,0.0,男,368
103,7,13,汐止區,68歲,68,68,不相關,0.0,女,443
103,7,13,汐止區,69歲,69,69,不相關,0.0,男,460
103,7,13,汐止區,69歲,69,69,不相關,0.0,女,548
103,7,13,汐止區,70歲,70,70,不相關,0.0,男,519
103,7,13,汐止區,70歲,70,70,不相關,0.0,女,595
103,7,13,汐止區,71歲,71,71,不相關,0.0,男,447
103,7,13,汐止區,71歲,71,71,不相關,0.0,女,589
103,7,13,汐止區,72歲,72,72,不相關,0.0,男,450
103,7,13,汐止區,72歲,72,72,不相關,0.0,女,549
103,7,13,汐止區,73歲,73,73,不相關,0.0,男,453
103,7,13,汐止區,73歲,73,73,不相關,0.0,女,538
103,7,13,汐止區,74歲,74,74,不相關,0.0,男,383
103,7,13,汐止區,74歲,74,74,不相關,0.0,女,500
103,7,13,汐止區,75歲,75,75,不相關,0.0,男,359
103,7,13,汐止區,75歲,75,75,不相關,0.0,女,446
103,7,13,汐止區,76歲,76,76,不相關,0.0,男,301
103,7,13,汐止區,76歲,76,76,不相關,0.0,女,407
103,7,13,汐止區,77歲,77,77,不相關,0.0,男,282
103,7,13,汐止區,77歲,77,77,不相關,0.0,女,425
103,7,13,汐止區,78歲,78,78,不相關,0.0,男,219
103,7,13,汐止區,78歲,78,78,不相關,0.0,女,339
103,7,13,汐止區,79歲,79,79,不相關,0.0,男,239
103,7,13,汐止區,79歲,79,79,不相關,0.0,女,308
103,7,13,汐止區,80歲,80,80,不相關,0.0,男,202
103,7,13,汐止區,80歲,80,80,不相關,0.0,女,238
103,7,13,汐止區,81歲,81,81,不相關,0.0,男,202
103,7,13,汐止區,81歲,81,81,不相關,0.0,女,250
103,7,13,汐止區,82歲,82,82,不相關,0.0,男,200
103,7,13,汐止區,82歲,82,82,不相關,0.0,女,216
103,7,13,汐止區,83歲,83,83,不相關,0.0,男,183
103,7,13,汐止區,83歲,83,83,不相關,0.0,女,212
103,7,13,汐止區,84歲,84,84,不相關,0.0,男,179
103,7,13,汐止區,84歲,84,84,不相關,0.0,女,186
103,7,13,汐止區,85歲,85,85,不相關,0.0,男,152
103,7,13,汐止區,85歲,85,85,不相關,0.0,女,169
103,7,13,汐止區,86歲,86,86,不相關,0.0,男,143
103,7,13,汐止區,86歲,86,86,不相關,0.0,女,143
103,7,13,汐止區,87歲,87,87,不相關,0.0,男,106
103,7,13,汐止區,87歲,87,87,不相關,0.0,女,130
103,7,13,汐止區,88歲,88,88,不相關,0.0,男,95
103,7,13,汐止區,88歲,88,88,不相關,0.0,女,118
103,7,13,汐止區,89歲,89,89,不相關,0.0,男,88
103,7,13,汐止區,89歲,89,89,不相關,0.0,女,94
103,7,13,汐止區,90歲,90,90,不相關,0.0,男,67
103,7,13,汐止區,90歲,90,90,不相關,0.0,女,84
103,7,13,汐止區,91歲,91,91,不相關,0.0,男,51
103,7,13,汐止區,91歲,91,91,不相關,0.0,女,79
103,7,13,汐止區,92歲,92,92,不相關,0.0,男,45
103,7,13,汐止區,92歲,92,92,不相關,0.0,女,47
103,7,13,汐止區,93歲,93,93,不相關,0.0,男,30
103,7,13,汐止區,93歲,93,93,不相關,0.0,女,28
103,7,13,汐止區,94歲,94,94,不相關,0.0,男,19
103,7,13,汐止區,94歲,94,94,不相關,0.0,女,31
103,7,13,汐止區,95歲,95,95,不相關,0.0,男,20
103,7,13,汐止區,95歲,95,95,不相關,0.0,女,18
103,7,13,汐止區,96歲,96,96,不相關,0.0,男,13
103,7,13,汐止區,96歲,96,96,不相關,0.0,女,14
103,7,13,汐止區,97歲,97,97,不相關,0.0,男,12
103,7,13,汐止區,97歲,97,97,不相關,0.0,女,17
103,7,13,汐止區,98歲,98,98,不相關,0.0,男,8
103,7,13,汐止區,98歲,98,98,不相關,0.0,女,9
103,7,13,汐止區,99歲,99,99,不相關,0.0,男,5
103,7,13,汐止區,99歲,99,99,不相關,0.0,女,6
103,7,13,汐止區,100歲以上,100,100,不相關,0.0,男,7
103,7,13,汐止區,100歲以上,100,100,不相關,0.0,女,16
103,8,13,汐止區,0歲,0,0,不相關,0.0,男,755
103,8,13,汐止區,0歲,0,0,不相關,0.0,女,755
103,8,13,汐止區,1歲,1,1,不相關,0.0,男,858
103,8,13,汐止區,1歲,1,1,不相關,0.0,女,772
103,8,13,汐止區,2歲,2,2,不相關,0.0,男,772
103,8,13,汐止區,2歲,2,2,不相關,0.0,女,756
103,8,13,汐止區,3歲,3,3,不相關,0.0,男,626
103,8,13,汐止區,3歲,3,3,不相關,0.0,女,559
103,8,13,汐止區,4歲,4,4,不相關,0.0,男,597
103,8,13,汐止區,4歲,4,4,不相關,0.0,女,558
103,8,13,汐止區,5歲,5,5,不相關,0.0,男,679
103,8,13,汐止區,5歲,5,5,不相關,0.0,女,652
103,8,13,汐止區,6歲,6,6,不相關,0.0,男,783
103,8,13,汐止區,6歲,6,6,不相關,0.0,女,655
103,8,13,汐止區,7歲,7,7,不相關,0.0,男,735
103,8,13,汐止區,7歲,7,7,不相關,0.0,女,693
103,8,13,汐止區,8歲,8,8,不相關,0.0,男,715
103,8,13,汐止區,8歲,8,8,不相關,0.0,女,677
103,8,13,汐止區,9歲,9,9,不相關,0.0,男,799
103,8,13,汐止區,9歲,9,9,不相關,0.0,女,647
103,8,13,汐止區,10歲,10,10,不相關,0.0,男,770
103,8,13,汐止區,10歲,10,10,不相關,0.0,女,684
103,8,13,汐止區,11歲,11,11,不相關,0.0,男,781
103,8,13,汐止區,11歲,11,11,不相關,0.0,女,764
103,8,13,汐止區,12歲,12,12,不相關,0.0,男,836
103,8,13,汐止區,12歲,12,12,不相關,0.0,女,802
103,8,13,汐止區,13歲,13,13,不相關,0.0,男,1011
103,8,13,汐止區,13歲,13,13,不相關,0.0,女,897
103,8,13,汐止區,14歲,14,14,不相關,0.0,男,1052
103,8,13,汐止區,14歲,14,14,不相關,0.0,女,910
103,8,13,汐止區,15歲,15,15,不相關,0.0,男,1021
103,8,13,汐止區,15歲,15,15,不相關,0.0,女,974
103,8,13,汐止區,16歲,16,16,不相關,0.0,男,1181
103,8,13,汐止區,16歲,16,16,不相關,0.0,女,1182
103,8,13,汐止區,17歲,17,17,不相關,0.0,男,1308
103,8,13,汐止區,17歲,17,17,不相關,0.0,女,1213
103,8,13,汐止區,18歲,18,18,完全落入,1.0,男,1386
103,8,13,汐止區,18歲,18,18,完全落入,1.0,女,1277
103,8,13,汐止區,19歲,19,19,完全落入,1.0,男,1456
103,8,13,汐止區,19歲,19,19,完全落入,1.0,女,1234
103,8,13,汐止區,20歲,20,20,完全落入,1.0,男,1447
103,8,13,汐止區,20歲,20,20,完全落入,1.0,女,1335
103,8,13,汐止區,21歲,21,21,完全落入,1.0,男,1427
103,8,13,汐止區,21歲,21,21,完全落入,1.0,女,1293
103,8,13,汐止區,22歲,22,22,完全落入,1.0,男,1395
103,8,13,汐止區,22歲,22,22,完全落入,1.0,女,1256
103,8,13,汐止區,23歲,23,23,完全落入,1.0,男,1497
103,8,13,汐止區,23歲,23,23,完全落入,1.0,女,1287
103,8,13,汐止區,24歲,24,24,完全落入,1.0,男,1415
103,8,13,汐止區,24歲,24,24,完全落入,1.0,女,1296
103,8,13,汐止區,25歲,25,25,完全落入,1.0,男,1314
103,8,13,汐止區,25歲,25,25,完全落入,1.0,女,1305
103,8,13,汐止區,26歲,26,26,完全落入,1.0,男,1183
103,8,13,汐止區,26歲,26,26,完全落入,1.0,女,1222
103,8,13,汐止區,27歲,27,27,完全落入,1.0,男,1175
103,8,13,汐止區,27歲,27,27,完全落入,1.0,女,1154
103,8,13,汐止區,28歲,28,28,完全落入,1.0,男,1235
103,8,13,汐止區,28歲,28,28,完全落入,1.0,女,1193
103,8,13,汐止區,29歲,29,29,完全落入,1.0,男,1355
103,8,13,汐止區,29歲,29,29,完全落入,1.0,女,1361
103,8,13,汐止區,30歲,30,30,完全落入,1.0,男,1434
103,8,13,汐止區,30歲,30,30,完全落入,1.0,女,1423
103,8,13,汐止區,31歲,31,31,完全落入,1.0,男,1589
103,8,13,汐止區,31歲,31,31,完全落入,1.0,女,1499
103,8,13,汐止區,32歲,32,32,完全落入,1.0,男,1706
103,8,13,汐止區,32歲,32,32,完全落入,1.0,女,1654
103,8,13,汐止區,33歲,33,33,完全落入,1.0,男,1614
103,8,13,汐止區,33歲,33,33,完全落入,1.0,女,1689
103,8,13,汐止區,34歲,34,34,完全落入,1.0,男,1777
103,8,13,汐止區,34歲,34,34,完全落入,1.0,女,1737
103,8,13,汐止區,35歲,35,35,完全落入,1.0,男,1714
103,8,13,汐止區,35歲,35,35,完全落入,1.0,女,1733
103,8,13,汐止區,36歲,36,36,不相關,0.0,男,1626
103,8,13,汐止區,36歲,36,36,不相關,0.0,女,1623
103,8,13,汐止區,37歲,37,37,不相關,0.0,男,1760
103,8,13,汐止區,37歲,37,37,不相關,0.0,女,1822
103,8,13,汐止區,38歲,38,38,不相關,0.0,男,1686
103,8,13,汐止區,38歲,38,38,不相關,0.0,女,1681
103,8,13,汐止區,39歲,39,39,不相關,0.0,男,1573
103,8,13,汐止區,39歲,39,39,不相關,0.0,女,1662
103,8,13,汐止區,40歲,40,40,不相關,0.0,男,1585
103,8,13,汐止區,40歲,40,40,不相關,0.0,女,1544
103,8,13,汐止區,41歲,41,41,不相關,0.0,男,1585
103,8,13,汐止區,41歲,41,41,不相關,0.0,女,1585
103,8,13,汐止區,42歲,42,42,不相關,0.0,男,1591
103,8,13,汐止區,42歲,42,42,不相關,0.0,女,1690
103,8,13,汐止區,43歲,43,43,不相關,0.0,男,1695
103,8,13,汐止區,43歲,43,43,不相關,0.0,女,1773
103,8,13,汐止區,44歲,44,44,不相關,0.0,男,1813
103,8,13,汐止區,44歲,44,44,不相關,0.0,女,1862
103,8,13,汐止區,45歲,45,45,不相關,0.0,男,1726
103,8,13,汐止區,45歲,45,45,不相關,0.0,女,1974
103,8,13,汐止區,46歲,46,46,不相關,0.0,男,1806
103,8,13,汐止區,46歲,46,46,不相關,0.0,女,2018
103,8,13,汐止區,47歲,47,47,不相關,0.0,男,1829
103,8,13,汐止區,47歲,47,47,不相關,0.0,女,2010
103,8,13,汐止區,48歲,48,48,不相關,0.0,男,1878
103,8,13,汐止區,48歲,48,48,不相關,0.0,女,2091
103,8,13,汐止區,49歲,49,49,不相關,0.0,男,1887
103,8,13,汐止區,49歲,49,49,不相關,0.0,女,2020
103,8,13,汐止區,50歲,50,50,不相關,0.0,男,1922
103,8,13,汐止區,50歲,50,50,不相關,0.0,女,1993
103,8,13,汐止區,51歲,51,51,不相關,0.0,男,1853
103,8,13,汐止區,51歲,51,51,不相關,0.0,女,2008
103,8,13,汐止區,52歲,52,52,不相關,0.0,男,1802
103,8,13,汐止區,52歲,52,52,不相關,0.0,女,1974
103,8,13,汐止區,53歲,53,53,不相關,0.0,男,1787
103,8,13,汐止區,53歲,53,53,不相關,0.0,女,1819
103,8,13,汐止區,54歲,54,54,不相關,0.0,男,1618
103,8,13,汐止區,54歲,54,54,不相關,0.0,女,1756
103,8,13,汐止區,55歲,55,55,不相關,0.0,男,1651
103,8,13,汐止區,55歲,55,55,不相關,0.0,女,1761
103,8,13,汐止區,56歲,56,56,不相關,0.0,男,1530
103,8,13,汐止區,56歲,56,56,不相關,0.0,女,1633
103,8,13,汐止區,57歲,57,57,不相關,0.0,男,1401
103,8,13,汐止區,57歲,57,57,不相關,0.0,女,1608
103,8,13,汐止區,58歲,58,58,不相關,0.0,男,1389
103,8,13,汐止區,58歲,58,58,不相關,0.0,女,1633
103,8,13,汐止區,59歲,59,59,不相關,0.0,男,1310
103,8,13,汐止區,59歲,59,59,不相關,0.0,女,1609
103,8,13,汐止區,60歲,60,60,不相關,0.0,男,1228
103,8,13,汐止區,60歲,60,60,不相關,0.0,女,1384
103,8,13,汐止區,61歲,61,61,不相關,0.0,男,1183
103,8,13,汐止區,61歲,61,61,不相關,0.0,女,1422
103,8,13,汐止區,62歲,62,62,不相關,0.0,男,1132
103,8,13,汐止區,62歲,62,62,不相關,0.0,女,1333
103,8,13,汐止區,63歲,63,63,不相關,0.0,男,1044
103,8,13,汐止區,63歲,63,63,不相關,0.0,女,1306
103,8,13,汐止區,64歲,64,64,不相關,0.0,男,889
103,8,13,汐止區,64歲,64,64,不相關,0.0,女,1065
103,8,13,汐止區,65歲,65,65,不相關,0.0,男,867
103,8,13,汐止區,65歲,65,65,不相關,0.0,女,1015
103,8,13,汐止區,66歲,66,66,不相關,0.0,男,663
103,8,13,汐止區,66歲,66,66,不相關,0.0,女,754
103,8,13,汐止區,67歲,67,67,不相關,0.0,男,636
103,8,13,汐止區,67歲,67,67,不相關,0.0,女,706
103,8,13,汐止區,68歲,68,68,不相關,0.0,男,374
103,8,13,汐止區,68歲,68,68,不相關,0.0,女,448
103,8,13,汐止區,69歲,69,69,不相關,0.0,男,455
103,8,13,汐止區,69歲,69,69,不相關,0.0,女,538
103,8,13,汐止區,70歲,70,70,不相關,0.0,男,516
103,8,13,汐止區,70歲,70,70,不相關,0.0,女,588
103,8,13,汐止區,71歲,71,71,不相關,0.0,男,454
103,8,13,汐止區,71歲,71,71,不相關,0.0,女,585
103,8,13,汐止區,72歲,72,72,不相關,0.0,男,458
103,8,13,汐止區,72歲,72,72,不相關,0.0,女,560
103,8,13,汐止區,73歲,73,73,不相關,0.0,男,443
103,8,13,汐止區,73歲,73,73,不相關,0.0,女,535
103,8,13,汐止區,74歲,74,74,不相關,0.0,男,394
103,8,13,汐止區,74歲,74,74,不相關,0.0,女,497
103,8,13,汐止區,75歲,75,75,不相關,0.0,男,353
103,8,13,汐止區,75歲,75,75,不相關,0.0,女,459
103,8,13,汐止區,76歲,76,76,不相關,0.0,男,304
103,8,13,汐止區,76歲,76,76,不相關,0.0,女,400
103,8,13,汐止區,77歲,77,77,不相關,0.0,男,284
103,8,13,汐止區,77歲,77,77,不相關,0.0,女,434
103,8,13,汐止區,78歲,78,78,不相關,0.0,男,223
103,8,13,汐止區,78歲,78,78,不相關,0.0,女,337
103,8,13,汐止區,79歲,79,79,不相關,0.0,男,233
103,8,13,汐止區,79歲,79,79,不相關,0.0,女,315
103,8,13,汐止區,80歲,80,80,不相關,0.0,男,208
103,8,13,汐止區,80歲,80,80,不相關,0.0,女,234
103,8,13,汐止區,81歲,81,81,不相關,0.0,男,210
103,8,13,汐止區,81歲,81,81,不相關,0.0,女,258
103,8,13,汐止區,82歲,82,82,不相關,0.0,男,191
103,8,13,汐止區,82歲,82,82,不相關,0.0,女,214
103,8,13,汐止區,83歲,83,83,不相關,0.0,男,191
103,8,13,汐止區,83歲,83,83,不相關,0.0,女,209
103,8,13,汐止區,84歲,84,84,不相關,0.0,男,174
103,8,13,汐止區,84歲,84,84,不相關,0.0,女,192
103,8,13,汐止區,85歲,85,85,不相關,0.0,男,154
103,8,13,汐止區,85歲,85,85,不相關,0.0,女,168
103,8,13,汐止區,86歲,86,86,不相關,0.0,男,144
103,8,13,汐止區,86歲,86,86,不相關,0.0,女,139
103,8,13,汐止區,87歲,87,87,不相關,0.0,男,104
103,8,13,汐止區,87歲,87,87,不相關,0.0,女,135
103,8,13,汐止區,88歲,88,88,不相關,0.0,男,100
103,8,13,汐止區,88歲,88,88,不相關,0.0,女,119
103,8,13,汐止區,89歲,89,89,不相關,0.0,男,86
103,8,13,汐止區,89歲,89,89,不相關,0.0,女,96
103,8,13,汐止區,90歲,90,90,不相關,0.0,男,66
103,8,13,汐止區,90歲,90,90,不相關,0.0,女,79
103,8,13,汐止區,91歲,91,91,不相關,0.0,男,50
103,8,13,汐止區,91歲,91,91,不相關,0.0,女,82
103,8,13,汐止區,92歲,92,92,不相關,0.0,男,48
103,8,13,汐止區,92歲,92,92,不相關,0.0,女,50
103,8,13,汐止區,93歲,93,93,不相關,0.0,男,30
103,8,13,汐止區,93歲,93,93,不相關,0.0,女,27
103,8,13,汐止區,94歲,94,94,不相關,0.0,男,19
103,8,13,汐止區,94歲,94,94,不相關,0.0,女,31
103,8,13,汐止區,95歲,95,95,不相關,0.0,男,20
103,8,13,汐止區,95歲,95,95,不相關,0.0,女,20
103,8,13,汐止區,96歲,96,96,不相關,0.0,男,12
103,8,13,汐止區,96歲,96,96,不相關,0.0,女,12
103,8,13,汐止區,97歲,97,97,不相關,0.0,男,13
103,8,13,汐止區,97歲,97,97,不相關,0.0,女,18
103,8,13,汐止區,98歲,98,98,不相關,0.0,男,9
103,8,13,汐止區,98歲,98,98,不相關,0.0,女,8
103,8,13,汐止區,99歲,99,99,不相關,0.0,男,5
103,8,13,汐止區,99歲,99,99,不相關,0.0,女,6
103,8,13,汐止區,100歲以上,100,100,不相關,0.0,男,7
103,8,13,汐止區,100歲以上,100,100,不相關,0.0,女,15
103,9,13,汐止區,0歲,0,0,不相關,0.0,男,767
103,9,13,汐止區,0歲,0,0,不相關,0.0,女,757
103,9,13,汐止區,1歲,1,1,不相關,0.0,男,840
103,9,13,汐止區,1歲,1,1,不相關,0.0,女,766
103,9,13,汐止區,2歲,2,2,不相關,0.0,男,773
103,9,13,汐止區,2歲,2,2,不相關,0.0,女,767
103,9,13,汐止區,3歲,3,3,不相關,0.0,男,624
103,9,13,汐止區,3歲,3,3,不相關,0.0,女,573
103,9,13,汐止區,4歲,4,4,不相關,0.0,男,591
103,9,13,汐止區,4歲,4,4,不相關,0.0,女,534
103,9,13,汐止區,5歲,5,5,不相關,0.0,男,671
103,9,13,汐止區,5歲,5,5,不相關,0.0,女,643
103,9,13,汐止區,6歲,6,6,不相關,0.0,男,766
103,9,13,汐止區,6歲,6,6,不相關,0.0,女,656
103,9,13,汐止區,7歲,7,7,不相關,0.0,男,746
103,9,13,汐止區,7歲,7,7,不相關,0.0,女,705
103,9,13,汐止區,8歲,8,8,不相關,0.0,男,727
103,9,13,汐止區,8歲,8,8,不相關,0.0,女,667
103,9,13,汐止區,9歲,9,9,不相關,0.0,男,787
103,9,13,汐止區,9歲,9,9,不相關,0.0,女,660
103,9,13,汐止區,10歲,10,10,不相關,0.0,男,761
103,9,13,汐止區,10歲,10,10,不相關,0.0,女,663
103,9,13,汐止區,11歲,11,11,不相關,0.0,男,790
103,9,13,汐止區,11歲,11,11,不相關,0.0,女,758
103,9,13,汐止區,12歲,12,12,不相關,0.0,男,849
103,9,13,汐止區,12歲,12,12,不相關,0.0,女,803
103,9,13,汐止區,13歲,13,13,不相關,0.0,男,997
103,9,13,汐止區,13歲,13,13,不相關,0.0,女,880
103,9,13,汐止區,14歲,14,14,不相關,0.0,男,1041
103,9,13,汐止區,14歲,14,14,不相關,0.0,女,914
103,9,13,汐止區,15歲,15,15,不相關,0.0,男,1057
103,9,13,汐止區,15歲,15,15,不相關,0.0,女,999
103,9,13,汐止區,16歲,16,16,不相關,0.0,男,1125
103,9,13,汐止區,16歲,16,16,不相關,0.0,女,1136
103,9,13,汐止區,17歲,17,17,不相關,0.0,男,1330
103,9,13,汐止區,17歲,17,17,不相關,0.0,女,1219
103,9,13,汐止區,18歲,18,18,完全落入,1.0,男,1370
103,9,13,汐止區,18歲,18,18,完全落入,1.0,女,1262
103,9,13,汐止區,19歲,19,19,完全落入,1.0,男,1433
103,9,13,汐止區,19歲,19,19,完全落入,1.0,女,1248
103,9,13,汐止區,20歲,20,20,完全落入,1.0,男,1447
103,9,13,汐止區,20歲,20,20,完全落入,1.0,女,1330
103,9,13,汐止區,21歲,21,21,完全落入,1.0,男,1450
103,9,13,汐止區,21歲,21,21,完全落入,1.0,女,1312
103,9,13,汐止區,22歲,22,22,完全落入,1.0,男,1396
103,9,13,汐止區,22歲,22,22,完全落入,1.0,女,1269
103,9,13,汐止區,23歲,23,23,完全落入,1.0,男,1498
103,9,13,汐止區,23歲,23,23,完全落入,1.0,女,1274
103,9,13,汐止區,24歲,24,24,完全落入,1.0,男,1429
103,9,13,汐止區,24歲,24,24,完全落入,1.0,女,1295
103,9,13,汐止區,25歲,25,25,完全落入,1.0,男,1324
103,9,13,汐止區,25歲,25,25,完全落入,1.0,女,1289
103,9,13,汐止區,26歲,26,26,完全落入,1.0,男,1189
103,9,13,汐止區,26歲,26,26,完全落入,1.0,女,1245
103,9,13,汐止區,27歲,27,27,完全落入,1.0,男,1187
103,9,13,汐止區,27歲,27,27,完全落入,1.0,女,1153
103,9,13,汐止區,28歲,28,28,完全落入,1.0,男,1225
103,9,13,汐止區,28歲,28,28,完全落入,1.0,女,1175
103,9,13,汐止區,29歲,29,29,完全落入,1.0,男,1325
103,9,13,汐止區,29歲,29,29,完全落入,1.0,女,1359
103,9,13,汐止區,30歲,30,30,完全落入,1.0,男,1418
103,9,13,汐止區,30歲,30,30,完全落入,1.0,女,1413
103,9,13,汐止區,31歲,31,31,完全落入,1.0,男,1593
103,9,13,汐止區,31歲,31,31,完全落入,1.0,女,1500
103,9,13,汐止區,32歲,32,32,完全落入,1.0,男,1700
103,9,13,汐止區,32歲,32,32,完全落入,1.0,女,1629
103,9,13,汐止區,33歲,33,33,完全落入,1.0,男,1633
103,9,13,汐止區,33歲,33,33,完全落入,1.0,女,1701
103,9,13,汐止區,34歲,34,34,完全落入,1.0,男,1737
103,9,13,汐止區,34歲,34,34,完全落入,1.0,女,1717
103,9,13,汐止區,35歲,35,35,完全落入,1.0,男,1738
103,9,13,汐止區,35歲,35,35,完全落入,1.0,女,1753
103,9,13,汐止區,36歲,36,36,不相關,0.0,男,1638
103,9,13,汐止區,36歲,36,36,不相關,0.0,女,1628
103,9,13,汐止區,37歲,37,37,不相關,0.0,男,1701
103,9,13,汐止區,37歲,37,37,不相關,0.0,女,1792
103,9,13,汐止區,38歲,38,38,不相關,0.0,男,1747
103,9,13,汐止區,38歲,38,38,不相關,0.0,女,1725
103,9,13,汐止區,39歲,39,39,不相關,0.0,男,1570
103,9,13,汐止區,39歲,39,39,不相關,0.0,女,1651
103,9,13,汐止區,40歲,40,40,不相關,0.0,男,1589
103,9,13,汐止區,40歲,40,40,不相關,0.0,女,1565
103,9,13,汐止區,41歲,41,41,不相關,0.0,男,1581
103,9,13,汐止區,41歲,41,41,不相關,0.0,女,1601
103,9,13,汐止區,42歲,42,42,不相關,0.0,男,1602
103,9,13,汐止區,42歲,42,42,不相關,0.0,女,1695
103,9,13,汐止區,43歲,43,43,不相關,0.0,男,1697
103,9,13,汐止區,43歲,43,43,不相關,0.0,女,1773
103,9,13,汐止區,44歲,44,44,不相關,0.0,男,1777
103,9,13,汐止區,44歲,44,44,不相關,0.0,女,1860
103,9,13,汐止區,45歲,45,45,不相關,0.0,男,1760
103,9,13,汐止區,45歲,45,45,不相關,0.0,女,1968
103,9,13,汐止區,46歲,46,46,不相關,0.0,男,1770
103,9,13,汐止區,46歲,46,46,不相關,0.0,女,2002
103,9,13,汐止區,47歲,47,47,不相關,0.0,男,1854
103,9,13,汐止區,47歲,47,47,不相關,0.0,女,2019
103,9,13,汐止區,48歲,48,48,不相關,0.0,男,1859
103,9,13,汐止區,48歲,48,48,不相關,0.0,女,2074
103,9,13,汐止區,49歲,49,49,不相關,0.0,男,1906
103,9,13,汐止區,49歲,49,49,不相關,0.0,女,2045
103,9,13,汐止區,50歲,50,50,不相關,0.0,男,1911
103,9,13,汐止區,50歲,50,50,不相關,0.0,女,2009
103,9,13,汐止區,51歲,51,51,不相關,0.0,男,1863
103,9,13,汐止區,51歲,51,51,不相關,0.0,女,2022
103,9,13,汐止區,52歲,52,52,不相關,0.0,男,1798
103,9,13,汐止區,52歲,52,52,不相關,0.0,女,1956
103,9,13,汐止區,53歲,53,53,不相關,0.0,男,1768
103,9,13,汐止區,53歲,53,53,不相關,0.0,女,1823
103,9,13,汐止區,54歲,54,54,不相關,0.0,男,1639
103,9,13,汐止區,54歲,54,54,不相關,0.0,女,1765
103,9,13,汐止區,55歲,55,55,不相關,0.0,男,1657
103,9,13,汐止區,55歲,55,55,不相關,0.0,女,1763
103,9,13,汐止區,56歲,56,56,不相關,0.0,男,1521
103,9,13,汐止區,56歲,56,56,不相關,0.0,女,1661
103,9,13,汐止區,57歲,57,57,不相關,0.0,男,1417
103,9,13,汐止區,57歲,57,57,不相關,0.0,女,1576
103,9,13,汐止區,58歲,58,58,不相關,0.0,男,1413
103,9,13,汐止區,58歲,58,58,不相關,0.0,女,1694
103,9,13,汐止區,59歲,59,59,不相關,0.0,男,1296
103,9,13,汐止區,59歲,59,59,不相關,0.0,女,1582
103,9,13,汐止區,60歲,60,60,不相關,0.0,男,1242
103,9,13,汐止區,60歲,60,60,不相關,0.0,女,1396
103,9,13,汐止區,61歲,61,61,不相關,0.0,男,1159
103,9,13,汐止區,61歲,61,61,不相關,0.0,女,1400
103,9,13,汐止區,62歲,62,62,不相關,0.0,男,1160
103,9,13,汐止區,62歲,62,62,不相關,0.0,女,1367
103,9,13,汐止區,63歲,63,63,不相關,0.0,男,1039
103,9,13,汐止區,63歲,63,63,不相關,0.0,女,1296
103,9,13,汐止區,64歲,64,64,不相關,0.0,男,898
103,9,13,汐止區,64歲,64,64,不相關,0.0,女,1058
103,9,13,汐止區,65歲,65,65,不相關,0.0,男,886
103,9,13,汐止區,65歲,65,65,不相關,0.0,女,1066
103,9,13,汐止區,66歲,66,66,不相關,0.0,男,665
103,9,13,汐止區,66歲,66,66,不相關,0.0,女,764
103,9,13,汐止區,67歲,67,67,不相關,0.0,男,643
103,9,13,汐止區,67歲,67,67,不相關,0.0,女,705
103,9,13,汐止區,68歲,68,68,不相關,0.0,男,393
103,9,13,汐止區,68歲,68,68,不相關,0.0,女,478
103,9,13,汐止區,69歲,69,69,不相關,0.0,男,429
103,9,13,汐止區,69歲,69,69,不相關,0.0,女,509
103,9,13,汐止區,70歲,70,70,不相關,0.0,男,521
103,9,13,汐止區,70歲,70,70,不相關,0.0,女,586
103,9,13,汐止區,71歲,71,71,不相關,0.0,男,469
103,9,13,汐止區,71歲,71,71,不相關,0.0,女,573
103,9,13,汐止區,72歲,72,72,不相關,0.0,男,452
103,9,13,汐止區,72歲,72,72,不相關,0.0,女,573
103,9,13,汐止區,73歲,73,73,不相關,0.0,男,444
103,9,13,汐止區,73歲,73,73,不相關,0.0,女,548
103,9,13,汐止區,74歲,74,74,不相關,0.0,男,392
103,9,13,汐止區,74歲,74,74,不相關,0.0,女,491
103,9,13,汐止區,75歲,75,75,不相關,0.0,男,360
103,9,13,汐止區,75歲,75,75,不相關,0.0,女,457
103,9,13,汐止區,76歲,76,76,不相關,0.0,男,301
103,9,13,汐止區,76歲,76,76,不相關,0.0,女,414
103,9,13,汐止區,77歲,77,77,不相關,0.0,男,279
103,9,13,汐止區,77歲,77,77,不相關,0.0,女,442
103,9,13,汐止區,78歲,78,78,不相關,0.0,男,232
103,9,13,汐止區,78歲,78,78,不相關,0.0,女,317
103,9,13,汐止區,79歲,79,79,不相關,0.0,男,231
103,9,13,汐止區,79歲,79,79,不相關,0.0,女,330
103,9,13,汐止區,80歲,80,80,不相關,0.0,男,207
103,9,13,汐止區,80歲,80,80,不相關,0.0,女,236
103,9,13,汐止區,81歲,81,81,不相關,0.0,男,213
103,9,13,汐止區,81歲,81,81,不相關,0.0,女,253
103,9,13,汐止區,82歲,82,82,不相關,0.0,男,189
103,9,13,汐止區,82歲,82,82,不相關,0.0,女,221
103,9,13,汐止區,83歲,83,83,不相關,0.0,男,193
103,9,13,汐止區,83歲,83,83,不相關,0.0,女,201
103,9,13,汐止區,84歲,84,84,不相關,0.0,男,176
103,9,13,汐止區,84歲,84,84,不相關,0.0,女,193
103,9,13,汐止區,85歲,85,85,不相關,0.0,男,164
103,9,13,汐止區,85歲,85,85,不相關,0.0,女,175
103,9,13,汐止區,86歲,86,86,不相關,0.0,男,137
103,9,13,汐止區,86歲,86,86,不相關,0.0,女,141
103,9,13,汐止區,87歲,87,87,不相關,0.0,男,113
103,9,13,汐止區,87歲,87,87,不相關,0.0,女,135
103,9,13,汐止區,88歲,88,88,不相關,0.0,男,93
103,9,13,汐止區,88歲,88,88,不相關,0.0,女,117
103,9,13,汐止區,89歲,89,89,不相關,0.0,男,87
103,9,13,汐止區,89歲,89,89,不相關,0.0,女,99
103,9,13,汐止區,90歲,90,90,不相關,0.0,男,63
103,9,13,汐止區,90歲,90,90,不相關,0.0,女,74
103,9,13,汐止區,91歲,91,91,不相關,0.0,男,54
103,9,13,汐止區,91歲,91,91,不相關,0.0,女,88
103,9,13,汐止區,92歲,92,92,不相關,0.0,男,47
103,9,13,汐止區,92歲,92,92,不相關,0.0,女,46
103,9,13,汐止區,93歲,93,93,不相關,0.0,男,34
103,9,13,汐止區,93歲,93,93,不相關,0.0,女,29
103,9,13,汐止區,94歲,94,94,不相關,0.0,男,20
103,9,13,汐止區,94歲,94,94,不相關,0.0,女,34
103,9,13,汐止區,95歲,95,95,不相關,0.0,男,17
103,9,13,汐止區,95歲,95,95,不相關,0.0,女,18
103,9,13,汐止區,96歲,96,96,不相關,0.0,男,13
103,9,13,汐止區,96歲,96,96,不相關,0.0,女,12
103,9,13,汐止區,97歲,97,97,不相關,0.0,男,11
103,9,13,汐止區,97歲,97,97,不相關,0.0,女,19
103,9,13,汐止區,98歲,98,98,不相關,0.0,男,11
103,9,13,汐止區,98歲,98,98,不相關,0.0,女,8
103,9,13,汐止區,99歲,99,99,不相關,0.0,男,5
103,9,13,汐止區,99歲,99,99,不相關,0.0,女,6
103,9,13,汐止區,100歲以上,100,100,不相關,0.0,男,7
103,9,13,汐止區,100歲以上,100,100,不相關,0.0,女,14
103,10,13,汐止區,0歲,0,0,不相關,0.0,男,784
103,10,13,汐止區,0歲,0,0,不相關,0.0,女,772
103,10,13,汐止區,1歲,1,1,不相關,0.0,男,824
103,10,13,汐止區,1歲,1,1,不相關,0.0,女,746
103,10,13,汐止區,2歲,2,2,不相關,0.0,男,792
103,10,13,汐止區,2歲,2,2,不相關,0.0,女,798
103,10,13,汐止區,3歲,3,3,不相關,0.0,男,632
103,10,13,汐止區,3歲,3,3,不相關,0.0,女,593
103,10,13,汐止區,4歲,4,4,不相關,0.0,男,578
103,10,13,汐止區,4歲,4,4,不相關,0.0,女,520
103,10,13,汐止區,5歲,5,5,不相關,0.0,男,684
103,10,13,汐止區,5歲,5,5,不相關,0.0,女,639
103,10,13,汐止區,6歲,6,6,不相關,0.0,男,746
103,10,13,汐止區,6歲,6,6,不相關,0.0,女,634
103,10,13,汐止區,7歲,7,7,不相關,0.0,男,759
103,10,13,汐止區,7歲,7,7,不相關,0.0,女,689
103,10,13,汐止區,8歲,8,8,不相關,0.0,男,718
103,10,13,汐止區,8歲,8,8,不相關,0.0,女,693
103,10,13,汐止區,9歲,9,9,不相關,0.0,男,774
103,10,13,汐止區,9歲,9,9,不相關,0.0,女,652
103,10,13,汐止區,10歲,10,10,不相關,0.0,男,770
103,10,13,汐止區,10歲,10,10,不相關,0.0,女,662
103,10,13,汐止區,11歲,11,11,不相關,0.0,男,782
103,10,13,汐止區,11歲,11,11,不相關,0.0,女,754
103,10,13,汐止區,12歲,12,12,不相關,0.0,男,832
103,10,13,汐止區,12歲,12,12,不相關,0.0,女,794
103,10,13,汐止區,13歲,13,13,不相關,0.0,男,1003
103,10,13,汐止區,13歲,13,13,不相關,0.0,女,852
103,10,13,汐止區,14歲,14,14,不相關,0.0,男,1046
103,10,13,汐止區,14歲,14,14,不相關,0.0,女,946
103,10,13,汐止區,15歲,15,15,不相關,0.0,男,1061
103,10,13,汐止區,15歲,15,15,不相關,0.0,女,1010
103,10,13,汐止區,16歲,16,16,不相關,0.0,男,1079
103,10,13,汐止區,16歲,16,16,不相關,0.0,女,1080
103,10,13,汐止區,17歲,17,17,不相關,0.0,男,1358
103,10,13,汐止區,17歲,17,17,不相關,0.0,女,1234
103,10,13,汐止區,18歲,18,18,完全落入,1.0,男,1365
103,10,13,汐止區,18歲,18,18,完全落入,1.0,女,1260
103,10,13,汐止區,19歲,19,19,完全落入,1.0,男,1413
103,10,13,汐止區,19歲,19,19,完全落入,1.0,女,1261
103,10,13,汐止區,20歲,20,20,完全落入,1.0,男,1450
103,10,13,汐止區,20歲,20,20,完全落入,1.0,女,1308
103,10,13,汐止區,21歲,21,21,完全落入,1.0,男,1451
103,10,13,汐止區,21歲,21,21,完全落入,1.0,女,1316
103,10,13,汐止區,22歲,22,22,完全落入,1.0,男,1405
103,10,13,汐止區,22歲,22,22,完全落入,1.0,女,1281
103,10,13,汐止區,23歲,23,23,完全落入,1.0,男,1463
103,10,13,汐止區,23歲,23,23,完全落入,1.0,女,1251
103,10,13,汐止區,24歲,24,24,完全落入,1.0,男,1460
103,10,13,汐止區,24歲,24,24,完全落入,1.0,女,1325
103,10,13,汐止區,25歲,25,25,完全落入,1.0,男,1307
103,10,13,汐止區,25歲,25,25,完全落入,1.0,女,1265
103,10,13,汐止區,26歲,26,26,完全落入,1.0,男,1246
103,10,13,汐止區,26歲,26,26,完全落入,1.0,女,1230
103,10,13,汐止區,27歲,27,27,完全落入,1.0,男,1185
103,10,13,汐止區,27歲,27,27,完全落入,1.0,女,1174
103,10,13,汐止區,28歲,28,28,完全落入,1.0,男,1199
103,10,13,汐止區,28歲,28,28,完全落入,1.0,女,1183
103,10,13,汐止區,29歲,29,29,完全落入,1.0,男,1305
103,10,13,汐止區,29歲,29,29,完全落入,1.0,女,1326
103,10,13,汐止區,30歲,30,30,完全落入,1.0,男,1424
103,10,13,汐止區,30歲,30,30,完全落入,1.0,女,1405
103,10,13,汐止區,31歲,31,31,完全落入,1.0,男,1550
103,10,13,汐止區,31歲,31,31,完全落入,1.0,女,1483
103,10,13,汐止區,32歲,32,32,完全落入,1.0,男,1717
103,10,13,汐止區,32歲,32,32,完全落入,1.0,女,1636
103,10,13,汐止區,33歲,33,33,完全落入,1.0,男,1634
103,10,13,汐止區,33歲,33,33,完全落入,1.0,女,1679
103,10,13,汐止區,34歲,34,34,完全落入,1.0,男,1707
103,10,13,汐止區,34歲,34,34,完全落入,1.0,女,1715
103,10,13,汐止區,35歲,35,35,完全落入,1.0,男,1780
103,10,13,汐止區,35歲,35,35,完全落入,1.0,女,1757
103,10,13,汐止區,36歲,36,36,不相關,0.0,男,1622
103,10,13,汐止區,36歲,36,36,不相關,0.0,女,1656
103,10,13,汐止區,37歲,37,37,不相關,0.0,男,1667
103,10,13,汐止區,37歲,37,37,不相關,0.0,女,1735
103,10,13,汐止區,38歲,38,38,不相關,0.0,男,1775
103,10,13,汐止區,38歲,38,38,不相關,0.0,女,1759
103,10,13,汐止區,39歲,39,39,不相關,0.0,男,1574
103,10,13,汐止區,39歲,39,39,不相關,0.0,女,1651
103,10,13,汐止區,40歲,40,40,不相關,0.0,男,1585
103,10,13,汐止區,40歲,40,40,不相關,0.0,女,1601
103,10,13,汐止區,41歲,41,41,不相關,0.0,男,1588
103,10,13,汐止區,41歲,41,41,不相關,0.0,女,1601
103,10,13,汐止區,42歲,42,42,不相關,0.0,男,1595
103,10,13,汐止區,42歲,42,42,不相關,0.0,女,1667
103,10,13,汐止區,43歲,43,43,不相關,0.0,男,1668
103,10,13,汐止區,43歲,43,43,不相關,0.0,女,1769
103,10,13,汐止區,44歲,44,44,不相關,0.0,男,1761
103,10,13,汐止區,44歲,44,44,不相關,0.0,女,1873
103,10,13,汐止區,45歲,45,45,不相關,0.0,男,1753
103,10,13,汐止區,45歲,45,45,不相關,0.0,女,1952
103,10,13,汐止區,46歲,46,46,不相關,0.0,男,1799
103,10,13,汐止區,46歲,46,46,不相關,0.0,女,1990
103,10,13,汐止區,47歲,47,47,不相關,0.0,男,1827
103,10,13,汐止區,47歲,47,47,不相關,0.0,女,1989
103,10,13,汐止區,48歲,48,48,不相關,0.0,男,1854
103,10,13,汐止區,48歲,48,48,不相關,0.0,女,2106
103,10,13,汐止區,49歲,49,49,不相關,0.0,男,1918
103,10,13,汐止區,49歲,49,49,不相關,0.0,女,2062
103,10,13,汐止區,50歲,50,50,不相關,0.0,男,1889
103,10,13,汐止區,50歲,50,50,不相關,0.0,女,1995
103,10,13,汐止區,51歲,51,51,不相關,0.0,男,1885
103,10,13,汐止區,51歲,51,51,不相關,0.0,女,2015
103,10,13,汐止區,52歲,52,52,不相關,0.0,男,1812
103,10,13,汐止區,52歲,52,52,不相關,0.0,女,1958
103,10,13,汐止區,53歲,53,53,不相關,0.0,男,1738
103,10,13,汐止區,53歲,53,53,不相關,0.0,女,1824
103,10,13,汐止區,54歲,54,54,不相關,0.0,男,1682
103,10,13,汐止區,54歲,54,54,不相關,0.0,女,1808
103,10,13,汐止區,55歲,55,55,不相關,0.0,男,1634
103,10,13,汐止區,55歲,55,55,不相關,0.0,女,1750
103,10,13,汐止區,56歲,56,56,不相關,0.0,男,1519
103,10,13,汐止區,56歲,56,56,不相關,0.0,女,1668
103,10,13,汐止區,57歲,57,57,不相關,0.0,男,1458
103,10,13,汐止區,57歲,57,57,不相關,0.0,女,1619
103,10,13,汐止區,58歲,58,58,不相關,0.0,男,1390
103,10,13,汐止區,58歲,58,58,不相關,0.0,女,1650
103,10,13,汐止區,59歲,59,59,不相關,0.0,男,1315
103,10,13,汐止區,59歲,59,59,不相關,0.0,女,1602
103,10,13,汐止區,60歲,60,60,不相關,0.0,男,1243
103,10,13,汐止區,60歲,60,60,不相關,0.0,女,1412
103,10,13,汐止區,61歲,61,61,不相關,0.0,男,1169
103,10,13,汐止區,61歲,61,61,不相關,0.0,女,1390
103,10,13,汐止區,62歲,62,62,不相關,0.0,男,1156
103,10,13,汐止區,62歲,62,62,不相關,0.0,女,1378
103,10,13,汐止區,63歲,63,63,不相關,0.0,男,1077
103,10,13,汐止區,63歲,63,63,不相關,0.0,女,1296
103,10,13,汐止區,64歲,64,64,不相關,0.0,男,891
103,10,13,汐止區,64歲,64,64,不相關,0.0,女,1077
103,10,13,汐止區,65歲,65,65,不相關,0.0,男,882
103,10,13,汐止區,65歲,65,65,不相關,0.0,女,1056
103,10,13,汐止區,66歲,66,66,不相關,0.0,男,683
103,10,13,汐止區,66歲,66,66,不相關,0.0,女,798
103,10,13,汐止區,67歲,67,67,不相關,0.0,男,646
103,10,13,汐止區,67歲,67,67,不相關,0.0,女,708
103,10,13,汐止區,68歲,68,68,不相關,0.0,男,418
103,10,13,汐止區,68歲,68,68,不相關,0.0,女,506
103,10,13,汐止區,69歲,69,69,不相關,0.0,男,400
103,10,13,汐止區,69歲,69,69,不相關,0.0,女,480
103,10,13,汐止區,70歲,70,70,不相關,0.0,男,536
103,10,13,汐止區,70歲,70,70,不相關,0.0,女,575
103,10,13,汐止區,71歲,71,71,不相關,0.0,男,461
103,10,13,汐止區,71歲,71,71,不相關,0.0,女,596
103,10,13,汐止區,72歲,72,72,不相關,0.0,男,446
103,10,13,汐止區,72歲,72,72,不相關,0.0,女,558
103,10,13,汐止區,73歲,73,73,不相關,0.0,男,454
103,10,13,汐止區,73歲,73,73,不相關,0.0,女,563
103,10,13,汐止區,74歲,74,74,不相關,0.0,男,397
103,10,13,汐止區,74歲,74,74,不相關,0.0,女,491
103,10,13,汐止區,75歲,75,75,不相關,0.0,男,361
103,10,13,汐止區,75歲,75,75,不相關,0.0,女,452
103,10,13,汐止區,76歲,76,76,不相關,0.0,男,298
103,10,13,汐止區,76歲,76,76,不相關,0.0,女,423
103,10,13,汐止區,77歲,77,77,不相關,0.0,男,289
103,10,13,汐止區,77歲,77,77,不相關,0.0,女,428
103,10,13,汐止區,78歲,78,78,不相關,0.0,男,232
103,10,13,汐止區,78歲,78,78,不相關,0.0,女,342
103,10,13,汐止區,79歲,79,79,不相關,0.0,男,231
103,10,13,汐止區,79歲,79,79,不相關,0.0,女,326
103,10,13,汐止區,80歲,80,80,不相關,0.0,男,213
103,10,13,汐止區,80歲,80,80,不相關,0.0,女,256
103,10,13,汐止區,81歲,81,81,不相關,0.0,男,216
103,10,13,汐止區,81歲,81,81,不相關,0.0,女,248
103,10,13,汐止區,82歲,82,82,不相關,0.0,男,190
103,10,13,汐止區,82歲,82,82,不相關,0.0,女,216
103,10,13,汐止區,83歲,83,83,不相關,0.0,男,186
103,10,13,汐止區,83歲,83,83,不相關,0.0,女,197
103,10,13,汐止區,84歲,84,84,不相關,0.0,男,177
103,10,13,汐止區,84歲,84,84,不相關,0.0,女,202
103,10,13,汐止區,85歲,85,85,不相關,0.0,男,158
103,10,13,汐止區,85歲,85,85,不相關,0.0,女,169
103,10,13,汐止區,86歲,86,86,不相關,0.0,男,140
103,10,13,汐止區,86歲,86,86,不相關,0.0,女,151
103,10,13,汐止區,87歲,87,87,不相關,0.0,男,118
103,10,13,汐止區,87歲,87,87,不相關,0.0,女,129
103,10,13,汐止區,88歲,88,88,不相關,0.0,男,90
103,10,13,汐止區,88歲,88,88,不相關,0.0,女,119
103,10,13,汐止區,89歲,89,89,不相關,0.0,男,89
103,10,13,汐止區,89歲,89,89,不相關,0.0,女,98
103,10,13,汐止區,90歲,90,90,不相關,0.0,男,61
103,10,13,汐止區,90歲,90,90,不相關,0.0,女,75
103,10,13,汐止區,91歲,91,91,不相關,0.0,男,61
103,10,13,汐止區,91歲,91,91,不相關,0.0,女,90
103,10,13,汐止區,92歲,92,92,不相關,0.0,男,43
103,10,13,汐止區,92歲,92,92,不相關,0.0,女,46
103,10,13,汐止區,93歲,93,93,不相關,0.0,男,35
103,10,13,汐止區,93歲,93,93,不相關,0.0,女,30
103,10,13,汐止區,94歲,94,94,不相關,0.0,男,22
103,10,13,汐止區,94歲,94,94,不相關,0.0,女,33
103,10,13,汐止區,95歲,95,95,不相關,0.0,男,17
103,10,13,汐止區,95歲,95,95,不相關,0.0,女,18
103,10,13,汐止區,96歲,96,96,不相關,0.0,男,14
103,10,13,汐止區,96歲,96,96,不相關,0.0,女,13
103,10,13,汐止區,97歲,97,97,不相關,0.0,男,10
103,10,13,汐止區,97歲,97,97,不相關,0.0,女,13
103,10,13,汐止區,98歲,98,98,不相關,0.0,男,10
103,10,13,汐止區,98歲,98,98,不相關,0.0,女,12
103,10,13,汐止區,99歲,99,99,不相關,0.0,男,7
103,10,13,汐止區,99歲,99,99,不相關,0.0,女,8
103,10,13,汐止區,100歲以上,100,100,不相關,0.0,男,7
103,10,13,汐止區,100歲以上,100,100,不相關,0.0,女,14
103,11,13,汐止區,0歲,0,0,不相關,0.0,男,776
103,11,13,汐止區,0歲,0,0,不相關,0.0,女,785
103,11,13,汐止區,1歲,1,1,不相關,0.0,男,798
103,11,13,汐止區,1歲,1,1,不相關,0.0,女,747
103,11,13,汐止區,2歲,2,2,不相關,0.0,男,834
103,11,13,汐止區,2歲,2,2,不相關,0.0,女,786
103,11,13,汐止區,3歲,3,3,不相關,0.0,男,634
103,11,13,汐止區,3歲,3,3,不相關,0.0,女,622
103,11,13,汐止區,4歲,4,4,不相關,0.0,男,566
103,11,13,汐止區,4歲,4,4,不相關,0.0,女,513
103,11,13,汐止區,5歲,5,5,不相關,0.0,男,695
103,11,13,汐止區,5歲,5,5,不相關,0.0,女,624
103,11,13,汐止區,6歲,6,6,不相關,0.0,男,721
103,11,13,汐止區,6歲,6,6,不相關,0.0,女,635
103,11,13,汐止區,7歲,7,7,不相關,0.0,男,789
103,11,13,汐止區,7歲,7,7,不相關,0.0,女,697
103,11,13,汐止區,8歲,8,8,不相關,0.0,男,711
103,11,13,汐止區,8歲,8,8,不相關,0.0,女,704
103,11,13,汐止區,9歲,9,9,不相關,0.0,男,773
103,11,13,汐止區,9歲,9,9,不相關,0.0,女,642
103,11,13,汐止區,10歲,10,10,不相關,0.0,男,753
103,11,13,汐止區,10歲,10,10,不相關,0.0,女,660
103,11,13,汐止區,11歲,11,11,不相關,0.0,男,782
103,11,13,汐止區,11歲,11,11,不相關,0.0,女,754
103,11,13,汐止區,12歲,12,12,不相關,0.0,男,835
103,11,13,汐止區,12歲,12,12,不相關,0.0,女,767
103,11,13,汐止區,13歲,13,13,不相關,0.0,男,962
103,11,13,汐止區,13歲,13,13,不相關,0.0,女,833
103,11,13,汐止區,14歲,14,14,不相關,0.0,男,1082
103,11,13,汐止區,14歲,14,14,不相關,0.0,女,969
103,11,13,汐止區,15歲,15,15,不相關,0.0,男,1056
103,11,13,汐止區,15歲,15,15,不相關,0.0,女,1012
103,11,13,汐止區,16歲,16,16,不相關,0.0,男,1048
103,11,13,汐止區,16歲,16,16,不相關,0.0,女,1038
103,11,13,汐止區,17歲,17,17,不相關,0.0,男,1334
103,11,13,汐止區,17歲,17,17,不相關,0.0,女,1268
103,11,13,汐止區,18歲,18,18,完全落入,1.0,男,1370
103,11,13,汐止區,18歲,18,18,完全落入,1.0,女,1230
103,11,13,汐止區,19歲,19,19,完全落入,1.0,男,1432
103,11,13,汐止區,19歲,19,19,完全落入,1.0,女,1262
103,11,13,汐止區,20歲,20,20,完全落入,1.0,男,1419
103,11,13,汐止區,20歲,20,20,完全落入,1.0,女,1333
103,11,13,汐止區,21歲,21,21,完全落入,1.0,男,1459
103,11,13,汐止區,21歲,21,21,完全落入,1.0,女,1307
103,11,13,汐止區,22歲,22,22,完全落入,1.0,男,1414
103,11,13,汐止區,22歲,22,22,完全落入,1.0,女,1292
103,11,13,汐止區,23歲,23,23,完全落入,1.0,男,1441
103,11,13,汐止區,23歲,23,23,完全落入,1.0,女,1255
103,11,13,汐止區,24歲,24,24,完全落入,1.0,男,1467
103,11,13,汐止區,24歲,24,24,完全落入,1.0,女,1306
103,11,13,汐止區,25歲,25,25,完全落入,1.0,男,1287
103,11,13,汐止區,25歲,25,25,完全落入,1.0,女,1244
103,11,13,汐止區,26歲,26,26,完全落入,1.0,男,1271
103,11,13,汐止區,26歲,26,26,完全落入,1.0,女,1274
103,11,13,汐止區,27歲,27,27,完全落入,1.0,男,1196
103,11,13,汐止區,27歲,27,27,完全落入,1.0,女,1160
103,11,13,汐止區,28歲,28,28,完全落入,1.0,男,1180
103,11,13,汐止區,28歲,28,28,完全落入,1.0,女,1176
103,11,13,汐止區,29歲,29,29,完全落入,1.0,男,1302
103,11,13,汐止區,29歲,29,29,完全落入,1.0,女,1317
103,11,13,汐止區,30歲,30,30,完全落入,1.0,男,1429
103,11,13,汐止區,30歲,30,30,完全落入,1.0,女,1404
103,11,13,汐止區,31歲,31,31,完全落入,1.0,男,1520
103,11,13,汐止區,31歲,31,31,完全落入,1.0,女,1469
103,11,13,汐止區,32歲,32,32,完全落入,1.0,男,1710
103,11,13,汐止區,32歲,32,32,完全落入,1.0,女,1642
103,11,13,汐止區,33歲,33,33,完全落入,1.0,男,1628
103,11,13,汐止區,33歲,33,33,完全落入,1.0,女,1670
103,11,13,汐止區,34歲,34,34,完全落入,1.0,男,1686
103,11,13,汐止區,34歲,34,34,完全落入,1.0,女,1718
103,11,13,汐止區,35歲,35,35,完全落入,1.0,男,1812
103,11,13,汐止區,35歲,35,35,完全落入,1.0,女,1761
103,11,13,汐止區,36歲,36,36,不相關,0.0,男,1632
103,11,13,汐止區,36歲,36,36,不相關,0.0,女,1660
103,11,13,汐止區,37歲,37,37,不相關,0.0,男,1593
103,11,13,汐止區,37歲,37,37,不相關,0.0,女,1670
103,11,13,汐止區,38歲,38,38,不相關,0.0,男,1827
103,11,13,汐止區,38歲,38,38,不相關,0.0,女,1812
103,11,13,汐止區,39歲,39,39,不相關,0.0,男,1581
103,11,13,汐止區,39歲,39,39,不相關,0.0,女,1647
103,11,13,汐止區,40歲,40,40,不相關,0.0,男,1596
103,11,13,汐止區,40歲,40,40,不相關,0.0,女,1567
103,11,13,汐止區,41歲,41,41,不相關,0.0,男,1590
103,11,13,汐止區,41歲,41,41,不相關,0.0,女,1602
103,11,13,汐止區,42歲,42,42,不相關,0.0,男,1563
103,11,13,汐止區,42歲,42,42,不相關,0.0,女,1676
103,11,13,汐止區,43歲,43,43,不相關,0.0,男,1631
103,11,13,汐止區,43歲,43,43,不相關,0.0,女,1766
103,11,13,汐止區,44歲,44,44,不相關,0.0,男,1788
103,11,13,汐止區,44歲,44,44,不相關,0.0,女,1877
103,11,13,汐止區,45歲,45,45,不相關,0.0,男,1765
103,11,13,汐止區,45歲,45,45,不相關,0.0,女,1933
103,11,13,汐止區,46歲,46,46,不相關,0.0,男,1768
103,11,13,汐止區,46歲,46,46,不相關,0.0,女,1983
103,11,13,汐止區,47歲,47,47,不相關,0.0,男,1834
103,11,13,汐止區,47歲,47,47,不相關,0.0,女,1970
103,11,13,汐止區,48歲,48,48,不相關,0.0,男,1834
103,11,13,汐止區,48歲,48,48,不相關,0.0,女,2092
103,11,13,汐止區,49歲,49,49,不相關,0.0,男,1935
103,11,13,汐止區,49歲,49,49,不相關,0.0,女,2047
103,11,13,汐止區,50歲,50,50,不相關,0.0,男,1894
103,11,13,汐止區,50歲,50,50,不相關,0.0,女,2059
103,11,13,汐止區,51歲,51,51,不相關,0.0,男,1877
103,11,13,汐止區,51歲,51,51,不相關,0.0,女,1991
103,11,13,汐止區,52歲,52,52,不相關,0.0,男,1786
103,11,13,汐止區,52歲,52,52,不相關,0.0,女,1956
103,11,13,汐止區,53歲,53,53,不相關,0.0,男,1750
103,11,13,汐止區,53歲,53,53,不相關,0.0,女,1838
103,11,13,汐止區,54歲,54,54,不相關,0.0,男,1715
103,11,13,汐止區,54歲,54,54,不相關,0.0,女,1815
103,11,13,汐止區,55歲,55,55,不相關,0.0,男,1635
103,11,13,汐止區,55歲,55,55,不相關,0.0,女,1729
103,11,13,汐止區,56歲,56,56,不相關,0.0,男,1531
103,11,13,汐止區,56歲,56,56,不相關,0.0,女,1700
103,11,13,汐止區,57歲,57,57,不相關,0.0,男,1452
103,11,13,汐止區,57歲,57,57,不相關,0.0,女,1610
103,11,13,汐止區,58歲,58,58,不相關,0.0,男,1402
103,11,13,汐止區,58歲,58,58,不相關,0.0,女,1662
103,11,13,汐止區,59歲,59,59,不相關,0.0,男,1324
103,11,13,汐止區,59歲,59,59,不相關,0.0,女,1599
103,11,13,汐止區,60歲,60,60,不相關,0.0,男,1237
103,11,13,汐止區,60歲,60,60,不相關,0.0,女,1434
103,11,13,汐止區,61歲,61,61,不相關,0.0,男,1188
103,11,13,汐止區,61歲,61,61,不相關,0.0,女,1368
103,11,13,汐止區,62歲,62,62,不相關,0.0,男,1149
103,11,13,汐止區,62歲,62,62,不相關,0.0,女,1395
103,11,13,汐止區,63歲,63,63,不相關,0.0,男,1088
103,11,13,汐止區,63歲,63,63,不相關,0.0,女,1295
103,11,13,汐止區,64歲,64,64,不相關,0.0,男,898
103,11,13,汐止區,64歲,64,64,不相關,0.0,女,1122
103,11,13,汐止區,65歲,65,65,不相關,0.0,男,882
103,11,13,汐止區,65歲,65,65,不相關,0.0,女,1021
103,11,13,汐止區,66歲,66,66,不相關,0.0,男,712
103,11,13,汐止區,66歲,66,66,不相關,0.0,女,827
103,11,13,汐止區,67歲,67,67,不相關,0.0,男,635
103,11,13,汐止區,67歲,67,67,不相關,0.0,女,715
103,11,13,汐止區,68歲,68,68,不相關,0.0,男,433
103,11,13,汐止區,68歲,68,68,不相關,0.0,女,535
103,11,13,汐止區,69歲,69,69,不相關,0.0,男,402
103,11,13,汐止區,69歲,69,69,不相關,0.0,女,456
103,11,13,汐止區,70歲,70,70,不相關,0.0,男,504
103,11,13,汐止區,70歲,70,70,不相關,0.0,女,568
103,11,13,汐止區,71歲,71,71,不相關,0.0,男,488
103,11,13,汐止區,71歲,71,71,不相關,0.0,女,593
103,11,13,汐止區,72歲,72,72,不相關,0.0,男,443
103,11,13,汐止區,72歲,72,72,不相關,0.0,女,577
103,11,13,汐止區,73歲,73,73,不相關,0.0,男,452
103,11,13,汐止區,73歲,73,73,不相關,0.0,女,558
103,11,13,汐止區,74歲,74,74,不相關,0.0,男,401
103,11,13,汐止區,74歲,74,74,不相關,0.0,女,481
103,11,13,汐止區,75歲,75,75,不相關,0.0,男,358
103,11,13,汐止區,75歲,75,75,不相關,0.0,女,466
103,11,13,汐止區,76歲,76,76,不相關,0.0,男,306
103,11,13,汐止區,76歲,76,76,不相關,0.0,女,424
103,11,13,汐止區,77歲,77,77,不相關,0.0,男,292
103,11,13,汐止區,77歲,77,77,不相關,0.0,女,417
103,11,13,汐止區,78歲,78,78,不相關,0.0,男,242
103,11,13,汐止區,78歲,78,78,不相關,0.0,女,369
103,11,13,汐止區,79歲,79,79,不相關,0.0,男,228
103,11,13,汐止區,79歲,79,79,不相關,0.0,女,325
103,11,13,汐止區,80歲,80,80,不相關,0.0,男,213
103,11,13,汐止區,80歲,80,80,不相關,0.0,女,257
103,11,13,汐止區,81歲,81,81,不相關,0.0,男,217
103,11,13,汐止區,81歲,81,81,不相關,0.0,女,241
103,11,13,汐止區,82歲,82,82,不相關,0.0,男,189
103,11,13,汐止區,82歲,82,82,不相關,0.0,女,218
103,11,13,汐止區,83歲,83,83,不相關,0.0,男,187
103,11,13,汐止區,83歲,83,83,不相關,0.0,女,198
103,11,13,汐止區,84歲,84,84,不相關,0.0,男,173
103,11,13,汐止區,84歲,84,84,不相關,0.0,女,205
103,11,13,汐止區,85歲,85,85,不相關,0.0,男,162
103,11,13,汐止區,85歲,85,85,不相關,0.0,女,178
103,11,13,汐止區,86歲,86,86,不相關,0.0,男,135
103,11,13,汐止區,86歲,86,86,不相關,0.0,女,146
103,11,13,汐止區,87歲,87,87,不相關,0.0,男,123
103,11,13,汐止區,87歲,87,87,不相關,0.0,女,132
103,11,13,汐止區,88歲,88,88,不相關,0.0,男,86
103,11,13,汐止區,88歲,88,88,不相關,0.0,女,120
103,11,13,汐止區,89歲,89,89,不相關,0.0,男,96
103,11,13,汐止區,89歲,89,89,不相關,0.0,女,98
103,11,13,汐止區,90歲,90,90,不相關,0.0,男,58
103,11,13,汐止區,90歲,90,90,不相關,0.0,女,76
103,11,13,汐止區,91歲,91,91,不相關,0.0,男,61
103,11,13,汐止區,91歲,91,91,不相關,0.0,女,88
103,11,13,汐止區,92歲,92,92,不相關,0.0,男,45
103,11,13,汐止區,92歲,92,92,不相關,0.0,女,51
103,11,13,汐止區,93歲,93,93,不相關,0.0,男,34
103,11,13,汐止區,93歲,93,93,不相關,0.0,女,32
103,11,13,汐止區,94歲,94,94,不相關,0.0,男,24
103,11,13,汐止區,94歲,94,94,不相關,0.0,女,33
103,11,13,汐止區,95歲,95,95,不相關,0.0,男,18
103,11,13,汐止區,95歲,95,95,不相關,0.0,女,20
103,11,13,汐止區,96歲,96,96,不相關,0.0,男,13
103,11,13,汐止區,96歲,96,96,不相關,0.0,女,11
103,11,13,汐止區,97歲,97,97,不相關,0.0,男,11
103,11,13,汐止區,97歲,97,97,不相關,0.0,女,13
103,11,13,汐止區,98歲,98,98,不相關,0.0,男,9
103,11,13,汐止區,98歲,98,98,不相關,0.0,女,14
103,11,13,汐止區,99歲,99,99,不相關,0.0,男,8
103,11,13,汐止區,99歲,99,99,不相關,0.0,女,7
103,11,13,汐止區,100歲以上,100,100,不相關,0.0,男,7
103,11,13,汐止區,100歲以上,100,100,不相關,0.0,女,15
103,12,13,汐止區,0歲,0,0,不相關,0.0,男,825
103,12,13,汐止區,0歲,0,0,不相關,0.0,女,804
103,12,13,汐止區,1歲,1,1,不相關,0.0,男,779
103,12,13,汐止區,1歲,1,1,不相關,0.0,女,739
103,12,13,汐止區,2歲,2,2,不相關,0.0,男,845
103,12,13,汐止區,2歲,2,2,不相關,0.0,女,798
103,12,13,汐止區,3歲,3,3,不相關,0.0,男,644
103,12,13,汐止區,3歲,3,3,不相關,0.0,女,631
103,12,13,汐止區,4歲,4,4,不相關,0.0,男,559
103,12,13,汐止區,4歲,4,4,不相關,0.0,女,510
103,12,13,汐止區,5歲,5,5,不相關,0.0,男,680
103,12,13,汐止區,5歲,5,5,不相關,0.0,女,606
103,12,13,汐止區,6歲,6,6,不相關,0.0,男,728
103,12,13,汐止區,6歲,6,6,不相關,0.0,女,639
103,12,13,汐止區,7歲,7,7,不相關,0.0,男,777
103,12,13,汐止區,7歲,7,7,不相關,0.0,女,701
103,12,13,汐止區,8歲,8,8,不相關,0.0,男,703
103,12,13,汐止區,8歲,8,8,不相關,0.0,女,696
103,12,13,汐止區,9歲,9,9,不相關,0.0,男,781
103,12,13,汐止區,9歲,9,9,不相關,0.0,女,643
103,12,13,汐止區,10歲,10,10,不相關,0.0,男,761
103,12,13,汐止區,10歲,10,10,不相關,0.0,女,646
103,12,13,汐止區,11歲,11,11,不相關,0.0,男,761
103,12,13,汐止區,11歲,11,11,不相關,0.0,女,746
103,12,13,汐止區,12歲,12,12,不相關,0.0,男,835
103,12,13,汐止區,12歲,12,12,不相關,0.0,女,776
103,12,13,汐止區,13歲,13,13,不相關,0.0,男,916
103,12,13,汐止區,13歲,13,13,不相關,0.0,女,819
103,12,13,汐止區,14歲,14,14,不相關,0.0,男,1095
103,12,13,汐止區,14歲,14,14,不相關,0.0,女,982
103,12,13,汐止區,15歲,15,15,不相關,0.0,男,1080
103,12,13,汐止區,15歲,15,15,不相關,0.0,女,1030
103,12,13,汐止區,16歲,16,16,不相關,0.0,男,1022
103,12,13,汐止區,16歲,16,16,不相關,0.0,女,1014
103,12,13,汐止區,17歲,17,17,不相關,0.0,男,1348
103,12,13,汐止區,17歲,17,17,不相關,0.0,女,1266
103,12,13,汐止區,18歲,18,18,完全落入,1.0,男,1370
103,12,13,汐止區,18歲,18,18,完全落入,1.0,女,1236
103,12,13,汐止區,19歲,19,19,完全落入,1.0,男,1457
103,12,13,汐止區,19歲,19,19,完全落入,1.0,女,1258
103,12,13,汐止區,20歲,20,20,完全落入,1.0,男,1416
103,12,13,汐止區,20歲,20,20,完全落入,1.0,女,1343
103,12,13,汐止區,21歲,21,21,完全落入,1.0,男,1442
103,12,13,汐止區,21歲,21,21,完全落入,1.0,女,1300
103,12,13,汐止區,22歲,22,22,完全落入,1.0,男,1431
103,12,13,汐止區,22歲,22,22,完全落入,1.0,女,1289
103,12,13,汐止區,23歲,23,23,完全落入,1.0,男,1421
103,12,13,汐止區,23歲,23,23,完全落入,1.0,女,1268
103,12,13,汐止區,24歲,24,24,完全落入,1.0,男,1489
103,12,13,汐止區,24歲,24,24,完全落入,1.0,女,1304
103,12,13,汐止區,25歲,25,25,完全落入,1.0,男,1281
103,12,13,汐止區,25歲,25,25,完全落入,1.0,女,1223
103,12,13,汐止區,26歲,26,26,完全落入,1.0,男,1319
103,12,13,汐止區,26歲,26,26,完全落入,1.0,女,1322
103,12,13,汐止區,27歲,27,27,完全落入,1.0,男,1203
103,12,13,汐止區,27歲,27,27,完全落入,1.0,女,1156
103,12,13,汐止區,28歲,28,28,完全落入,1.0,男,1139
103,12,13,汐止區,28歲,28,28,完全落入,1.0,女,1177
103,12,13,汐止區,29歲,29,29,完全落入,1.0,男,1305
103,12,13,汐止區,29歲,29,29,完全落入,1.0,女,1301
103,12,13,汐止區,30歲,30,30,完全落入,1.0,男,1412
103,12,13,汐止區,30歲,30,30,完全落入,1.0,女,1401
103,12,13,汐止區,31歲,31,31,完全落入,1.0,男,1522
103,12,13,汐止區,31歲,31,31,完全落入,1.0,女,1489
103,12,13,汐止區,32歲,32,32,完全落入,1.0,男,1695
103,12,13,汐止區,32歲,32,32,完全落入,1.0,女,1623
103,12,13,汐止區,33歲,33,33,完全落入,1.0,男,1624
103,12,13,汐止區,33歲,33,33,完全落入,1.0,女,1653
103,12,13,汐止區,34歲,34,34,完全落入,1.0,男,1682
103,12,13,汐止區,34歲,34,34,完全落入,1.0,女,1702
103,12,13,汐止區,35歲,35,35,完全落入,1.0,男,1796
103,12,13,汐止區,35歲,35,35,完全落入,1.0,女,1792
103,12,13,汐止區,36歲,36,36,不相關,0.0,男,1645
103,12,13,汐止區,36歲,36,36,不相關,0.0,女,1664
103,12,13,汐止區,37歲,37,37,不相關,0.0,男,1560
103,12,13,汐止區,37歲,37,37,不相關,0.0,女,1657
103,12,13,汐止區,38歲,38,38,不相關,0.0,男,1853
103,12,13,汐止區,38歲,38,38,不相關,0.0,女,1837
103,12,13,汐止區,39歲,39,39,不相關,0.0,男,1582
103,12,13,汐止區,39歲,39,39,不相關,0.0,女,1606
103,12,13,汐止區,40歲,40,40,不相關,0.0,男,1594
103,12,13,汐止區,40歲,40,40,不相關,0.0,女,1572
103,12,13,汐止區,41歲,41,41,不相關,0.0,男,1574
103,12,13,汐止區,41歲,41,41,不相關,0.0,女,1584
103,12,13,汐止區,42歲,42,42,不相關,0.0,男,1551
103,12,13,汐止區,42歲,42,42,不相關,0.0,女,1703
103,12,13,汐止區,43歲,43,43,不相關,0.0,男,1621
103,12,13,汐止區,43歲,43,43,不相關,0.0,女,1751
103,12,13,汐止區,44歲,44,44,不相關,0.0,男,1771
103,12,13,汐止區,44歲,44,44,不相關,0.0,女,1868
103,12,13,汐止區,45歲,45,45,不相關,0.0,男,1788
103,12,13,汐止區,45歲,45,45,不相關,0.0,女,1915
103,12,13,汐止區,46歲,46,46,不相關,0.0,男,1738
103,12,13,汐止區,46歲,46,46,不相關,0.0,女,1991
103,12,13,汐止區,47歲,47,47,不相關,0.0,男,1798
103,12,13,汐止區,47歲,47,47,不相關,0.0,女,1999
103,12,13,汐止區,48歲,48,48,不相關,0.0,男,1865
103,12,13,汐止區,48歲,48,48,不相關,0.0,女,2085
103,12,13,汐止區,49歲,49,49,不相關,0.0,男,1932
103,12,13,汐止區,49歲,49,49,不相關,0.0,女,2061
103,12,13,汐止區,50歲,50,50,不相關,0.0,男,1884
103,12,13,汐止區,50歲,50,50,不相關,0.0,女,2087
103,12,13,汐止區,51歲,51,51,不相關,0.0,男,1881
103,12,13,汐止區,51歲,51,51,不相關,0.0,女,1976
103,12,13,汐止區,52歲,52,52,不相關,0.0,男,1812
103,12,13,汐止區,52歲,52,52,不相關,0.0,女,1942
103,12,13,汐止區,53歲,53,53,不相關,0.0,男,1753
103,12,13,汐止區,53歲,53,53,不相關,0.0,女,1869
103,12,13,汐止區,54歲,54,54,不相關,0.0,男,1739
103,12,13,汐止區,54歲,54,54,不相關,0.0,女,1839
103,12,13,汐止區,55歲,55,55,不相關,0.0,男,1602
103,12,13,汐止區,55歲,55,55,不相關,0.0,女,1723
103,12,13,汐止區,56歲,56,56,不相關,0.0,男,1554
103,12,13,汐止區,56歲,56,56,不相關,0.0,女,1719
103,12,13,汐止區,57歲,57,57,不相關,0.0,男,1453
103,12,13,汐止區,57歲,57,57,不相關,0.0,女,1612
103,12,13,汐止區,58歲,58,58,不相關,0.0,男,1427
103,12,13,汐止區,58歲,58,58,不相關,0.0,女,1675
103,12,13,汐止區,59歲,59,59,不相關,0.0,男,1310
103,12,13,汐止區,59歲,59,59,不相關,0.0,女,1580
103,12,13,汐止區,60歲,60,60,不相關,0.0,男,1243
103,12,13,汐止區,60歲,60,60,不相關,0.0,女,1464
103,12,13,汐止區,61歲,61,61,不相關,0.0,男,1202
103,12,13,汐止區,61歲,61,61,不相關,0.0,女,1367
103,12,13,汐止區,62歲,62,62,不相關,0.0,男,1140
103,12,13,汐止區,62歲,62,62,不相關,0.0,女,1394
103,12,13,汐止區,63歲,63,63,不相關,0.0,男,1102
103,12,13,汐止區,63歲,63,63,不相關,0.0,女,1314
103,12,13,汐止區,64歲,64,64,不相關,0.0,男,924
103,12,13,汐止區,64歲,64,64,不相關,0.0,女,1117
103,12,13,汐止區,65歲,65,65,不相關,0.0,男,872
103,12,13,汐止區,65歲,65,65,不相關,0.0,女,1035
103,12,13,汐止區,66歲,66,66,不相關,0.0,男,720
103,12,13,汐止區,66歲,66,66,不相關,0.0,女,854
103,12,13,汐止區,67歲,67,67,不相關,0.0,男,649
103,12,13,汐止區,67歲,67,67,不相關,0.0,女,731
103,12,13,汐止區,68歲,68,68,不相關,0.0,男,450
103,12,13,汐止區,68歲,68,68,不相關,0.0,女,544
103,12,13,汐止區,69歲,69,69,不相關,0.0,男,403
103,12,13,汐止區,69歲,69,69,不相關,0.0,女,454
103,12,13,汐止區,70歲,70,70,不相關,0.0,男,486
103,12,13,汐止區,70歲,70,70,不相關,0.0,女,559
103,12,13,汐止區,71歲,71,71,不相關,0.0,男,496
103,12,13,汐止區,71歲,71,71,不相關,0.0,女,596
103,12,13,汐止區,72歲,72,72,不相關,0.0,男,441
103,12,13,汐止區,72歲,72,72,不相關,0.0,女,592
103,12,13,汐止區,73歲,73,73,不相關,0.0,男,433
103,12,13,汐止區,73歲,73,73,不相關,0.0,女,544
103,12,13,汐止區,74歲,74,74,不相關,0.0,男,425
103,12,13,汐止區,74歲,74,74,不相關,0.0,女,489
103,12,13,汐止區,75歲,75,75,不相關,0.0,男,361
103,12,13,汐止區,75歲,75,75,不相關,0.0,女,483
103,12,13,汐止區,76歲,76,76,不相關,0.0,男,308
103,12,13,汐止區,76歲,76,76,不相關,0.0,女,410
103,12,13,汐止區,77歲,77,77,不相關,0.0,男,290
103,12,13,汐止區,77歲,77,77,不相關,0.0,女,413
103,12,13,汐止區,78歲,78,78,不相關,0.0,男,249
103,12,13,汐止區,78歲,78,78,不相關,0.0,女,377
103,12,13,汐止區,79歲,79,79,不相關,0.0,男,223
103,12,13,汐止區,79歲,79,79,不相關,0.0,女,324
103,12,13,汐止區,80歲,80,80,不相關,0.0,男,227
103,12,13,汐止區,80歲,80,80,不相關,0.0,女,261
103,12,13,汐止區,81歲,81,81,不相關,0.0,男,200
103,12,13,汐止區,81歲,81,81,不相關,0.0,女,235
103,12,13,汐止區,82歲,82,82,不相關,0.0,男,190
103,12,13,汐止區,82歲,82,82,不相關,0.0,女,224
103,12,13,汐止區,83歲,83,83,不相關,0.0,男,193
103,12,13,汐止區,83歲,83,83,不相關,0.0,女,195
103,12,13,汐止區,84歲,84,84,不相關,0.0,男,166
103,12,13,汐止區,84歲,84,84,不相關,0.0,女,207
103,12,13,汐止區,85歲,85,85,不相關,0.0,男,168
103,12,13,汐止區,85歲,85,85,不相關,0.0,女,179
103,12,13,汐止區,86歲,86,86,不相關,0.0,男,134
103,12,13,汐止區,86歲,86,86,不相關,0.0,女,147
103,12,13,汐止區,87歲,87,87,不相關,0.0,男,124
103,12,13,汐止區,87歲,87,87,不相關,0.0,女,127
103,12,13,汐止區,88歲,88,88,不相關,0.0,男,88
103,12,13,汐止區,88歲,88,88,不相關,0.0,女,120
103,12,13,汐止區,89歲,89,89,不相關,0.0,男,93
103,12,13,汐止區,89歲,89,89,不相關,0.0,女,101
103,12,13,汐止區,90歲,90,90,不相關,0.0,男,59
103,12,13,汐止區,90歲,90,90,不相關,0.0,女,80
103,12,13,汐止區,91歲,91,91,不相關,0.0,男,66
103,12,13,汐止區,91歲,91,91,不相關,0.0,女,80
103,12,13,汐止區,92歲,92,92,不相關,0.0,男,42
103,12,13,汐止區,92歲,92,92,不相關,0.0,女,56
103,12,13,汐止區,93歲,93,93,不相關,0.0,男,35
103,12,13,汐止區,93歲,93,93,不相關,0.0,女,35
103,12,13,汐止區,94歲,94,94,不相關,0.0,男,22
103,12,13,汐止區,94歲,94,94,不相關,0.0,女,31
103,12,13,汐止區,95歲,95,95,不相關,0.0,男,17
103,12,13,汐止區,95歲,95,95,不相關,0.0,女,19
103,12,13,汐止區,96歲,96,96,不相關,0.0,男,16
103,12,13,汐止區,96歲,96,96,不相關,0.0,女,13
103,12,13,汐止區,97歲,97,97,不相關,0.0,男,11
103,12,13,汐止區,97歲,97,97,不相關,0.0,女,12
103,12,13,汐止區,98歲,98,98,不相關,0.0,男,9
103,12,13,汐止區,98歲,98,98,不相關,0.0,女,14
103,12,13,汐止區,99歲,99,99,不相關,0.0,男,7
103,12,13,汐止區,99歲,99,99,不相關,0.0,女,7
103,12,13,汐止區,100歲以上,100,100,不相關,0.0,男,7
103,12,13,汐止區,100歲以上,100,100,不相關,0.0,女,17
