民國年,月,區代碼,行政區,年齡標籤,年齡下限,年齡上限,青年關係,青年權重,性別,初設原因,人數
112,,28,貢寮區,0歲,0,0,不相關,0.0,女,中華民國國民入境核准定居,0
112,,28,貢寮區,0歲,0,0,不相關,0.0,女,其他國籍人民核准定居,0
112,,28,貢寮區,0歲,0,0,不相關,0.0,女,大陸地區人民核准定居,0
112,,28,貢寮區,0歲,0,0,不相關,0.0,女,東南亞籍人民核准定居,0
112,,28,貢寮區,0歲,0,0,不相關,0.0,女,港澳居民核准定居,0
112,,28,貢寮區,0歲,0,0,不相關,0.0,女,臺灣地區逾12歲未辦出生登記,0
112,,28,貢寮區,0歲,0,0,不相關,0.0,男,中華民國國民入境核准定居,0
112,,28,貢寮區,0歲,0,0,不相關,0.0,男,其他國籍人民核准定居,0
112,,28,貢寮區,0歲,0,0,不相關,0.0,男,大陸地區人民核准定居,0
112,,28,貢寮區,0歲,0,0,不相關,0.0,男,東南亞籍人民核准定居,0
112,,28,貢寮區,0歲,0,0,不相關,0.0,男,港澳居民核准定居,0
112,,28,貢寮區,0歲,0,0,不相關,0.0,男,臺灣地區逾12歲未辦出生登記,0
112,,28,貢寮區,1歲,1,1,不相關,0.0,女,中華民國國民入境核准定居,0
112,,28,貢寮區,1歲,1,1,不相關,0.0,女,其他國籍人民核准定居,0
112,,28,貢寮區,1歲,1,1,不相關,0.0,女,大陸地區人民核准定居,0
112,,28,貢寮區,1歲,1,1,不相關,0.0,女,東南亞籍人民核准定居,0
112,,28,貢寮區,1歲,1,1,不相關,0.0,女,港澳居民核准定居,0
112,,28,貢寮區,1歲,1,1,不相關,0.0,女,臺灣地區逾12歲未辦出生登記,0
112,,28,貢寮區,1歲,1,1,不相關,0.0,男,中華民國國民入境核准定居,0
112,,28,貢寮區,1歲,1,1,不相關,0.0,男,其他國籍人民核准定居,0
112,,28,貢寮區,1歲,1,1,不相關,0.0,男,大陸地區人民核准定居,0
112,,28,貢寮區,1歲,1,1,不相關,0.0,男,東南亞籍人民核准定居,0
112,,28,貢寮區,1歲,1,1,不相關,0.0,男,港澳居民核准定居,0
112,,28,貢寮區,1歲,1,1,不相關,0.0,男,臺灣地區逾12歲未辦出生登記,0
112,,28,貢寮區,2歲,2,2,不相關,0.0,女,中華民國國民入境核准定居,0
112,,28,貢寮區,2歲,2,2,不相關,0.0,女,其他國籍人民核准定居,0
112,,28,貢寮區,2歲,2,2,不相關,0.0,女,大陸地區人民核准定居,0
112,,28,貢寮區,2歲,2,2,不相關,0.0,女,東南亞籍人民核准定居,0
112,,28,貢寮區,2歲,2,2,不相關,0.0,女,港澳居民核准定居,0
112,,28,貢寮區,2歲,2,2,不相關,0.0,女,臺灣地區逾12歲未辦出生登記,0
112,,28,貢寮區,2歲,2,2,不相關,0.0,男,中華民國國民入境核准定居,0
112,,28,貢寮區,2歲,2,2,不相關,0.0,男,其他國籍人民核准定居,0
112,,28,貢寮區,2歲,2,2,不相關,0.0,男,大陸地區人民核准定居,1
112,,28,貢寮區,2歲,2,2,不相關,0.0,男,東南亞籍人民核准定居,0
112,,28,貢寮區,2歲,2,2,不相關,0.0,男,港澳居民核准定居,0
112,,28,貢寮區,2歲,2,2,不相關,0.0,男,臺灣地區逾12歲未辦出生登記,0
112,,28,貢寮區,3歲,3,3,不相關,0.0,女,中華民國國民入境核准定居,1
112,,28,貢寮區,3歲,3,3,不相關,0.0,女,其他國籍人民核准定居,0
112,,28,貢寮區,3歲,3,3,不相關,0.0,女,大陸地區人民核准定居,0
112,,28,貢寮區,3歲,3,3,不相關,0.0,女,東南亞籍人民核准定居,0
112,,28,貢寮區,3歲,3,3,不相關,0.0,女,港澳居民核准定居,0
112,,28,貢寮區,3歲,3,3,不相關,0.0,女,臺灣地區逾12歲未辦出生登記,0
112,,28,貢寮區,3歲,3,3,不相關,0.0,男,中華民國國民入境核准定居,0
112,,28,貢寮區,3歲,3,3,不相關,0.0,男,其他國籍人民核准定居,0
112,,28,貢寮區,3歲,3,3,不相關,0.0,男,大陸地區人民核准定居,0
112,,28,貢寮區,3歲,3,3,不相關,0.0,男,東南亞籍人民核准定居,0
112,,28,貢寮區,3歲,3,3,不相關,0.0,男,港澳居民核准定居,0
112,,28,貢寮區,3歲,3,3,不相關,0.0,男,臺灣地區逾12歲未辦出生登記,0
112,,28,貢寮區,4歲,4,4,不相關,0.0,女,中華民國國民入境核准定居,1
112,,28,貢寮區,4歲,4,4,不相關,0.0,女,其他國籍人民核准定居,0
112,,28,貢寮區,4歲,4,4,不相關,0.0,女,大陸地區人民核准定居,0
112,,28,貢寮區,4歲,4,4,不相關,0.0,女,東南亞籍人民核准定居,0
112,,28,貢寮區,4歲,4,4,不相關,0.0,女,港澳居民核准定居,0
112,,28,貢寮區,4歲,4,4,不相關,0.0,女,臺灣地區逾12歲未辦出生登記,0
112,,28,貢寮區,4歲,4,4,不相關,0.0,男,中華民國國民入境核准定居,0
112,,28,貢寮區,4歲,4,4,不相關,0.0,男,其他國籍人民核准定居,0
112,,28,貢寮區,4歲,4,4,不相關,0.0,男,大陸地區人民核准定居,0
112,,28,貢寮區,4歲,4,4,不相關,0.0,男,東南亞籍人民核准定居,0
112,,28,貢寮區,4歲,4,4,不相關,0.0,男,港澳居民核准定居,0
112,,28,貢寮區,4歲,4,4,不相關,0.0,男,臺灣地區逾12歲未辦出生登記,0
112,,28,貢寮區,5歲,5,5,不相關,0.0,女,中華民國國民入境核准定居,0
112,,28,貢寮區,5歲,5,5,不相關,0.0,女,其他國籍人民核准定居,0
112,,28,貢寮區,5歲,5,5,不相關,0.0,女,大陸地區人民核准定居,0
112,,28,貢寮區,5歲,5,5,不相關,0.0,女,東南亞籍人民核准定居,0
112,,28,貢寮區,5歲,5,5,不相關,0.0,女,港澳居民核准定居,0
112,,28,貢寮區,5歲,5,5,不相關,0.0,女,臺灣地區逾12歲未辦出生登記,0
112,,28,貢寮區,5歲,5,5,不相關,0.0,男,中華民國國民入境核准定居,0
112,,28,貢寮區,5歲,5,5,不相關,0.0,男,其他國籍人民核准定居,0
112,,28,貢寮區,5歲,5,5,不相關,0.0,男,大陸地區人民核准定居,0
112,,28,貢寮區,5歲,5,5,不相關,0.0,男,東南亞籍人民核准定居,0
112,,28,貢寮區,5歲,5,5,不相關,0.0,男,港澳居民核准定居,0
112,,28,貢寮區,5歲,5,5,不相關,0.0,男,臺灣地區逾12歲未辦出生登記,0
112,,28,貢寮區,6歲,6,6,不相關,0.0,女,中華民國國民入境核准定居,1
112,,28,貢寮區,6歲,6,6,不相關,0.0,女,其他國籍人民核准定居,0
112,,28,貢寮區,6歲,6,6,不相關,0.0,女,大陸地區人民核准定居,0
112,,28,貢寮區,6歲,6,6,不相關,0.0,女,東南亞籍人民核准定居,0
112,,28,貢寮區,6歲,6,6,不相關,0.0,女,港澳居民核准定居,0
112,,28,貢寮區,6歲,6,6,不相關,0.0,女,臺灣地區逾12歲未辦出生登記,0
112,,28,貢寮區,6歲,6,6,不相關,0.0,男,中華民國國民入境核准定居,0
112,,28,貢寮區,6歲,6,6,不相關,0.0,男,其他國籍人民核准定居,0
112,,28,貢寮區,6歲,6,6,不相關,0.0,男,大陸地區人民核准定居,0
112,,28,貢寮區,6歲,6,6,不相關,0.0,男,東南亞籍人民核准定居,0
112,,28,貢寮區,6歲,6,6,不相關,0.0,男,港澳居民核准定居,0
112,,28,貢寮區,6歲,6,6,不相關,0.0,男,臺灣地區逾12歲未辦出生登記,0
112,,28,貢寮區,7歲,7,7,不相關,0.0,女,中華民國國民入境核准定居,0
112,,28,貢寮區,7歲,7,7,不相關,0.0,女,其他國籍人民核准定居,0
112,,28,貢寮區,7歲,7,7,不相關,0.0,女,大陸地區人民核准定居,0
112,,28,貢寮區,7歲,7,7,不相關,0.0,女,東南亞籍人民核准定居,0
112,,28,貢寮區,7歲,7,7,不相關,0.0,女,港澳居民核准定居,0
112,,28,貢寮區,7歲,7,7,不相關,0.0,女,臺灣地區逾12歲未辦出生登記,0
112,,28,貢寮區,7歲,7,7,不相關,0.0,男,中華民國國民入境核准定居,0
112,,28,貢寮區,7歲,7,7,不相關,0.0,男,其他國籍人民核准定居,0
112,,28,貢寮區,7歲,7,7,不相關,0.0,男,大陸地區人民核准定居,0
112,,28,貢寮區,7歲,7,7,不相關,0.0,男,東南亞籍人民核准定居,0
112,,28,貢寮區,7歲,7,7,不相關,0.0,男,港澳居民核准定居,0
112,,28,貢寮區,7歲,7,7,不相關,0.0,男,臺灣地區逾12歲未辦出生登記,0
112,,28,貢寮區,8歲,8,8,不相關,0.0,女,中華民國國民入境核准定居,0
112,,28,貢寮區,8歲,8,8,不相關,0.0,女,其他國籍人民核准定居,0
112,,28,貢寮區,8歲,8,8,不相關,0.0,女,大陸地區人民核准定居,0
112,,28,貢寮區,8歲,8,8,不相關,0.0,女,東南亞籍人民核准定居,0
112,,28,貢寮區,8歲,8,8,不相關,0.0,女,港澳居民核准定居,0
112,,28,貢寮區,8歲,8,8,不相關,0.0,女,臺灣地區逾12歲未辦出生登記,0
112,,28,貢寮區,8歲,8,8,不相關,0.0,男,中華民國國民入境核准定居,0
112,,28,貢寮區,8歲,8,8,不相關,0.0,男,其他國籍人民核准定居,0
112,,28,貢寮區,8歲,8,8,不相關,0.0,男,大陸地區人民核准定居,0
112,,28,貢寮區,8歲,8,8,不相關,0.0,男,東南亞籍人民核准定居,0
112,,28,貢寮區,8歲,8,8,不相關,0.0,男,港澳居民核准定居,0
112,,28,貢寮區,8歲,8,8,不相關,0.0,男,臺灣地區逾12歲未辦出生登記,0
112,,28,貢寮區,9歲,9,9,不相關,0.0,女,中華民國國民入境核准定居,0
112,,28,貢寮區,9歲,9,9,不相關,0.0,女,其他國籍人民核准定居,0
112,,28,貢寮區,9歲,9,9,不相關,0.0,女,大陸地區人民核准定居,0
112,,28,貢寮區,9歲,9,9,不相關,0.0,女,東南亞籍人民核准定居,0
112,,28,貢寮區,9歲,9,9,不相關,0.0,女,港澳居民核准定居,0
112,,28,貢寮區,9歲,9,9,不相關,0.0,女,臺灣地區逾12歲未辦出生登記,0
112,,28,貢寮區,9歲,9,9,不相關,0.0,男,中華民國國民入境核准定居,1
112,,28,貢寮區,9歲,9,9,不相關,0.0,男,其他國籍人民核准定居,0
112,,28,貢寮區,9歲,9,9,不相關,0.0,男,大陸地區人民核准定居,0
112,,28,貢寮區,9歲,9,9,不相關,0.0,男,東南亞籍人民核准定居,0
112,,28,貢寮區,9歲,9,9,不相關,0.0,男,港澳居民核准定居,0
112,,28,貢寮區,9歲,9,9,不相關,0.0,男,臺灣地區逾12歲未辦出生登記,0
112,,28,貢寮區,10歲,10,10,不相關,0.0,女,中華民國國民入境核准定居,0
112,,28,貢寮區,10歲,10,10,不相關,0.0,女,其他國籍人民核准定居,0
112,,28,貢寮區,10歲,10,10,不相關,0.0,女,大陸地區人民核准定居,0
112,,28,貢寮區,10歲,10,10,不相關,0.0,女,東南亞籍人民核准定居,0
112,,28,貢寮區,10歲,10,10,不相關,0.0,女,港澳居民核准定居,0
112,,28,貢寮區,10歲,10,10,不相關,0.0,女,臺灣地區逾12歲未辦出生登記,0
112,,28,貢寮區,10歲,10,10,不相關,0.0,男,中華民國國民入境核准定居,0
112,,28,貢寮區,10歲,10,10,不相關,0.0,男,其他國籍人民核准定居,0
112,,28,貢寮區,10歲,10,10,不相關,0.0,男,大陸地區人民核准定居,0
112,,28,貢寮區,10歲,10,10,不相關,0.0,男,東南亞籍人民核准定居,0
112,,28,貢寮區,10歲,10,10,不相關,0.0,男,港澳居民核准定居,0
112,,28,貢寮區,10歲,10,10,不相關,0.0,男,臺灣地區逾12歲未辦出生登記,0
112,,28,貢寮區,11歲,11,11,不相關,0.0,女,中華民國國民入境核准定居,0
112,,28,貢寮區,11歲,11,11,不相關,0.0,女,其他國籍人民核准定居,0
112,,28,貢寮區,11歲,11,11,不相關,0.0,女,大陸地區人民核准定居,0
112,,28,貢寮區,11歲,11,11,不相關,0.0,女,東南亞籍人民核准定居,0
112,,28,貢寮區,11歲,11,11,不相關,0.0,女,港澳居民核准定居,0
112,,28,貢寮區,11歲,11,11,不相關,0.0,女,臺灣地區逾12歲未辦出生登記,0
112,,28,貢寮區,11歲,11,11,不相關,0.0,男,中華民國國民入境核准定居,0
112,,28,貢寮區,11歲,11,11,不相關,0.0,男,其他國籍人民核准定居,0
112,,28,貢寮區,11歲,11,11,不相關,0.0,男,大陸地區人民核准定居,0
112,,28,貢寮區,11歲,11,11,不相關,0.0,男,東南亞籍人民核准定居,0
112,,28,貢寮區,11歲,11,11,不相關,0.0,男,港澳居民核准定居,0
112,,28,貢寮區,11歲,11,11,不相關,0.0,男,臺灣地區逾12歲未辦出生登記,0
112,,28,貢寮區,12歲,12,12,不相關,0.0,女,中華民國國民入境核准定居,0
112,,28,貢寮區,12歲,12,12,不相關,0.0,女,其他國籍人民核准定居,0
112,,28,貢寮區,12歲,12,12,不相關,0.0,女,大陸地區人民核准定居,0
112,,28,貢寮區,12歲,12,12,不相關,0.0,女,東南亞籍人民核准定居,0
112,,28,貢寮區,12歲,12,12,不相關,0.0,女,港澳居民核准定居,0
112,,28,貢寮區,12歲,12,12,不相關,0.0,女,臺灣地區逾12歲未辦出生登記,0
112,,28,貢寮區,12歲,12,12,不相關,0.0,男,中華民國國民入境核准定居,0
112,,28,貢寮區,12歲,12,12,不相關,0.0,男,其他國籍人民核准定居,0
112,,28,貢寮區,12歲,12,12,不相關,0.0,男,大陸地區人民核准定居,1
112,,28,貢寮區,12歲,12,12,不相關,0.0,男,東南亞籍人民核准定居,0
112,,28,貢寮區,12歲,12,12,不相關,0.0,男,港澳居民核准定居,0
112,,28,貢寮區,12歲,12,12,不相關,0.0,男,臺灣地區逾12歲未辦出生登記,0
112,,28,貢寮區,13歲,13,13,不相關,0.0,女,中華民國國民入境核准定居,0
112,,28,貢寮區,13歲,13,13,不相關,0.0,女,其他國籍人民核准定居,0
112,,28,貢寮區,13歲,13,13,不相關,0.0,女,大陸地區人民核准定居,0
112,,28,貢寮區,13歲,13,13,不相關,0.0,女,東南亞籍人民核准定居,0
112,,28,貢寮區,13歲,13,13,不相關,0.0,女,港澳居民核准定居,0
112,,28,貢寮區,13歲,13,13,不相關,0.0,女,臺灣地區逾12歲未辦出生登記,0
112,,28,貢寮區,13歲,13,13,不相關,0.0,男,中華民國國民入境核准定居,0
112,,28,貢寮區,13歲,13,13,不相關,0.0,男,其他國籍人民核准定居,0
112,,28,貢寮區,13歲,13,13,不相關,0.0,男,大陸地區人民核准定居,0
112,,28,貢寮區,13歲,13,13,不相關,0.0,男,東南亞籍人民核准定居,0
112,,28,貢寮區,13歲,13,13,不相關,0.0,男,港澳居民核准定居,0
112,,28,貢寮區,13歲,13,13,不相關,0.0,男,臺灣地區逾12歲未辦出生登記,0
112,,28,貢寮區,14歲,14,14,不相關,0.0,女,中華民國國民入境核准定居,0
112,,28,貢寮區,14歲,14,14,不相關,0.0,女,其他國籍人民核准定居,0
112,,28,貢寮區,14歲,14,14,不相關,0.0,女,大陸地區人民核准定居,0
112,,28,貢寮區,14歲,14,14,不相關,0.0,女,東南亞籍人民核准定居,0
112,,28,貢寮區,14歲,14,14,不相關,0.0,女,港澳居民核准定居,0
112,,28,貢寮區,14歲,14,14,不相關,0.0,女,臺灣地區逾12歲未辦出生登記,0
112,,28,貢寮區,14歲,14,14,不相關,0.0,男,中華民國國民入境核准定居,0
112,,28,貢寮區,14歲,14,14,不相關,0.0,男,其他國籍人民核准定居,0
112,,28,貢寮區,14歲,14,14,不相關,0.0,男,大陸地區人民核准定居,0
112,,28,貢寮區,14歲,14,14,不相關,0.0,男,東南亞籍人民核准定居,0
112,,28,貢寮區,14歲,14,14,不相關,0.0,男,港澳居民核准定居,0
112,,28,貢寮區,14歲,14,14,不相關,0.0,男,臺灣地區逾12歲未辦出生登記,0
112,,28,貢寮區,15歲,15,15,不相關,0.0,女,中華民國國民入境核准定居,0
112,,28,貢寮區,15歲,15,15,不相關,0.0,女,其他國籍人民核准定居,0
112,,28,貢寮區,15歲,15,15,不相關,0.0,女,大陸地區人民核准定居,0
112,,28,貢寮區,15歲,15,15,不相關,0.0,女,東南亞籍人民核准定居,0
112,,28,貢寮區,15歲,15,15,不相關,0.0,女,港澳居民核准定居,0
112,,28,貢寮區,15歲,15,15,不相關,0.0,女,臺灣地區逾12歲未辦出生登記,0
112,,28,貢寮區,15歲,15,15,不相關,0.0,男,中華民國國民入境核准定居,0
112,,28,貢寮區,15歲,15,15,不相關,0.0,男,其他國籍人民核准定居,0
112,,28,貢寮區,15歲,15,15,不相關,0.0,男,大陸地區人民核准定居,0
112,,28,貢寮區,15歲,15,15,不相關,0.0,男,東南亞籍人民核准定居,0
112,,28,貢寮區,15歲,15,15,不相關,0.0,男,港澳居民核准定居,0
112,,28,貢寮區,15歲,15,15,不相關,0.0,男,臺灣地區逾12歲未辦出生登記,0
112,,28,貢寮區,16歲,16,16,不相關,0.0,女,中華民國國民入境核准定居,0
112,,28,貢寮區,16歲,16,16,不相關,0.0,女,其他國籍人民核准定居,0
112,,28,貢寮區,16歲,16,16,不相關,0.0,女,大陸地區人民核准定居,0
112,,28,貢寮區,16歲,16,16,不相關,0.0,女,東南亞籍人民核准定居,0
112,,28,貢寮區,16歲,16,16,不相關,0.0,女,港澳居民核准定居,0
112,,28,貢寮區,16歲,16,16,不相關,0.0,女,臺灣地區逾12歲未辦出生登記,0
112,,28,貢寮區,16歲,16,16,不相關,0.0,男,中華民國國民入境核准定居,0
112,,28,貢寮區,16歲,16,16,不相關,0.0,男,其他國籍人民核准定居,0
112,,28,貢寮區,16歲,16,16,不相關,0.0,男,大陸地區人民核准定居,0
112,,28,貢寮區,16歲,16,16,不相關,0.0,男,東南亞籍人民核准定居,0
112,,28,貢寮區,16歲,16,16,不相關,0.0,男,港澳居民核准定居,0
112,,28,貢寮區,16歲,16,16,不相關,0.0,男,臺灣地區逾12歲未辦出生登記,0
112,,28,貢寮區,17歲,17,17,不相關,0.0,女,中華民國國民入境核准定居,0
112,,28,貢寮區,17歲,17,17,不相關,0.0,女,其他國籍人民核准定居,0
112,,28,貢寮區,17歲,17,17,不相關,0.0,女,大陸地區人民核准定居,0
112,,28,貢寮區,17歲,17,17,不相關,0.0,女,東南亞籍人民核准定居,0
112,,28,貢寮區,17歲,17,17,不相關,0.0,女,港澳居民核准定居,0
112,,28,貢寮區,17歲,17,17,不相關,0.0,女,臺灣地區逾12歲未辦出生登記,0
112,,28,貢寮區,17歲,17,17,不相關,0.0,男,中華民國國民入境核准定居,0
112,,28,貢寮區,17歲,17,17,不相關,0.0,男,其他國籍人民核准定居,0
112,,28,貢寮區,17歲,17,17,不相關,0.0,男,大陸地區人民核准定居,0
112,,28,貢寮區,17歲,17,17,不相關,0.0,男,東南亞籍人民核准定居,0
112,,28,貢寮區,17歲,17,17,不相關,0.0,男,港澳居民核准定居,0
112,,28,貢寮區,17歲,17,17,不相關,0.0,男,臺灣地區逾12歲未辦出生登記,0
112,,28,貢寮區,18歲,18,18,完全落入,1.0,女,中華民國國民入境核准定居,0
112,,28,貢寮區,18歲,18,18,完全落入,1.0,女,其他國籍人民核准定居,0
112,,28,貢寮區,18歲,18,18,完全落入,1.0,女,大陸地區人民核准定居,0
112,,28,貢寮區,18歲,18,18,完全落入,1.0,女,東南亞籍人民核准定居,0
112,,28,貢寮區,18歲,18,18,完全落入,1.0,女,港澳居民核准定居,0
112,,28,貢寮區,18歲,18,18,完全落入,1.0,女,臺灣地區逾12歲未辦出生登記,0
112,,28,貢寮區,18歲,18,18,完全落入,1.0,男,中華民國國民入境核准定居,0
112,,28,貢寮區,18歲,18,18,完全落入,1.0,男,其他國籍人民核准定居,0
112,,28,貢寮區,18歲,18,18,完全落入,1.0,男,大陸地區人民核准定居,0
112,,28,貢寮區,18歲,18,18,完全落入,1.0,男,東南亞籍人民核准定居,0
112,,28,貢寮區,18歲,18,18,完全落入,1.0,男,港澳居民核准定居,0
112,,28,貢寮區,18歲,18,18,完全落入,1.0,男,臺灣地區逾12歲未辦出生登記,0
112,,28,貢寮區,19歲,19,19,完全落入,1.0,女,中華民國國民入境核准定居,0
112,,28,貢寮區,19歲,19,19,完全落入,1.0,女,其他國籍人民核准定居,0
112,,28,貢寮區,19歲,19,19,完全落入,1.0,女,大陸地區人民核准定居,0
112,,28,貢寮區,19歲,19,19,完全落入,1.0,女,東南亞籍人民核准定居,0
112,,28,貢寮區,19歲,19,19,完全落入,1.0,女,港澳居民核准定居,0
112,,28,貢寮區,19歲,19,19,完全落入,1.0,女,臺灣地區逾12歲未辦出生登記,0
112,,28,貢寮區,19歲,19,19,完全落入,1.0,男,中華民國國民入境核准定居,0
112,,28,貢寮區,19歲,19,19,完全落入,1.0,男,其他國籍人民核准定居,0
112,,28,貢寮區,19歲,19,19,完全落入,1.0,男,大陸地區人民核准定居,0
112,,28,貢寮區,19歲,19,19,完全落入,1.0,男,東南亞籍人民核准定居,0
112,,28,貢寮區,19歲,19,19,完全落入,1.0,男,港澳居民核准定居,0
112,,28,貢寮區,19歲,19,19,完全落入,1.0,男,臺灣地區逾12歲未辦出生登記,0
112,,28,貢寮區,20歲,20,20,完全落入,1.0,女,中華民國國民入境核准定居,0
112,,28,貢寮區,20歲,20,20,完全落入,1.0,女,其他國籍人民核准定居,0
112,,28,貢寮區,20歲,20,20,完全落入,1.0,女,大陸地區人民核准定居,0
112,,28,貢寮區,20歲,20,20,完全落入,1.0,女,東南亞籍人民核准定居,0
112,,28,貢寮區,20歲,20,20,完全落入,1.0,女,港澳居民核准定居,0
112,,28,貢寮區,20歲,20,20,完全落入,1.0,女,臺灣地區逾12歲未辦出生登記,0
112,,28,貢寮區,20歲,20,20,完全落入,1.0,男,中華民國國民入境核准定居,0
112,,28,貢寮區,20歲,20,20,完全落入,1.0,男,其他國籍人民核准定居,0
112,,28,貢寮區,20歲,20,20,完全落入,1.0,男,大陸地區人民核准定居,0
112,,28,貢寮區,20歲,20,20,完全落入,1.0,男,東南亞籍人民核准定居,0
112,,28,貢寮區,20歲,20,20,完全落入,1.0,男,港澳居民核准定居,0
112,,28,貢寮區,20歲,20,20,完全落入,1.0,男,臺灣地區逾12歲未辦出生登記,0
112,,28,貢寮區,21歲,21,21,完全落入,1.0,女,中華民國國民入境核准定居,0
112,,28,貢寮區,21歲,21,21,完全落入,1.0,女,其他國籍人民核准定居,0
112,,28,貢寮區,21歲,21,21,完全落入,1.0,女,大陸地區人民核准定居,0
112,,28,貢寮區,21歲,21,21,完全落入,1.0,女,東南亞籍人民核准定居,0
112,,28,貢寮區,21歲,21,21,完全落入,1.0,女,港澳居民核准定居,0
112,,28,貢寮區,21歲,21,21,完全落入,1.0,女,臺灣地區逾12歲未辦出生登記,0
112,,28,貢寮區,21歲,21,21,完全落入,1.0,男,中華民國國民入境核准定居,0
112,,28,貢寮區,21歲,21,21,完全落入,1.0,男,其他國籍人民核准定居,0
112,,28,貢寮區,21歲,21,21,完全落入,1.0,男,大陸地區人民核准定居,0
112,,28,貢寮區,21歲,21,21,完全落入,1.0,男,東南亞籍人民核准定居,0
112,,28,貢寮區,21歲,21,21,完全落入,1.0,男,港澳居民核准定居,0
112,,28,貢寮區,21歲,21,21,完全落入,1.0,男,臺灣地區逾12歲未辦出生登記,0
112,,28,貢寮區,22歲,22,22,完全落入,1.0,女,中華民國國民入境核准定居,0
112,,28,貢寮區,22歲,22,22,完全落入,1.0,女,其他國籍人民核准定居,0
112,,28,貢寮區,22歲,22,22,完全落入,1.0,女,大陸地區人民核准定居,0
112,,28,貢寮區,22歲,22,22,完全落入,1.0,女,東南亞籍人民核准定居,0
112,,28,貢寮區,22歲,22,22,完全落入,1.0,女,港澳居民核准定居,0
112,,28,貢寮區,22歲,22,22,完全落入,1.0,女,臺灣地區逾12歲未辦出生登記,0
112,,28,貢寮區,22歲,22,22,完全落入,1.0,男,中華民國國民入境核准定居,0
112,,28,貢寮區,22歲,22,22,完全落入,1.0,男,其他國籍人民核准定居,0
112,,28,貢寮區,22歲,22,22,完全落入,1.0,男,大陸地區人民核准定居,0
112,,28,貢寮區,22歲,22,22,完全落入,1.0,男,東南亞籍人民核准定居,0
112,,28,貢寮區,22歲,22,22,完全落入,1.0,男,港澳居民核准定居,0
112,,28,貢寮區,22歲,22,22,完全落入,1.0,男,臺灣地區逾12歲未辦出生登記,0
112,,28,貢寮區,23歲,23,23,完全落入,1.0,女,中華民國國民入境核准定居,0
112,,28,貢寮區,23歲,23,23,完全落入,1.0,女,其他國籍人民核准定居,0
112,,28,貢寮區,23歲,23,23,完全落入,1.0,女,大陸地區人民核准定居,0
112,,28,貢寮區,23歲,23,23,完全落入,1.0,女,東南亞籍人民核准定居,0
112,,28,貢寮區,23歲,23,23,完全落入,1.0,女,港澳居民核准定居,0
112,,28,貢寮區,23歲,23,23,完全落入,1.0,女,臺灣地區逾12歲未辦出生登記,0
112,,28,貢寮區,23歲,23,23,完全落入,1.0,男,中華民國國民入境核准定居,0
112,,28,貢寮區,23歲,23,23,完全落入,1.0,男,其他國籍人民核准定居,0
112,,28,貢寮區,23歲,23,23,完全落入,1.0,男,大陸地區人民核准定居,0
112,,28,貢寮區,23歲,23,23,完全落入,1.0,男,東南亞籍人民核准定居,0
112,,28,貢寮區,23歲,23,23,完全落入,1.0,男,港澳居民核准定居,0
112,,28,貢寮區,23歲,23,23,完全落入,1.0,男,臺灣地區逾12歲未辦出生登記,0
112,,28,貢寮區,24歲,24,24,完全落入,1.0,女,中華民國國民入境核准定居,0
112,,28,貢寮區,24歲,24,24,完全落入,1.0,女,其他國籍人民核准定居,0
112,,28,貢寮區,24歲,24,24,完全落入,1.0,女,大陸地區人民核准定居,1
112,,28,貢寮區,24歲,24,24,完全落入,1.0,女,東南亞籍人民核准定居,0
112,,28,貢寮區,24歲,24,24,完全落入,1.0,女,港澳居民核准定居,0
112,,28,貢寮區,24歲,24,24,完全落入,1.0,女,臺灣地區逾12歲未辦出生登記,0
112,,28,貢寮區,24歲,24,24,完全落入,1.0,男,中華民國國民入境核准定居,0
112,,28,貢寮區,24歲,24,24,完全落入,1.0,男,其他國籍人民核准定居,0
112,,28,貢寮區,24歲,24,24,完全落入,1.0,男,大陸地區人民核准定居,0
112,,28,貢寮區,24歲,24,24,完全落入,1.0,男,東南亞籍人民核准定居,0
112,,28,貢寮區,24歲,24,24,完全落入,1.0,男,港澳居民核准定居,0
112,,28,貢寮區,24歲,24,24,完全落入,1.0,男,臺灣地區逾12歲未辦出生登記,0
112,,28,貢寮區,25歲,25,25,完全落入,1.0,女,中華民國國民入境核准定居,0
112,,28,貢寮區,25歲,25,25,完全落入,1.0,女,其他國籍人民核准定居,0
112,,28,貢寮區,25歲,25,25,完全落入,1.0,女,大陸地區人民核准定居,0
112,,28,貢寮區,25歲,25,25,完全落入,1.0,女,東南亞籍人民核准定居,1
112,,28,貢寮區,25歲,25,25,完全落入,1.0,女,港澳居民核准定居,0
112,,28,貢寮區,25歲,25,25,完全落入,1.0,女,臺灣地區逾12歲未辦出生登記,0
112,,28,貢寮區,25歲,25,25,完全落入,1.0,男,中華民國國民入境核准定居,0
112,,28,貢寮區,25歲,25,25,完全落入,1.0,男,其他國籍人民核准定居,0
112,,28,貢寮區,25歲,25,25,完全落入,1.0,男,大陸地區人民核准定居,0
112,,28,貢寮區,25歲,25,25,完全落入,1.0,男,東南亞籍人民核准定居,0
112,,28,貢寮區,25歲,25,25,完全落入,1.0,男,港澳居民核准定居,0
112,,28,貢寮區,25歲,25,25,完全落入,1.0,男,臺灣地區逾12歲未辦出生登記,0
112,,28,貢寮區,26歲,26,26,完全落入,1.0,女,中華民國國民入境核准定居,0
112,,28,貢寮區,26歲,26,26,完全落入,1.0,女,其他國籍人民核准定居,0
112,,28,貢寮區,26歲,26,26,完全落入,1.0,女,大陸地區人民核准定居,0
112,,28,貢寮區,26歲,26,26,完全落入,1.0,女,東南亞籍人民核准定居,0
112,,28,貢寮區,26歲,26,26,完全落入,1.0,女,港澳居民核准定居,1
112,,28,貢寮區,26歲,26,26,完全落入,1.0,女,臺灣地區逾12歲未辦出生登記,0
112,,28,貢寮區,26歲,26,26,完全落入,1.0,男,中華民國國民入境核准定居,0
112,,28,貢寮區,26歲,26,26,完全落入,1.0,男,其他國籍人民核准定居,0
112,,28,貢寮區,26歲,26,26,完全落入,1.0,男,大陸地區人民核准定居,0
112,,28,貢寮區,26歲,26,26,完全落入,1.0,男,東南亞籍人民核准定居,0
112,,28,貢寮區,26歲,26,26,完全落入,1.0,男,港澳居民核准定居,1
112,,28,貢寮區,26歲,26,26,完全落入,1.0,男,臺灣地區逾12歲未辦出生登記,0
112,,28,貢寮區,27歲,27,27,完全落入,1.0,女,中華民國國民入境核准定居,0
112,,28,貢寮區,27歲,27,27,完全落入,1.0,女,其他國籍人民核准定居,0
112,,28,貢寮區,27歲,27,27,完全落入,1.0,女,大陸地區人民核准定居,0
112,,28,貢寮區,27歲,27,27,完全落入,1.0,女,東南亞籍人民核准定居,0
112,,28,貢寮區,27歲,27,27,完全落入,1.0,女,港澳居民核准定居,0
112,,28,貢寮區,27歲,27,27,完全落入,1.0,女,臺灣地區逾12歲未辦出生登記,0
112,,28,貢寮區,27歲,27,27,完全落入,1.0,男,中華民國國民入境核准定居,0
112,,28,貢寮區,27歲,27,27,完全落入,1.0,男,其他國籍人民核准定居,0
112,,28,貢寮區,27歲,27,27,完全落入,1.0,男,大陸地區人民核准定居,0
112,,28,貢寮區,27歲,27,27,完全落入,1.0,男,東南亞籍人民核准定居,0
112,,28,貢寮區,27歲,27,27,完全落入,1.0,男,港澳居民核准定居,0
112,,28,貢寮區,27歲,27,27,完全落入,1.0,男,臺灣地區逾12歲未辦出生登記,0
112,,28,貢寮區,28歲,28,28,完全落入,1.0,女,中華民國國民入境核准定居,0
112,,28,貢寮區,28歲,28,28,完全落入,1.0,女,其他國籍人民核准定居,0
112,,28,貢寮區,28歲,28,28,完全落入,1.0,女,大陸地區人民核准定居,0
112,,28,貢寮區,28歲,28,28,完全落入,1.0,女,東南亞籍人民核准定居,0
112,,28,貢寮區,28歲,28,28,完全落入,1.0,女,港澳居民核准定居,0
112,,28,貢寮區,28歲,28,28,完全落入,1.0,女,臺灣地區逾12歲未辦出生登記,0
112,,28,貢寮區,28歲,28,28,完全落入,1.0,男,中華民國國民入境核准定居,0
112,,28,貢寮區,28歲,28,28,完全落入,1.0,男,其他國籍人民核准定居,0
112,,28,貢寮區,28歲,28,28,完全落入,1.0,男,大陸地區人民核准定居,0
112,,28,貢寮區,28歲,28,28,完全落入,1.0,男,東南亞籍人民核准定居,0
112,,28,貢寮區,28歲,28,28,完全落入,1.0,男,港澳居民核准定居,0
112,,28,貢寮區,28歲,28,28,完全落入,1.0,男,臺灣地區逾12歲未辦出生登記,0
112,,28,貢寮區,29歲,29,29,完全落入,1.0,女,中華民國國民入境核准定居,0
112,,28,貢寮區,29歲,29,29,完全落入,1.0,女,其他國籍人民核准定居,0
112,,28,貢寮區,29歲,29,29,完全落入,1.0,女,大陸地區人民核准定居,0
112,,28,貢寮區,29歲,29,29,完全落入,1.0,女,東南亞籍人民核准定居,0
112,,28,貢寮區,29歲,29,29,完全落入,1.0,女,港澳居民核准定居,0
112,,28,貢寮區,29歲,29,29,完全落入,1.0,女,臺灣地區逾12歲未辦出生登記,0
112,,28,貢寮區,29歲,29,29,完全落入,1.0,男,中華民國國民入境核准定居,0
112,,28,貢寮區,29歲,29,29,完全落入,1.0,男,其他國籍人民核准定居,0
112,,28,貢寮區,29歲,29,29,完全落入,1.0,男,大陸地區人民核准定居,0
112,,28,貢寮區,29歲,29,29,完全落入,1.0,男,東南亞籍人民核准定居,0
112,,28,貢寮區,29歲,29,29,完全落入,1.0,男,港澳居民核准定居,0
112,,28,貢寮區,29歲,29,29,完全落入,1.0,男,臺灣地區逾12歲未辦出生登記,0
112,,28,貢寮區,30歲,30,30,完全落入,1.0,女,中華民國國民入境核准定居,0
112,,28,貢寮區,30歲,30,30,完全落入,1.0,女,其他國籍人民核准定居,0
112,,28,貢寮區,30歲,30,30,完全落入,1.0,女,大陸地區人民核准定居,0
112,,28,貢寮區,30歲,30,30,完全落入,1.0,女,東南亞籍人民核准定居,0
112,,28,貢寮區,30歲,30,30,完全落入,1.0,女,港澳居民核准定居,0
112,,28,貢寮區,30歲,30,30,完全落入,1.0,女,臺灣地區逾12歲未辦出生登記,0
112,,28,貢寮區,30歲,30,30,完全落入,1.0,男,中華民國國民入境核准定居,0
112,,28,貢寮區,30歲,30,30,完全落入,1.0,男,其他國籍人民核准定居,0
112,,28,貢寮區,30歲,30,30,完全落入,1.0,男,大陸地區人民核准定居,0
112,,28,貢寮區,30歲,30,30,完全落入,1.0,男,東南亞籍人民核准定居,0
112,,28,貢寮區,30歲,30,30,完全落入,1.0,男,港澳居民核准定居,0
112,,28,貢寮區,30歲,30,30,完全落入,1.0,男,臺灣地區逾12歲未辦出生登記,0
112,,28,貢寮區,31歲,31,31,完全落入,1.0,女,中華民國國民入境核准定居,0
112,,28,貢寮區,31歲,31,31,完全落入,1.0,女,其他國籍人民核准定居,0
112,,28,貢寮區,31歲,31,31,完全落入,1.0,女,大陸地區人民核准定居,0
112,,28,貢寮區,31歲,31,31,完全落入,1.0,女,東南亞籍人民核准定居,0
112,,28,貢寮區,31歲,31,31,完全落入,1.0,女,港澳居民核准定居,0
112,,28,貢寮區,31歲,31,31,完全落入,1.0,女,臺灣地區逾12歲未辦出生登記,0
112,,28,貢寮區,31歲,31,31,完全落入,1.0,男,中華民國國民入境核准定居,0
112,,28,貢寮區,31歲,31,31,完全落入,1.0,男,其他國籍人民核准定居,0
112,,28,貢寮區,31歲,31,31,完全落入,1.0,男,大陸地區人民核准定居,0
112,,28,貢寮區,31歲,31,31,完全落入,1.0,男,東南亞籍人民核准定居,0
112,,28,貢寮區,31歲,31,31,完全落入,1.0,男,港澳居民核准定居,0
112,,28,貢寮區,31歲,31,31,完全落入,1.0,男,臺灣地區逾12歲未辦出生登記,0
112,,28,貢寮區,32歲,32,32,完全落入,1.0,女,中華民國國民入境核准定居,0
112,,28,貢寮區,32歲,32,32,完全落入,1.0,女,其他國籍人民核准定居,0
112,,28,貢寮區,32歲,32,32,完全落入,1.0,女,大陸地區人民核准定居,0
112,,28,貢寮區,32歲,32,32,完全落入,1.0,女,東南亞籍人民核准定居,0
112,,28,貢寮區,32歲,32,32,完全落入,1.0,女,港澳居民核准定居,0
112,,28,貢寮區,32歲,32,32,完全落入,1.0,女,臺灣地區逾12歲未辦出生登記,0
112,,28,貢寮區,32歲,32,32,完全落入,1.0,男,中華民國國民入境核准定居,0
112,,28,貢寮區,32歲,32,32,完全落入,1.0,男,其他國籍人民核准定居,0
112,,28,貢寮區,32歲,32,32,完全落入,1.0,男,大陸地區人民核准定居,0
112,,28,貢寮區,32歲,32,32,完全落入,1.0,男,東南亞籍人民核准定居,0
112,,28,貢寮區,32歲,32,32,完全落入,1.0,男,港澳居民核准定居,0
112,,28,貢寮區,32歲,32,32,完全落入,1.0,男,臺灣地區逾12歲未辦出生登記,0
112,,28,貢寮區,33歲,33,33,完全落入,1.0,女,中華民國國民入境核准定居,0
112,,28,貢寮區,33歲,33,33,完全落入,1.0,女,其他國籍人民核准定居,0
112,,28,貢寮區,33歲,33,33,完全落入,1.0,女,大陸地區人民核准定居,0
112,,28,貢寮區,33歲,33,33,完全落入,1.0,女,東南亞籍人民核准定居,0
112,,28,貢寮區,33歲,33,33,完全落入,1.0,女,港澳居民核准定居,0
112,,28,貢寮區,33歲,33,33,完全落入,1.0,女,臺灣地區逾12歲未辦出生登記,0
112,,28,貢寮區,33歲,33,33,完全落入,1.0,男,中華民國國民入境核准定居,0
112,,28,貢寮區,33歲,33,33,完全落入,1.0,男,其他國籍人民核准定居,0
112,,28,貢寮區,33歲,33,33,完全落入,1.0,男,大陸地區人民核准定居,0
112,,28,貢寮區,33歲,33,33,完全落入,1.0,男,東南亞籍人民核准定居,0
112,,28,貢寮區,33歲,33,33,完全落入,1.0,男,港澳居民核准定居,0
112,,28,貢寮區,33歲,33,33,完全落入,1.0,男,臺灣地區逾12歲未辦出生登記,0
112,,28,貢寮區,34歲,34,34,完全落入,1.0,女,中華民國國民入境核准定居,0
112,,28,貢寮區,34歲,34,34,完全落入,1.0,女,其他國籍人民核准定居,0
112,,28,貢寮區,34歲,34,34,完全落入,1.0,女,大陸地區人民核准定居,0
112,,28,貢寮區,34歲,34,34,完全落入,1.0,女,東南亞籍人民核准定居,0
112,,28,貢寮區,34歲,34,34,完全落入,1.0,女,港澳居民核准定居,0
112,,28,貢寮區,34歲,34,34,完全落入,1.0,女,臺灣地區逾12歲未辦出生登記,0
112,,28,貢寮區,34歲,34,34,完全落入,1.0,男,中華民國國民入境核准定居,0
112,,28,貢寮區,34歲,34,34,完全落入,1.0,男,其他國籍人民核准定居,0
112,,28,貢寮區,34歲,34,34,完全落入,1.0,男,大陸地區人民核准定居,0
112,,28,貢寮區,34歲,34,34,完全落入,1.0,男,東南亞籍人民核准定居,0
112,,28,貢寮區,34歲,34,34,完全落入,1.0,男,港澳居民核准定居,0
112,,28,貢寮區,34歲,34,34,完全落入,1.0,男,臺灣地區逾12歲未辦出生登記,0
112,,28,貢寮區,35歲,35,35,完全落入,1.0,女,中華民國國民入境核准定居,0
112,,28,貢寮區,35歲,35,35,完全落入,1.0,女,其他國籍人民核准定居,0
112,,28,貢寮區,35歲,35,35,完全落入,1.0,女,大陸地區人民核准定居,0
112,,28,貢寮區,35歲,35,35,完全落入,1.0,女,東南亞籍人民核准定居,0
112,,28,貢寮區,35歲,35,35,完全落入,1.0,女,港澳居民核准定居,0
112,,28,貢寮區,35歲,35,35,完全落入,1.0,女,臺灣地區逾12歲未辦出生登記,0
112,,28,貢寮區,35歲,35,35,完全落入,1.0,男,中華民國國民入境核准定居,0
112,,28,貢寮區,35歲,35,35,完全落入,1.0,男,其他國籍人民核准定居,0
112,,28,貢寮區,35歲,35,35,完全落入,1.0,男,大陸地區人民核准定居,0
112,,28,貢寮區,35歲,35,35,完全落入,1.0,男,東南亞籍人民核准定居,0
112,,28,貢寮區,35歲,35,35,完全落入,1.0,男,港澳居民核准定居,0
112,,28,貢寮區,35歲,35,35,完全落入,1.0,男,臺灣地區逾12歲未辦出生登記,0
112,,28,貢寮區,36歲,36,36,不相關,0.0,女,中華民國國民入境核准定居,0
112,,28,貢寮區,36歲,36,36,不相關,0.0,女,其他國籍人民核准定居,0
112,,28,貢寮區,36歲,36,36,不相關,0.0,女,大陸地區人民核准定居,0
112,,28,貢寮區,36歲,36,36,不相關,0.0,女,東南亞籍人民核准定居,0
112,,28,貢寮區,36歲,36,36,不相關,0.0,女,港澳居民核准定居,0
112,,28,貢寮區,36歲,36,36,不相關,0.0,女,臺灣地區逾12歲未辦出生登記,0
112,,28,貢寮區,36歲,36,36,不相關,0.0,男,中華民國國民入境核准定居,0
112,,28,貢寮區,36歲,36,36,不相關,0.0,男,其他國籍人民核准定居,0
112,,28,貢寮區,36歲,36,36,不相關,0.0,男,大陸地區人民核准定居,0
112,,28,貢寮區,36歲,36,36,不相關,0.0,男,東南亞籍人民核准定居,0
112,,28,貢寮區,36歲,36,36,不相關,0.0,男,港澳居民核准定居,0
112,,28,貢寮區,36歲,36,36,不相關,0.0,男,臺灣地區逾12歲未辦出生登記,0
112,,28,貢寮區,37歲,37,37,不相關,0.0,女,中華民國國民入境核准定居,0
112,,28,貢寮區,37歲,37,37,不相關,0.0,女,其他國籍人民核准定居,0
112,,28,貢寮區,37歲,37,37,不相關,0.0,女,大陸地區人民核准定居,0
112,,28,貢寮區,37歲,37,37,不相關,0.0,女,東南亞籍人民核准定居,0
112,,28,貢寮區,37歲,37,37,不相關,0.0,女,港澳居民核准定居,0
112,,28,貢寮區,37歲,37,37,不相關,0.0,女,臺灣地區逾12歲未辦出生登記,0
112,,28,貢寮區,37歲,37,37,不相關,0.0,男,中華民國國民入境核准定居,0
112,,28,貢寮區,37歲,37,37,不相關,0.0,男,其他國籍人民核准定居,0
112,,28,貢寮區,37歲,37,37,不相關,0.0,男,大陸地區人民核准定居,0
112,,28,貢寮區,37歲,37,37,不相關,0.0,男,東南亞籍人民核准定居,0
112,,28,貢寮區,37歲,37,37,不相關,0.0,男,港澳居民核准定居,0
112,,28,貢寮區,37歲,37,37,不相關,0.0,男,臺灣地區逾12歲未辦出生登記,0
112,,28,貢寮區,38歲,38,38,不相關,0.0,女,中華民國國民入境核准定居,0
112,,28,貢寮區,38歲,38,38,不相關,0.0,女,其他國籍人民核准定居,0
112,,28,貢寮區,38歲,38,38,不相關,0.0,女,大陸地區人民核准定居,0
112,,28,貢寮區,38歲,38,38,不相關,0.0,女,東南亞籍人民核准定居,0
112,,28,貢寮區,38歲,38,38,不相關,0.0,女,港澳居民核准定居,1
112,,28,貢寮區,38歲,38,38,不相關,0.0,女,臺灣地區逾12歲未辦出生登記,0
112,,28,貢寮區,38歲,38,38,不相關,0.0,男,中華民國國民入境核准定居,0
112,,28,貢寮區,38歲,38,38,不相關,0.0,男,其他國籍人民核准定居,0
112,,28,貢寮區,38歲,38,38,不相關,0.0,男,大陸地區人民核准定居,0
112,,28,貢寮區,38歲,38,38,不相關,0.0,男,東南亞籍人民核准定居,0
112,,28,貢寮區,38歲,38,38,不相關,0.0,男,港澳居民核准定居,0
112,,28,貢寮區,38歲,38,38,不相關,0.0,男,臺灣地區逾12歲未辦出生登記,0
112,,28,貢寮區,39歲,39,39,不相關,0.0,女,中華民國國民入境核准定居,0
112,,28,貢寮區,39歲,39,39,不相關,0.0,女,其他國籍人民核准定居,0
112,,28,貢寮區,39歲,39,39,不相關,0.0,女,大陸地區人民核准定居,0
112,,28,貢寮區,39歲,39,39,不相關,0.0,女,東南亞籍人民核准定居,0
112,,28,貢寮區,39歲,39,39,不相關,0.0,女,港澳居民核准定居,0
112,,28,貢寮區,39歲,39,39,不相關,0.0,女,臺灣地區逾12歲未辦出生登記,0
112,,28,貢寮區,39歲,39,39,不相關,0.0,男,中華民國國民入境核准定居,0
112,,28,貢寮區,39歲,39,39,不相關,0.0,男,其他國籍人民核准定居,0
112,,28,貢寮區,39歲,39,39,不相關,0.0,男,大陸地區人民核准定居,0
112,,28,貢寮區,39歲,39,39,不相關,0.0,男,東南亞籍人民核准定居,0
112,,28,貢寮區,39歲,39,39,不相關,0.0,男,港澳居民核准定居,0
112,,28,貢寮區,39歲,39,39,不相關,0.0,男,臺灣地區逾12歲未辦出生登記,0
112,,28,貢寮區,40歲,40,40,不相關,0.0,女,中華民國國民入境核准定居,0
112,,28,貢寮區,40歲,40,40,不相關,0.0,女,其他國籍人民核准定居,0
112,,28,貢寮區,40歲,40,40,不相關,0.0,女,大陸地區人民核准定居,0
112,,28,貢寮區,40歲,40,40,不相關,0.0,女,東南亞籍人民核准定居,0
112,,28,貢寮區,40歲,40,40,不相關,0.0,女,港澳居民核准定居,0
112,,28,貢寮區,40歲,40,40,不相關,0.0,女,臺灣地區逾12歲未辦出生登記,0
112,,28,貢寮區,40歲,40,40,不相關,0.0,男,中華民國國民入境核准定居,0
112,,28,貢寮區,40歲,40,40,不相關,0.0,男,其他國籍人民核准定居,0
112,,28,貢寮區,40歲,40,40,不相關,0.0,男,大陸地區人民核准定居,0
112,,28,貢寮區,40歲,40,40,不相關,0.0,男,東南亞籍人民核准定居,0
112,,28,貢寮區,40歲,40,40,不相關,0.0,男,港澳居民核准定居,0
112,,28,貢寮區,40歲,40,40,不相關,0.0,男,臺灣地區逾12歲未辦出生登記,0
112,,28,貢寮區,41歲,41,41,不相關,0.0,女,中華民國國民入境核准定居,0
112,,28,貢寮區,41歲,41,41,不相關,0.0,女,其他國籍人民核准定居,0
112,,28,貢寮區,41歲,41,41,不相關,0.0,女,大陸地區人民核准定居,0
112,,28,貢寮區,41歲,41,41,不相關,0.0,女,東南亞籍人民核准定居,0
112,,28,貢寮區,41歲,41,41,不相關,0.0,女,港澳居民核准定居,0
112,,28,貢寮區,41歲,41,41,不相關,0.0,女,臺灣地區逾12歲未辦出生登記,0
112,,28,貢寮區,41歲,41,41,不相關,0.0,男,中華民國國民入境核准定居,0
112,,28,貢寮區,41歲,41,41,不相關,0.0,男,其他國籍人民核准定居,0
112,,28,貢寮區,41歲,41,41,不相關,0.0,男,大陸地區人民核准定居,0
112,,28,貢寮區,41歲,41,41,不相關,0.0,男,東南亞籍人民核准定居,0
112,,28,貢寮區,41歲,41,41,不相關,0.0,男,港澳居民核准定居,0
112,,28,貢寮區,41歲,41,41,不相關,0.0,男,臺灣地區逾12歲未辦出生登記,0
112,,28,貢寮區,42歲,42,42,不相關,0.0,女,中華民國國民入境核准定居,0
112,,28,貢寮區,42歲,42,42,不相關,0.0,女,其他國籍人民核准定居,0
112,,28,貢寮區,42歲,42,42,不相關,0.0,女,大陸地區人民核准定居,0
112,,28,貢寮區,42歲,42,42,不相關,0.0,女,東南亞籍人民核准定居,0
112,,28,貢寮區,42歲,42,42,不相關,0.0,女,港澳居民核准定居,0
112,,28,貢寮區,42歲,42,42,不相關,0.0,女,臺灣地區逾12歲未辦出生登記,0
112,,28,貢寮區,42歲,42,42,不相關,0.0,男,中華民國國民入境核准定居,0
112,,28,貢寮區,42歲,42,42,不相關,0.0,男,其他國籍人民核准定居,0
112,,28,貢寮區,42歲,42,42,不相關,0.0,男,大陸地區人民核准定居,0
112,,28,貢寮區,42歲,42,42,不相關,0.0,男,東南亞籍人民核准定居,0
112,,28,貢寮區,42歲,42,42,不相關,0.0,男,港澳居民核准定居,0
112,,28,貢寮區,42歲,42,42,不相關,0.0,男,臺灣地區逾12歲未辦出生登記,0
112,,28,貢寮區,43歲,43,43,不相關,0.0,女,中華民國國民入境核准定居,0
112,,28,貢寮區,43歲,43,43,不相關,0.0,女,其他國籍人民核准定居,0
112,,28,貢寮區,43歲,43,43,不相關,0.0,女,大陸地區人民核准定居,0
112,,28,貢寮區,43歲,43,43,不相關,0.0,女,東南亞籍人民核准定居,0
112,,28,貢寮區,43歲,43,43,不相關,0.0,女,港澳居民核准定居,1
112,,28,貢寮區,43歲,43,43,不相關,0.0,女,臺灣地區逾12歲未辦出生登記,0
112,,28,貢寮區,43歲,43,43,不相關,0.0,男,中華民國國民入境核准定居,0
112,,28,貢寮區,43歲,43,43,不相關,0.0,男,其他國籍人民核准定居,0
112,,28,貢寮區,43歲,43,43,不相關,0.0,男,大陸地區人民核准定居,0
112,,28,貢寮區,43歲,43,43,不相關,0.0,男,東南亞籍人民核准定居,0
112,,28,貢寮區,43歲,43,43,不相關,0.0,男,港澳居民核准定居,0
112,,28,貢寮區,43歲,43,43,不相關,0.0,男,臺灣地區逾12歲未辦出生登記,0
112,,28,貢寮區,44歲,44,44,不相關,0.0,女,中華民國國民入境核准定居,0
112,,28,貢寮區,44歲,44,44,不相關,0.0,女,其他國籍人民核准定居,0
112,,28,貢寮區,44歲,44,44,不相關,0.0,女,大陸地區人民核准定居,1
112,,28,貢寮區,44歲,44,44,不相關,0.0,女,東南亞籍人民核准定居,0
112,,28,貢寮區,44歲,44,44,不相關,0.0,女,港澳居民核准定居,0
112,,28,貢寮區,44歲,44,44,不相關,0.0,女,臺灣地區逾12歲未辦出生登記,0
112,,28,貢寮區,44歲,44,44,不相關,0.0,男,中華民國國民入境核准定居,0
112,,28,貢寮區,44歲,44,44,不相關,0.0,男,其他國籍人民核准定居,0
112,,28,貢寮區,44歲,44,44,不相關,0.0,男,大陸地區人民核准定居,0
112,,28,貢寮區,44歲,44,44,不相關,0.0,男,東南亞籍人民核准定居,0
112,,28,貢寮區,44歲,44,44,不相關,0.0,男,港澳居民核准定居,0
112,,28,貢寮區,44歲,44,44,不相關,0.0,男,臺灣地區逾12歲未辦出生登記,0
112,,28,貢寮區,45歲,45,45,不相關,0.0,女,中華民國國民入境核准定居,0
112,,28,貢寮區,45歲,45,45,不相關,0.0,女,其他國籍人民核准定居,0
112,,28,貢寮區,45歲,45,45,不相關,0.0,女,大陸地區人民核准定居,0
112,,28,貢寮區,45歲,45,45,不相關,0.0,女,東南亞籍人民核准定居,0
112,,28,貢寮區,45歲,45,45,不相關,0.0,女,港澳居民核准定居,0
112,,28,貢寮區,45歲,45,45,不相關,0.0,女,臺灣地區逾12歲未辦出生登記,0
112,,28,貢寮區,45歲,45,45,不相關,0.0,男,中華民國國民入境核准定居,0
112,,28,貢寮區,45歲,45,45,不相關,0.0,男,其他國籍人民核准定居,0
112,,28,貢寮區,45歲,45,45,不相關,0.0,男,大陸地區人民核准定居,0
112,,28,貢寮區,45歲,45,45,不相關,0.0,男,東南亞籍人民核准定居,0
112,,28,貢寮區,45歲,45,45,不相關,0.0,男,港澳居民核准定居,0
112,,28,貢寮區,45歲,45,45,不相關,0.0,男,臺灣地區逾12歲未辦出生登記,0
112,,28,貢寮區,46歲,46,46,不相關,0.0,女,中華民國國民入境核准定居,0
112,,28,貢寮區,46歲,46,46,不相關,0.0,女,其他國籍人民核准定居,0
112,,28,貢寮區,46歲,46,46,不相關,0.0,女,大陸地區人民核准定居,1
112,,28,貢寮區,46歲,46,46,不相關,0.0,女,東南亞籍人民核准定居,0
112,,28,貢寮區,46歲,46,46,不相關,0.0,女,港澳居民核准定居,0
112,,28,貢寮區,46歲,46,46,不相關,0.0,女,臺灣地區逾12歲未辦出生登記,0
112,,28,貢寮區,46歲,46,46,不相關,0.0,男,中華民國國民入境核准定居,0
112,,28,貢寮區,46歲,46,46,不相關,0.0,男,其他國籍人民核准定居,0
112,,28,貢寮區,46歲,46,46,不相關,0.0,男,大陸地區人民核准定居,0
112,,28,貢寮區,46歲,46,46,不相關,0.0,男,東南亞籍人民核准定居,0
112,,28,貢寮區,46歲,46,46,不相關,0.0,男,港澳居民核准定居,0
112,,28,貢寮區,46歲,46,46,不相關,0.0,男,臺灣地區逾12歲未辦出生登記,0
112,,28,貢寮區,47歲,47,47,不相關,0.0,女,中華民國國民入境核准定居,0
112,,28,貢寮區,47歲,47,47,不相關,0.0,女,其他國籍人民核准定居,0
112,,28,貢寮區,47歲,47,47,不相關,0.0,女,大陸地區人民核准定居,0
112,,28,貢寮區,47歲,47,47,不相關,0.0,女,東南亞籍人民核准定居,0
112,,28,貢寮區,47歲,47,47,不相關,0.0,女,港澳居民核准定居,0
112,,28,貢寮區,47歲,47,47,不相關,0.0,女,臺灣地區逾12歲未辦出生登記,0
112,,28,貢寮區,47歲,47,47,不相關,0.0,男,中華民國國民入境核准定居,0
112,,28,貢寮區,47歲,47,47,不相關,0.0,男,其他國籍人民核准定居,0
112,,28,貢寮區,47歲,47,47,不相關,0.0,男,大陸地區人民核准定居,0
112,,28,貢寮區,47歲,47,47,不相關,0.0,男,東南亞籍人民核准定居,0
112,,28,貢寮區,47歲,47,47,不相關,0.0,男,港澳居民核准定居,0
112,,28,貢寮區,47歲,47,47,不相關,0.0,男,臺灣地區逾12歲未辦出生登記,0
112,,28,貢寮區,48歲,48,48,不相關,0.0,女,中華民國國民入境核准定居,0
112,,28,貢寮區,48歲,48,48,不相關,0.0,女,其他國籍人民核准定居,0
112,,28,貢寮區,48歲,48,48,不相關,0.0,女,大陸地區人民核准定居,0
112,,28,貢寮區,48歲,48,48,不相關,0.0,女,東南亞籍人民核准定居,0
112,,28,貢寮區,48歲,48,48,不相關,0.0,女,港澳居民核准定居,0
112,,28,貢寮區,48歲,48,48,不相關,0.0,女,臺灣地區逾12歲未辦出生登記,0
112,,28,貢寮區,48歲,48,48,不相關,0.0,男,中華民國國民入境核准定居,0
112,,28,貢寮區,48歲,48,48,不相關,0.0,男,其他國籍人民核准定居,0
112,,28,貢寮區,48歲,48,48,不相關,0.0,男,大陸地區人民核准定居,0
112,,28,貢寮區,48歲,48,48,不相關,0.0,男,東南亞籍人民核准定居,0
112,,28,貢寮區,48歲,48,48,不相關,0.0,男,港澳居民核准定居,0
112,,28,貢寮區,48歲,48,48,不相關,0.0,男,臺灣地區逾12歲未辦出生登記,0
112,,28,貢寮區,49歲,49,49,不相關,0.0,女,中華民國國民入境核准定居,0
112,,28,貢寮區,49歲,49,49,不相關,0.0,女,其他國籍人民核准定居,0
112,,28,貢寮區,49歲,49,49,不相關,0.0,女,大陸地區人民核准定居,0
112,,28,貢寮區,49歲,49,49,不相關,0.0,女,東南亞籍人民核准定居,0
112,,28,貢寮區,49歲,49,49,不相關,0.0,女,港澳居民核准定居,0
112,,28,貢寮區,49歲,49,49,不相關,0.0,女,臺灣地區逾12歲未辦出生登記,0
112,,28,貢寮區,49歲,49,49,不相關,0.0,男,中華民國國民入境核准定居,0
112,,28,貢寮區,49歲,49,49,不相關,0.0,男,其他國籍人民核准定居,0
112,,28,貢寮區,49歲,49,49,不相關,0.0,男,大陸地區人民核准定居,0
112,,28,貢寮區,49歲,49,49,不相關,0.0,男,東南亞籍人民核准定居,0
112,,28,貢寮區,49歲,49,49,不相關,0.0,男,港澳居民核准定居,0
112,,28,貢寮區,49歲,49,49,不相關,0.0,男,臺灣地區逾12歲未辦出生登記,0
112,,28,貢寮區,50歲,50,50,不相關,0.0,女,中華民國國民入境核准定居,0
112,,28,貢寮區,50歲,50,50,不相關,0.0,女,其他國籍人民核准定居,0
112,,28,貢寮區,50歲,50,50,不相關,0.0,女,大陸地區人民核准定居,0
112,,28,貢寮區,50歲,50,50,不相關,0.0,女,東南亞籍人民核准定居,0
112,,28,貢寮區,50歲,50,50,不相關,0.0,女,港澳居民核准定居,0
112,,28,貢寮區,50歲,50,50,不相關,0.0,女,臺灣地區逾12歲未辦出生登記,0
112,,28,貢寮區,50歲,50,50,不相關,0.0,男,中華民國國民入境核准定居,0
112,,28,貢寮區,50歲,50,50,不相關,0.0,男,其他國籍人民核准定居,0
112,,28,貢寮區,50歲,50,50,不相關,0.0,男,大陸地區人民核准定居,0
112,,28,貢寮區,50歲,50,50,不相關,0.0,男,東南亞籍人民核准定居,0
112,,28,貢寮區,50歲,50,50,不相關,0.0,男,港澳居民核准定居,0
112,,28,貢寮區,50歲,50,50,不相關,0.0,男,臺灣地區逾12歲未辦出生登記,0
112,,28,貢寮區,51歲,51,51,不相關,0.0,女,中華民國國民入境核准定居,0
112,,28,貢寮區,51歲,51,51,不相關,0.0,女,其他國籍人民核准定居,0
112,,28,貢寮區,51歲,51,51,不相關,0.0,女,大陸地區人民核准定居,0
112,,28,貢寮區,51歲,51,51,不相關,0.0,女,東南亞籍人民核准定居,0
112,,28,貢寮區,51歲,51,51,不相關,0.0,女,港澳居民核准定居,0
112,,28,貢寮區,51歲,51,51,不相關,0.0,女,臺灣地區逾12歲未辦出生登記,0
112,,28,貢寮區,51歲,51,51,不相關,0.0,男,中華民國國民入境核准定居,0
112,,28,貢寮區,51歲,51,51,不相關,0.0,男,其他國籍人民核准定居,0
112,,28,貢寮區,51歲,51,51,不相關,0.0,男,大陸地區人民核准定居,0
112,,28,貢寮區,51歲,51,51,不相關,0.0,男,東南亞籍人民核准定居,0
112,,28,貢寮區,51歲,51,51,不相關,0.0,男,港澳居民核准定居,0
112,,28,貢寮區,51歲,51,51,不相關,0.0,男,臺灣地區逾12歲未辦出生登記,0
112,,28,貢寮區,52歲,52,52,不相關,0.0,女,中華民國國民入境核准定居,0
112,,28,貢寮區,52歲,52,52,不相關,0.0,女,其他國籍人民核准定居,0
112,,28,貢寮區,52歲,52,52,不相關,0.0,女,大陸地區人民核准定居,0
112,,28,貢寮區,52歲,52,52,不相關,0.0,女,東南亞籍人民核准定居,0
112,,28,貢寮區,52歲,52,52,不相關,0.0,女,港澳居民核准定居,0
112,,28,貢寮區,52歲,52,52,不相關,0.0,女,臺灣地區逾12歲未辦出生登記,0
112,,28,貢寮區,52歲,52,52,不相關,0.0,男,中華民國國民入境核准定居,0
112,,28,貢寮區,52歲,52,52,不相關,0.0,男,其他國籍人民核准定居,0
112,,28,貢寮區,52歲,52,52,不相關,0.0,男,大陸地區人民核准定居,0
112,,28,貢寮區,52歲,52,52,不相關,0.0,男,東南亞籍人民核准定居,0
112,,28,貢寮區,52歲,52,52,不相關,0.0,男,港澳居民核准定居,0
112,,28,貢寮區,52歲,52,52,不相關,0.0,男,臺灣地區逾12歲未辦出生登記,0
112,,28,貢寮區,53歲,53,53,不相關,0.0,女,中華民國國民入境核准定居,0
112,,28,貢寮區,53歲,53,53,不相關,0.0,女,其他國籍人民核准定居,0
112,,28,貢寮區,53歲,53,53,不相關,0.0,女,大陸地區人民核准定居,0
112,,28,貢寮區,53歲,53,53,不相關,0.0,女,東南亞籍人民核准定居,0
112,,28,貢寮區,53歲,53,53,不相關,0.0,女,港澳居民核准定居,0
112,,28,貢寮區,53歲,53,53,不相關,0.0,女,臺灣地區逾12歲未辦出生登記,0
112,,28,貢寮區,53歲,53,53,不相關,0.0,男,中華民國國民入境核准定居,0
112,,28,貢寮區,53歲,53,53,不相關,0.0,男,其他國籍人民核准定居,0
112,,28,貢寮區,53歲,53,53,不相關,0.0,男,大陸地區人民核准定居,0
112,,28,貢寮區,53歲,53,53,不相關,0.0,男,東南亞籍人民核准定居,0
112,,28,貢寮區,53歲,53,53,不相關,0.0,男,港澳居民核准定居,0
112,,28,貢寮區,53歲,53,53,不相關,0.0,男,臺灣地區逾12歲未辦出生登記,0
112,,28,貢寮區,54歲,54,54,不相關,0.0,女,中華民國國民入境核准定居,0
112,,28,貢寮區,54歲,54,54,不相關,0.0,女,其他國籍人民核准定居,0
112,,28,貢寮區,54歲,54,54,不相關,0.0,女,大陸地區人民核准定居,0
112,,28,貢寮區,54歲,54,54,不相關,0.0,女,東南亞籍人民核准定居,0
112,,28,貢寮區,54歲,54,54,不相關,0.0,女,港澳居民核准定居,0
112,,28,貢寮區,54歲,54,54,不相關,0.0,女,臺灣地區逾12歲未辦出生登記,0
112,,28,貢寮區,54歲,54,54,不相關,0.0,男,中華民國國民入境核准定居,0
112,,28,貢寮區,54歲,54,54,不相關,0.0,男,其他國籍人民核准定居,0
112,,28,貢寮區,54歲,54,54,不相關,0.0,男,大陸地區人民核准定居,0
112,,28,貢寮區,54歲,54,54,不相關,0.0,男,東南亞籍人民核准定居,0
112,,28,貢寮區,54歲,54,54,不相關,0.0,男,港澳居民核准定居,0
112,,28,貢寮區,54歲,54,54,不相關,0.0,男,臺灣地區逾12歲未辦出生登記,0
112,,28,貢寮區,55歲,55,55,不相關,0.0,女,中華民國國民入境核准定居,0
112,,28,貢寮區,55歲,55,55,不相關,0.0,女,其他國籍人民核准定居,0
112,,28,貢寮區,55歲,55,55,不相關,0.0,女,大陸地區人民核准定居,0
112,,28,貢寮區,55歲,55,55,不相關,0.0,女,東南亞籍人民核准定居,0
112,,28,貢寮區,55歲,55,55,不相關,0.0,女,港澳居民核准定居,0
112,,28,貢寮區,55歲,55,55,不相關,0.0,女,臺灣地區逾12歲未辦出生登記,0
112,,28,貢寮區,55歲,55,55,不相關,0.0,男,中華民國國民入境核准定居,0
112,,28,貢寮區,55歲,55,55,不相關,0.0,男,其他國籍人民核准定居,0
112,,28,貢寮區,55歲,55,55,不相關,0.0,男,大陸地區人民核准定居,0
112,,28,貢寮區,55歲,55,55,不相關,0.0,男,東南亞籍人民核准定居,0
112,,28,貢寮區,55歲,55,55,不相關,0.0,男,港澳居民核准定居,0
112,,28,貢寮區,55歲,55,55,不相關,0.0,男,臺灣地區逾12歲未辦出生登記,0
112,,28,貢寮區,56歲,56,56,不相關,0.0,女,中華民國國民入境核准定居,0
112,,28,貢寮區,56歲,56,56,不相關,0.0,女,其他國籍人民核准定居,0
112,,28,貢寮區,56歲,56,56,不相關,0.0,女,大陸地區人民核准定居,0
112,,28,貢寮區,56歲,56,56,不相關,0.0,女,東南亞籍人民核准定居,0
112,,28,貢寮區,56歲,56,56,不相關,0.0,女,港澳居民核准定居,0
112,,28,貢寮區,56歲,56,56,不相關,0.0,女,臺灣地區逾12歲未辦出生登記,0
112,,28,貢寮區,56歲,56,56,不相關,0.0,男,中華民國國民入境核准定居,0
112,,28,貢寮區,56歲,56,56,不相關,0.0,男,其他國籍人民核准定居,0
112,,28,貢寮區,56歲,56,56,不相關,0.0,男,大陸地區人民核准定居,0
112,,28,貢寮區,56歲,56,56,不相關,0.0,男,東南亞籍人民核准定居,0
112,,28,貢寮區,56歲,56,56,不相關,0.0,男,港澳居民核准定居,0
112,,28,貢寮區,56歲,56,56,不相關,0.0,男,臺灣地區逾12歲未辦出生登記,0
112,,28,貢寮區,57歲,57,57,不相關,0.0,女,中華民國國民入境核准定居,0
112,,28,貢寮區,57歲,57,57,不相關,0.0,女,其他國籍人民核准定居,0
112,,28,貢寮區,57歲,57,57,不相關,0.0,女,大陸地區人民核准定居,0
112,,28,貢寮區,57歲,57,57,不相關,0.0,女,東南亞籍人民核准定居,0
112,,28,貢寮區,57歲,57,57,不相關,0.0,女,港澳居民核准定居,0
112,,28,貢寮區,57歲,57,57,不相關,0.0,女,臺灣地區逾12歲未辦出生登記,0
112,,28,貢寮區,57歲,57,57,不相關,0.0,男,中華民國國民入境核准定居,0
112,,28,貢寮區,57歲,57,57,不相關,0.0,男,其他國籍人民核准定居,0
112,,28,貢寮區,57歲,57,57,不相關,0.0,男,大陸地區人民核准定居,0
112,,28,貢寮區,57歲,57,57,不相關,0.0,男,東南亞籍人民核准定居,0
112,,28,貢寮區,57歲,57,57,不相關,0.0,男,港澳居民核准定居,0
112,,28,貢寮區,57歲,57,57,不相關,0.0,男,臺灣地區逾12歲未辦出生登記,0
112,,28,貢寮區,58歲,58,58,不相關,0.0,女,中華民國國民入境核准定居,0
112,,28,貢寮區,58歲,58,58,不相關,0.0,女,其他國籍人民核准定居,0
112,,28,貢寮區,58歲,58,58,不相關,0.0,女,大陸地區人民核准定居,0
112,,28,貢寮區,58歲,58,58,不相關,0.0,女,東南亞籍人民核准定居,0
112,,28,貢寮區,58歲,58,58,不相關,0.0,女,港澳居民核准定居,0
112,,28,貢寮區,58歲,58,58,不相關,0.0,女,臺灣地區逾12歲未辦出生登記,0
112,,28,貢寮區,58歲,58,58,不相關,0.0,男,中華民國國民入境核准定居,0
112,,28,貢寮區,58歲,58,58,不相關,0.0,男,其他國籍人民核准定居,0
112,,28,貢寮區,58歲,58,58,不相關,0.0,男,大陸地區人民核准定居,0
112,,28,貢寮區,58歲,58,58,不相關,0.0,男,東南亞籍人民核准定居,0
112,,28,貢寮區,58歲,58,58,不相關,0.0,男,港澳居民核准定居,0
112,,28,貢寮區,58歲,58,58,不相關,0.0,男,臺灣地區逾12歲未辦出生登記,0
112,,28,貢寮區,59歲,59,59,不相關,0.0,女,中華民國國民入境核准定居,0
112,,28,貢寮區,59歲,59,59,不相關,0.0,女,其他國籍人民核准定居,0
112,,28,貢寮區,59歲,59,59,不相關,0.0,女,大陸地區人民核准定居,0
112,,28,貢寮區,59歲,59,59,不相關,0.0,女,東南亞籍人民核准定居,0
112,,28,貢寮區,59歲,59,59,不相關,0.0,女,港澳居民核准定居,0
112,,28,貢寮區,59歲,59,59,不相關,0.0,女,臺灣地區逾12歲未辦出生登記,0
112,,28,貢寮區,59歲,59,59,不相關,0.0,男,中華民國國民入境核准定居,0
112,,28,貢寮區,59歲,59,59,不相關,0.0,男,其他國籍人民核准定居,0
112,,28,貢寮區,59歲,59,59,不相關,0.0,男,大陸地區人民核准定居,0
112,,28,貢寮區,59歲,59,59,不相關,0.0,男,東南亞籍人民核准定居,0
112,,28,貢寮區,59歲,59,59,不相關,0.0,男,港澳居民核准定居,0
112,,28,貢寮區,59歲,59,59,不相關,0.0,男,臺灣地區逾12歲未辦出生登記,0
112,,28,貢寮區,60歲,60,60,不相關,0.0,女,中華民國國民入境核准定居,0
112,,28,貢寮區,60歲,60,60,不相關,0.0,女,其他國籍人民核准定居,0
112,,28,貢寮區,60歲,60,60,不相關,0.0,女,大陸地區人民核准定居,0
112,,28,貢寮區,60歲,60,60,不相關,0.0,女,東南亞籍人民核准定居,0
112,,28,貢寮區,60歲,60,60,不相關,0.0,女,港澳居民核准定居,0
112,,28,貢寮區,60歲,60,60,不相關,0.0,女,臺灣地區逾12歲未辦出生登記,0
112,,28,貢寮區,60歲,60,60,不相關,0.0,男,中華民國國民入境核准定居,0
112,,28,貢寮區,60歲,60,60,不相關,0.0,男,其他國籍人民核准定居,0
112,,28,貢寮區,60歲,60,60,不相關,0.0,男,大陸地區人民核准定居,0
112,,28,貢寮區,60歲,60,60,不相關,0.0,男,東南亞籍人民核准定居,0
112,,28,貢寮區,60歲,60,60,不相關,0.0,男,港澳居民核准定居,0
112,,28,貢寮區,60歲,60,60,不相關,0.0,男,臺灣地區逾12歲未辦出生登記,0
112,,28,貢寮區,61歲,61,61,不相關,0.0,女,中華民國國民入境核准定居,0
112,,28,貢寮區,61歲,61,61,不相關,0.0,女,其他國籍人民核准定居,0
112,,28,貢寮區,61歲,61,61,不相關,0.0,女,大陸地區人民核准定居,0
112,,28,貢寮區,61歲,61,61,不相關,0.0,女,東南亞籍人民核准定居,0
112,,28,貢寮區,61歲,61,61,不相關,0.0,女,港澳居民核准定居,0
112,,28,貢寮區,61歲,61,61,不相關,0.0,女,臺灣地區逾12歲未辦出生登記,0
112,,28,貢寮區,61歲,61,61,不相關,0.0,男,中華民國國民入境核准定居,0
112,,28,貢寮區,61歲,61,61,不相關,0.0,男,其他國籍人民核准定居,0
112,,28,貢寮區,61歲,61,61,不相關,0.0,男,大陸地區人民核准定居,0
112,,28,貢寮區,61歲,61,61,不相關,0.0,男,東南亞籍人民核准定居,0
112,,28,貢寮區,61歲,61,61,不相關,0.0,男,港澳居民核准定居,0
112,,28,貢寮區,61歲,61,61,不相關,0.0,男,臺灣地區逾12歲未辦出生登記,0
112,,28,貢寮區,62歲,62,62,不相關,0.0,女,中華民國國民入境核准定居,0
112,,28,貢寮區,62歲,62,62,不相關,0.0,女,其他國籍人民核准定居,0
112,,28,貢寮區,62歲,62,62,不相關,0.0,女,大陸地區人民核准定居,0
112,,28,貢寮區,62歲,62,62,不相關,0.0,女,東南亞籍人民核准定居,0
112,,28,貢寮區,62歲,62,62,不相關,0.0,女,港澳居民核准定居,0
112,,28,貢寮區,62歲,62,62,不相關,0.0,女,臺灣地區逾12歲未辦出生登記,0
112,,28,貢寮區,62歲,62,62,不相關,0.0,男,中華民國國民入境核准定居,0
112,,28,貢寮區,62歲,62,62,不相關,0.0,男,其他國籍人民核准定居,0
112,,28,貢寮區,62歲,62,62,不相關,0.0,男,大陸地區人民核准定居,0
112,,28,貢寮區,62歲,62,62,不相關,0.0,男,東南亞籍人民核准定居,0
112,,28,貢寮區,62歲,62,62,不相關,0.0,男,港澳居民核准定居,0
112,,28,貢寮區,62歲,62,62,不相關,0.0,男,臺灣地區逾12歲未辦出生登記,0
112,,28,貢寮區,63歲,63,63,不相關,0.0,女,中華民國國民入境核准定居,0
112,,28,貢寮區,63歲,63,63,不相關,0.0,女,其他國籍人民核准定居,0
112,,28,貢寮區,63歲,63,63,不相關,0.0,女,大陸地區人民核准定居,0
112,,28,貢寮區,63歲,63,63,不相關,0.0,女,東南亞籍人民核准定居,0
112,,28,貢寮區,63歲,63,63,不相關,0.0,女,港澳居民核准定居,0
112,,28,貢寮區,63歲,63,63,不相關,0.0,女,臺灣地區逾12歲未辦出生登記,0
112,,28,貢寮區,63歲,63,63,不相關,0.0,男,中華民國國民入境核准定居,0
112,,28,貢寮區,63歲,63,63,不相關,0.0,男,其他國籍人民核准定居,0
112,,28,貢寮區,63歲,63,63,不相關,0.0,男,大陸地區人民核准定居,0
112,,28,貢寮區,63歲,63,63,不相關,0.0,男,東南亞籍人民核准定居,0
112,,28,貢寮區,63歲,63,63,不相關,0.0,男,港澳居民核准定居,0
112,,28,貢寮區,63歲,63,63,不相關,0.0,男,臺灣地區逾12歲未辦出生登記,0
112,,28,貢寮區,64歲,64,64,不相關,0.0,女,中華民國國民入境核准定居,0
112,,28,貢寮區,64歲,64,64,不相關,0.0,女,其他國籍人民核准定居,0
112,,28,貢寮區,64歲,64,64,不相關,0.0,女,大陸地區人民核准定居,0
112,,28,貢寮區,64歲,64,64,不相關,0.0,女,東南亞籍人民核准定居,0
112,,28,貢寮區,64歲,64,64,不相關,0.0,女,港澳居民核准定居,0
112,,28,貢寮區,64歲,64,64,不相關,0.0,女,臺灣地區逾12歲未辦出生登記,0
112,,28,貢寮區,64歲,64,64,不相關,0.0,男,中華民國國民入境核准定居,0
112,,28,貢寮區,64歲,64,64,不相關,0.0,男,其他國籍人民核准定居,0
112,,28,貢寮區,64歲,64,64,不相關,0.0,男,大陸地區人民核准定居,0
112,,28,貢寮區,64歲,64,64,不相關,0.0,男,東南亞籍人民核准定居,0
112,,28,貢寮區,64歲,64,64,不相關,0.0,男,港澳居民核准定居,0
112,,28,貢寮區,64歲,64,64,不相關,0.0,男,臺灣地區逾12歲未辦出生登記,0
112,,28,貢寮區,65歲,65,65,不相關,0.0,女,中華民國國民入境核准定居,0
112,,28,貢寮區,65歲,65,65,不相關,0.0,女,其他國籍人民核准定居,0
112,,28,貢寮區,65歲,65,65,不相關,0.0,女,大陸地區人民核准定居,0
112,,28,貢寮區,65歲,65,65,不相關,0.0,女,東南亞籍人民核准定居,0
112,,28,貢寮區,65歲,65,65,不相關,0.0,女,港澳居民核准定居,0
112,,28,貢寮區,65歲,65,65,不相關,0.0,女,臺灣地區逾12歲未辦出生登記,0
112,,28,貢寮區,65歲,65,65,不相關,0.0,男,中華民國國民入境核准定居,0
112,,28,貢寮區,65歲,65,65,不相關,0.0,男,其他國籍人民核准定居,0
112,,28,貢寮區,65歲,65,65,不相關,0.0,男,大陸地區人民核准定居,0
112,,28,貢寮區,65歲,65,65,不相關,0.0,男,東南亞籍人民核准定居,0
112,,28,貢寮區,65歲,65,65,不相關,0.0,男,港澳居民核准定居,0
112,,28,貢寮區,65歲,65,65,不相關,0.0,男,臺灣地區逾12歲未辦出生登記,0
112,,28,貢寮區,66歲,66,66,不相關,0.0,女,中華民國國民入境核准定居,0
112,,28,貢寮區,66歲,66,66,不相關,0.0,女,其他國籍人民核准定居,0
112,,28,貢寮區,66歲,66,66,不相關,0.0,女,大陸地區人民核准定居,0
112,,28,貢寮區,66歲,66,66,不相關,0.0,女,東南亞籍人民核准定居,0
112,,28,貢寮區,66歲,66,66,不相關,0.0,女,港澳居民核准定居,0
112,,28,貢寮區,66歲,66,66,不相關,0.0,女,臺灣地區逾12歲未辦出生登記,0
112,,28,貢寮區,66歲,66,66,不相關,0.0,男,中華民國國民入境核准定居,0
112,,28,貢寮區,66歲,66,66,不相關,0.0,男,其他國籍人民核准定居,0
112,,28,貢寮區,66歲,66,66,不相關,0.0,男,大陸地區人民核准定居,0
112,,28,貢寮區,66歲,66,66,不相關,0.0,男,東南亞籍人民核准定居,0
112,,28,貢寮區,66歲,66,66,不相關,0.0,男,港澳居民核准定居,0
112,,28,貢寮區,66歲,66,66,不相關,0.0,男,臺灣地區逾12歲未辦出生登記,0
112,,28,貢寮區,67歲,67,67,不相關,0.0,女,中華民國國民入境核准定居,0
112,,28,貢寮區,67歲,67,67,不相關,0.0,女,其他國籍人民核准定居,0
112,,28,貢寮區,67歲,67,67,不相關,0.0,女,大陸地區人民核准定居,0
112,,28,貢寮區,67歲,67,67,不相關,0.0,女,東南亞籍人民核准定居,0
112,,28,貢寮區,67歲,67,67,不相關,0.0,女,港澳居民核准定居,0
112,,28,貢寮區,67歲,67,67,不相關,0.0,女,臺灣地區逾12歲未辦出生登記,0
112,,28,貢寮區,67歲,67,67,不相關,0.0,男,中華民國國民入境核准定居,0
112,,28,貢寮區,67歲,67,67,不相關,0.0,男,其他國籍人民核准定居,0
112,,28,貢寮區,67歲,67,67,不相關,0.0,男,大陸地區人民核准定居,0
112,,28,貢寮區,67歲,67,67,不相關,0.0,男,東南亞籍人民核准定居,0
112,,28,貢寮區,67歲,67,67,不相關,0.0,男,港澳居民核准定居,0
112,,28,貢寮區,67歲,67,67,不相關,0.0,男,臺灣地區逾12歲未辦出生登記,0
112,,28,貢寮區,68歲,68,68,不相關,0.0,女,中華民國國民入境核准定居,0
112,,28,貢寮區,68歲,68,68,不相關,0.0,女,其他國籍人民核准定居,0
112,,28,貢寮區,68歲,68,68,不相關,0.0,女,大陸地區人民核准定居,0
112,,28,貢寮區,68歲,68,68,不相關,0.0,女,東南亞籍人民核准定居,0
112,,28,貢寮區,68歲,68,68,不相關,0.0,女,港澳居民核准定居,0
112,,28,貢寮區,68歲,68,68,不相關,0.0,女,臺灣地區逾12歲未辦出生登記,0
112,,28,貢寮區,68歲,68,68,不相關,0.0,男,中華民國國民入境核准定居,0
112,,28,貢寮區,68歲,68,68,不相關,0.0,男,其他國籍人民核准定居,0
112,,28,貢寮區,68歲,68,68,不相關,0.0,男,大陸地區人民核准定居,0
112,,28,貢寮區,68歲,68,68,不相關,0.0,男,東南亞籍人民核准定居,0
112,,28,貢寮區,68歲,68,68,不相關,0.0,男,港澳居民核准定居,0
112,,28,貢寮區,68歲,68,68,不相關,0.0,男,臺灣地區逾12歲未辦出生登記,0
112,,28,貢寮區,69歲,69,69,不相關,0.0,女,中華民國國民入境核准定居,0
112,,28,貢寮區,69歲,69,69,不相關,0.0,女,其他國籍人民核准定居,0
112,,28,貢寮區,69歲,69,69,不相關,0.0,女,大陸地區人民核准定居,0
112,,28,貢寮區,69歲,69,69,不相關,0.0,女,東南亞籍人民核准定居,0
112,,28,貢寮區,69歲,69,69,不相關,0.0,女,港澳居民核准定居,0
112,,28,貢寮區,69歲,69,69,不相關,0.0,女,臺灣地區逾12歲未辦出生登記,0
112,,28,貢寮區,69歲,69,69,不相關,0.0,男,中華民國國民入境核准定居,0
112,,28,貢寮區,69歲,69,69,不相關,0.0,男,其他國籍人民核准定居,0
112,,28,貢寮區,69歲,69,69,不相關,0.0,男,大陸地區人民核准定居,0
112,,28,貢寮區,69歲,69,69,不相關,0.0,男,東南亞籍人民核准定居,0
112,,28,貢寮區,69歲,69,69,不相關,0.0,男,港澳居民核准定居,0
112,,28,貢寮區,69歲,69,69,不相關,0.0,男,臺灣地區逾12歲未辦出生登記,0
112,,28,貢寮區,70歲,70,70,不相關,0.0,女,中華民國國民入境核准定居,0
112,,28,貢寮區,70歲,70,70,不相關,0.0,女,其他國籍人民核准定居,0
112,,28,貢寮區,70歲,70,70,不相關,0.0,女,大陸地區人民核准定居,0
112,,28,貢寮區,70歲,70,70,不相關,0.0,女,東南亞籍人民核准定居,0
112,,28,貢寮區,70歲,70,70,不相關,0.0,女,港澳居民核准定居,0
112,,28,貢寮區,70歲,70,70,不相關,0.0,女,臺灣地區逾12歲未辦出生登記,0
112,,28,貢寮區,70歲,70,70,不相關,0.0,男,中華民國國民入境核准定居,0
112,,28,貢寮區,70歲,70,70,不相關,0.0,男,其他國籍人民核准定居,0
112,,28,貢寮區,70歲,70,70,不相關,0.0,男,大陸地區人民核准定居,0
112,,28,貢寮區,70歲,70,70,不相關,0.0,男,東南亞籍人民核准定居,0
112,,28,貢寮區,70歲,70,70,不相關,0.0,男,港澳居民核准定居,0
112,,28,貢寮區,70歲,70,70,不相關,0.0,男,臺灣地區逾12歲未辦出生登記,0
112,,28,貢寮區,71歲,71,71,不相關,0.0,女,中華民國國民入境核准定居,0
112,,28,貢寮區,71歲,71,71,不相關,0.0,女,其他國籍人民核准定居,0
112,,28,貢寮區,71歲,71,71,不相關,0.0,女,大陸地區人民核准定居,0
112,,28,貢寮區,71歲,71,71,不相關,0.0,女,東南亞籍人民核准定居,0
112,,28,貢寮區,71歲,71,71,不相關,0.0,女,港澳居民核准定居,0
112,,28,貢寮區,71歲,71,71,不相關,0.0,女,臺灣地區逾12歲未辦出生登記,0
112,,28,貢寮區,71歲,71,71,不相關,0.0,男,中華民國國民入境核准定居,0
112,,28,貢寮區,71歲,71,71,不相關,0.0,男,其他國籍人民核准定居,0
112,,28,貢寮區,71歲,71,71,不相關,0.0,男,大陸地區人民核准定居,0
112,,28,貢寮區,71歲,71,71,不相關,0.0,男,東南亞籍人民核准定居,0
112,,28,貢寮區,71歲,71,71,不相關,0.0,男,港澳居民核准定居,0
112,,28,貢寮區,71歲,71,71,不相關,0.0,男,臺灣地區逾12歲未辦出生登記,0
112,,28,貢寮區,72歲,72,72,不相關,0.0,女,中華民國國民入境核准定居,0
112,,28,貢寮區,72歲,72,72,不相關,0.0,女,其他國籍人民核准定居,0
112,,28,貢寮區,72歲,72,72,不相關,0.0,女,大陸地區人民核准定居,0
112,,28,貢寮區,72歲,72,72,不相關,0.0,女,東南亞籍人民核准定居,0
112,,28,貢寮區,72歲,72,72,不相關,0.0,女,港澳居民核准定居,0
112,,28,貢寮區,72歲,72,72,不相關,0.0,女,臺灣地區逾12歲未辦出生登記,0
112,,28,貢寮區,72歲,72,72,不相關,0.0,男,中華民國國民入境核准定居,0
112,,28,貢寮區,72歲,72,72,不相關,0.0,男,其他國籍人民核准定居,0
112,,28,貢寮區,72歲,72,72,不相關,0.0,男,大陸地區人民核准定居,0
112,,28,貢寮區,72歲,72,72,不相關,0.0,男,東南亞籍人民核准定居,0
112,,28,貢寮區,72歲,72,72,不相關,0.0,男,港澳居民核准定居,0
112,,28,貢寮區,72歲,72,72,不相關,0.0,男,臺灣地區逾12歲未辦出生登記,0
112,,28,貢寮區,73歲,73,73,不相關,0.0,女,中華民國國民入境核准定居,0
112,,28,貢寮區,73歲,73,73,不相關,0.0,女,其他國籍人民核准定居,0
112,,28,貢寮區,73歲,73,73,不相關,0.0,女,大陸地區人民核准定居,0
112,,28,貢寮區,73歲,73,73,不相關,0.0,女,東南亞籍人民核准定居,0
112,,28,貢寮區,73歲,73,73,不相關,0.0,女,港澳居民核准定居,0
112,,28,貢寮區,73歲,73,73,不相關,0.0,女,臺灣地區逾12歲未辦出生登記,0
112,,28,貢寮區,73歲,73,73,不相關,0.0,男,中華民國國民入境核准定居,0
112,,28,貢寮區,73歲,73,73,不相關,0.0,男,其他國籍人民核准定居,0
112,,28,貢寮區,73歲,73,73,不相關,0.0,男,大陸地區人民核准定居,0
112,,28,貢寮區,73歲,73,73,不相關,0.0,男,東南亞籍人民核准定居,0
112,,28,貢寮區,73歲,73,73,不相關,0.0,男,港澳居民核准定居,0
112,,28,貢寮區,73歲,73,73,不相關,0.0,男,臺灣地區逾12歲未辦出生登記,0
112,,28,貢寮區,74歲,74,74,不相關,0.0,女,中華民國國民入境核准定居,0
112,,28,貢寮區,74歲,74,74,不相關,0.0,女,其他國籍人民核准定居,0
112,,28,貢寮區,74歲,74,74,不相關,0.0,女,大陸地區人民核准定居,0
112,,28,貢寮區,74歲,74,74,不相關,0.0,女,東南亞籍人民核准定居,0
112,,28,貢寮區,74歲,74,74,不相關,0.0,女,港澳居民核准定居,0
112,,28,貢寮區,74歲,74,74,不相關,0.0,女,臺灣地區逾12歲未辦出生登記,0
112,,28,貢寮區,74歲,74,74,不相關,0.0,男,中華民國國民入境核准定居,0
112,,28,貢寮區,74歲,74,74,不相關,0.0,男,其他國籍人民核准定居,0
112,,28,貢寮區,74歲,74,74,不相關,0.0,男,大陸地區人民核准定居,0
112,,28,貢寮區,74歲,74,74,不相關,0.0,男,東南亞籍人民核准定居,0
112,,28,貢寮區,74歲,74,74,不相關,0.0,男,港澳居民核准定居,0
112,,28,貢寮區,74歲,74,74,不相關,0.0,男,臺灣地區逾12歲未辦出生登記,0
112,,28,貢寮區,75歲,75,75,不相關,0.0,女,中華民國國民入境核准定居,0
112,,28,貢寮區,75歲,75,75,不相關,0.0,女,其他國籍人民核准定居,0
112,,28,貢寮區,75歲,75,75,不相關,0.0,女,大陸地區人民核准定居,0
112,,28,貢寮區,75歲,75,75,不相關,0.0,女,東南亞籍人民核准定居,0
112,,28,貢寮區,75歲,75,75,不相關,0.0,女,港澳居民核准定居,0
112,,28,貢寮區,75歲,75,75,不相關,0.0,女,臺灣地區逾12歲未辦出生登記,0
112,,28,貢寮區,75歲,75,75,不相關,0.0,男,中華民國國民入境核准定居,0
112,,28,貢寮區,75歲,75,75,不相關,0.0,男,其他國籍人民核准定居,0
112,,28,貢寮區,75歲,75,75,不相關,0.0,男,大陸地區人民核准定居,0
112,,28,貢寮區,75歲,75,75,不相關,0.0,男,東南亞籍人民核准定居,0
112,,28,貢寮區,75歲,75,75,不相關,0.0,男,港澳居民核准定居,0
112,,28,貢寮區,75歲,75,75,不相關,0.0,男,臺灣地區逾12歲未辦出生登記,0
112,,28,貢寮區,76歲,76,76,不相關,0.0,女,中華民國國民入境核准定居,0
112,,28,貢寮區,76歲,76,76,不相關,0.0,女,其他國籍人民核准定居,0
112,,28,貢寮區,76歲,76,76,不相關,0.0,女,大陸地區人民核准定居,0
112,,28,貢寮區,76歲,76,76,不相關,0.0,女,東南亞籍人民核准定居,0
112,,28,貢寮區,76歲,76,76,不相關,0.0,女,港澳居民核准定居,0
112,,28,貢寮區,76歲,76,76,不相關,0.0,女,臺灣地區逾12歲未辦出生登記,0
112,,28,貢寮區,76歲,76,76,不相關,0.0,男,中華民國國民入境核准定居,0
112,,28,貢寮區,76歲,76,76,不相關,0.0,男,其他國籍人民核准定居,0
112,,28,貢寮區,76歲,76,76,不相關,0.0,男,大陸地區人民核准定居,0
112,,28,貢寮區,76歲,76,76,不相關,0.0,男,東南亞籍人民核准定居,0
112,,28,貢寮區,76歲,76,76,不相關,0.0,男,港澳居民核准定居,0
112,,28,貢寮區,76歲,76,76,不相關,0.0,男,臺灣地區逾12歲未辦出生登記,0
112,,28,貢寮區,77歲,77,77,不相關,0.0,女,中華民國國民入境核准定居,0
112,,28,貢寮區,77歲,77,77,不相關,0.0,女,其他國籍人民核准定居,0
112,,28,貢寮區,77歲,77,77,不相關,0.0,女,大陸地區人民核准定居,0
112,,28,貢寮區,77歲,77,77,不相關,0.0,女,東南亞籍人民核准定居,0
112,,28,貢寮區,77歲,77,77,不相關,0.0,女,港澳居民核准定居,0
112,,28,貢寮區,77歲,77,77,不相關,0.0,女,臺灣地區逾12歲未辦出生登記,0
112,,28,貢寮區,77歲,77,77,不相關,0.0,男,中華民國國民入境核准定居,0
112,,28,貢寮區,77歲,77,77,不相關,0.0,男,其他國籍人民核准定居,0
112,,28,貢寮區,77歲,77,77,不相關,0.0,男,大陸地區人民核准定居,0
112,,28,貢寮區,77歲,77,77,不相關,0.0,男,東南亞籍人民核准定居,0
112,,28,貢寮區,77歲,77,77,不相關,0.0,男,港澳居民核准定居,0
112,,28,貢寮區,77歲,77,77,不相關,0.0,男,臺灣地區逾12歲未辦出生登記,0
112,,28,貢寮區,78歲,78,78,不相關,0.0,女,中華民國國民入境核准定居,0
112,,28,貢寮區,78歲,78,78,不相關,0.0,女,其他國籍人民核准定居,0
112,,28,貢寮區,78歲,78,78,不相關,0.0,女,大陸地區人民核准定居,0
112,,28,貢寮區,78歲,78,78,不相關,0.0,女,東南亞籍人民核准定居,0
112,,28,貢寮區,78歲,78,78,不相關,0.0,女,港澳居民核准定居,0
112,,28,貢寮區,78歲,78,78,不相關,0.0,女,臺灣地區逾12歲未辦出生登記,0
112,,28,貢寮區,78歲,78,78,不相關,0.0,男,中華民國國民入境核准定居,0
112,,28,貢寮區,78歲,78,78,不相關,0.0,男,其他國籍人民核准定居,0
112,,28,貢寮區,78歲,78,78,不相關,0.0,男,大陸地區人民核准定居,0
112,,28,貢寮區,78歲,78,78,不相關,0.0,男,東南亞籍人民核准定居,0
112,,28,貢寮區,78歲,78,78,不相關,0.0,男,港澳居民核准定居,0
112,,28,貢寮區,78歲,78,78,不相關,0.0,男,臺灣地區逾12歲未辦出生登記,0
112,,28,貢寮區,79歲,79,79,不相關,0.0,女,中華民國國民入境核准定居,0
112,,28,貢寮區,79歲,79,79,不相關,0.0,女,其他國籍人民核准定居,0
112,,28,貢寮區,79歲,79,79,不相關,0.0,女,大陸地區人民核准定居,0
112,,28,貢寮區,79歲,79,79,不相關,0.0,女,東南亞籍人民核准定居,0
112,,28,貢寮區,79歲,79,79,不相關,0.0,女,港澳居民核准定居,0
112,,28,貢寮區,79歲,79,79,不相關,0.0,女,臺灣地區逾12歲未辦出生登記,0
112,,28,貢寮區,79歲,79,79,不相關,0.0,男,中華民國國民入境核准定居,0
112,,28,貢寮區,79歲,79,79,不相關,0.0,男,其他國籍人民核准定居,0
112,,28,貢寮區,79歲,79,79,不相關,0.0,男,大陸地區人民核准定居,0
112,,28,貢寮區,79歲,79,79,不相關,0.0,男,東南亞籍人民核准定居,0
112,,28,貢寮區,79歲,79,79,不相關,0.0,男,港澳居民核准定居,0
112,,28,貢寮區,79歲,79,79,不相關,0.0,男,臺灣地區逾12歲未辦出生登記,0
112,,28,貢寮區,80歲,80,80,不相關,0.0,女,中華民國國民入境核准定居,0
112,,28,貢寮區,80歲,80,80,不相關,0.0,女,其他國籍人民核准定居,0
112,,28,貢寮區,80歲,80,80,不相關,0.0,女,大陸地區人民核准定居,0
112,,28,貢寮區,80歲,80,80,不相關,0.0,女,東南亞籍人民核准定居,0
112,,28,貢寮區,80歲,80,80,不相關,0.0,女,港澳居民核准定居,0
112,,28,貢寮區,80歲,80,80,不相關,0.0,女,臺灣地區逾12歲未辦出生登記,0
112,,28,貢寮區,80歲,80,80,不相關,0.0,男,中華民國國民入境核准定居,0
112,,28,貢寮區,80歲,80,80,不相關,0.0,男,其他國籍人民核准定居,0
112,,28,貢寮區,80歲,80,80,不相關,0.0,男,大陸地區人民核准定居,0
112,,28,貢寮區,80歲,80,80,不相關,0.0,男,東南亞籍人民核准定居,0
112,,28,貢寮區,80歲,80,80,不相關,0.0,男,港澳居民核准定居,0
112,,28,貢寮區,80歲,80,80,不相關,0.0,男,臺灣地區逾12歲未辦出生登記,0
112,,28,貢寮區,81歲,81,81,不相關,0.0,女,中華民國國民入境核准定居,0
112,,28,貢寮區,81歲,81,81,不相關,0.0,女,其他國籍人民核准定居,0
112,,28,貢寮區,81歲,81,81,不相關,0.0,女,大陸地區人民核准定居,0
112,,28,貢寮區,81歲,81,81,不相關,0.0,女,東南亞籍人民核准定居,0
112,,28,貢寮區,81歲,81,81,不相關,0.0,女,港澳居民核准定居,0
112,,28,貢寮區,81歲,81,81,不相關,0.0,女,臺灣地區逾12歲未辦出生登記,0
112,,28,貢寮區,81歲,81,81,不相關,0.0,男,中華民國國民入境核准定居,0
112,,28,貢寮區,81歲,81,81,不相關,0.0,男,其他國籍人民核准定居,0
112,,28,貢寮區,81歲,81,81,不相關,0.0,男,大陸地區人民核准定居,0
112,,28,貢寮區,81歲,81,81,不相關,0.0,男,東南亞籍人民核准定居,0
112,,28,貢寮區,81歲,81,81,不相關,0.0,男,港澳居民核准定居,0
112,,28,貢寮區,81歲,81,81,不相關,0.0,男,臺灣地區逾12歲未辦出生登記,0
112,,28,貢寮區,82歲,82,82,不相關,0.0,女,中華民國國民入境核准定居,0
112,,28,貢寮區,82歲,82,82,不相關,0.0,女,其他國籍人民核准定居,0
112,,28,貢寮區,82歲,82,82,不相關,0.0,女,大陸地區人民核准定居,0
112,,28,貢寮區,82歲,82,82,不相關,0.0,女,東南亞籍人民核准定居,0
112,,28,貢寮區,82歲,82,82,不相關,0.0,女,港澳居民核准定居,0
112,,28,貢寮區,82歲,82,82,不相關,0.0,女,臺灣地區逾12歲未辦出生登記,0
112,,28,貢寮區,82歲,82,82,不相關,0.0,男,中華民國國民入境核准定居,0
112,,28,貢寮區,82歲,82,82,不相關,0.0,男,其他國籍人民核准定居,0
112,,28,貢寮區,82歲,82,82,不相關,0.0,男,大陸地區人民核准定居,0
112,,28,貢寮區,82歲,82,82,不相關,0.0,男,東南亞籍人民核准定居,0
112,,28,貢寮區,82歲,82,82,不相關,0.0,男,港澳居民核准定居,0
112,,28,貢寮區,82歲,82,82,不相關,0.0,男,臺灣地區逾12歲未辦出生登記,0
112,,28,貢寮區,83歲,83,83,不相關,0.0,女,中華民國國民入境核准定居,0
112,,28,貢寮區,83歲,83,83,不相關,0.0,女,其他國籍人民核准定居,0
112,,28,貢寮區,83歲,83,83,不相關,0.0,女,大陸地區人民核准定居,0
112,,28,貢寮區,83歲,83,83,不相關,0.0,女,東南亞籍人民核准定居,0
112,,28,貢寮區,83歲,83,83,不相關,0.0,女,港澳居民核准定居,0
112,,28,貢寮區,83歲,83,83,不相關,0.0,女,臺灣地區逾12歲未辦出生登記,0
112,,28,貢寮區,83歲,83,83,不相關,0.0,男,中華民國國民入境核准定居,0
112,,28,貢寮區,83歲,83,83,不相關,0.0,男,其他國籍人民核准定居,0
112,,28,貢寮區,83歲,83,83,不相關,0.0,男,大陸地區人民核准定居,0
112,,28,貢寮區,83歲,83,83,不相關,0.0,男,東南亞籍人民核准定居,0
112,,28,貢寮區,83歲,83,83,不相關,0.0,男,港澳居民核准定居,0
112,,28,貢寮區,83歲,83,83,不相關,0.0,男,臺灣地區逾12歲未辦出生登記,0
112,,28,貢寮區,84歲,84,84,不相關,0.0,女,中華民國國民入境核准定居,0
112,,28,貢寮區,84歲,84,84,不相關,0.0,女,其他國籍人民核准定居,0
112,,28,貢寮區,84歲,84,84,不相關,0.0,女,大陸地區人民核准定居,0
112,,28,貢寮區,84歲,84,84,不相關,0.0,女,東南亞籍人民核准定居,0
112,,28,貢寮區,84歲,84,84,不相關,0.0,女,港澳居民核准定居,0
112,,28,貢寮區,84歲,84,84,不相關,0.0,女,臺灣地區逾12歲未辦出生登記,0
112,,28,貢寮區,84歲,84,84,不相關,0.0,男,中華民國國民入境核准定居,0
112,,28,貢寮區,84歲,84,84,不相關,0.0,男,其他國籍人民核准定居,0
112,,28,貢寮區,84歲,84,84,不相關,0.0,男,大陸地區人民核准定居,0
112,,28,貢寮區,84歲,84,84,不相關,0.0,男,東南亞籍人民核准定居,0
112,,28,貢寮區,84歲,84,84,不相關,0.0,男,港澳居民核准定居,0
112,,28,貢寮區,84歲,84,84,不相關,0.0,男,臺灣地區逾12歲未辦出生登記,0
112,,28,貢寮區,85歲,85,85,不相關,0.0,女,中華民國國民入境核准定居,0
112,,28,貢寮區,85歲,85,85,不相關,0.0,女,其他國籍人民核准定居,0
112,,28,貢寮區,85歲,85,85,不相關,0.0,女,大陸地區人民核准定居,0
112,,28,貢寮區,85歲,85,85,不相關,0.0,女,東南亞籍人民核准定居,0
112,,28,貢寮區,85歲,85,85,不相關,0.0,女,港澳居民核准定居,0
112,,28,貢寮區,85歲,85,85,不相關,0.0,女,臺灣地區逾12歲未辦出生登記,0
112,,28,貢寮區,85歲,85,85,不相關,0.0,男,中華民國國民入境核准定居,0
112,,28,貢寮區,85歲,85,85,不相關,0.0,男,其他國籍人民核准定居,0
112,,28,貢寮區,85歲,85,85,不相關,0.0,男,大陸地區人民核准定居,0
112,,28,貢寮區,85歲,85,85,不相關,0.0,男,東南亞籍人民核准定居,0
112,,28,貢寮區,85歲,85,85,不相關,0.0,男,港澳居民核准定居,0
112,,28,貢寮區,85歲,85,85,不相關,0.0,男,臺灣地區逾12歲未辦出生登記,0
112,,28,貢寮區,86歲,86,86,不相關,0.0,女,中華民國國民入境核准定居,0
112,,28,貢寮區,86歲,86,86,不相關,0.0,女,其他國籍人民核准定居,0
112,,28,貢寮區,86歲,86,86,不相關,0.0,女,大陸地區人民核准定居,0
112,,28,貢寮區,86歲,86,86,不相關,0.0,女,東南亞籍人民核准定居,0
112,,28,貢寮區,86歲,86,86,不相關,0.0,女,港澳居民核准定居,0
112,,28,貢寮區,86歲,86,86,不相關,0.0,女,臺灣地區逾12歲未辦出生登記,0
112,,28,貢寮區,86歲,86,86,不相關,0.0,男,中華民國國民入境核准定居,0
112,,28,貢寮區,86歲,86,86,不相關,0.0,男,其他國籍人民核准定居,0
112,,28,貢寮區,86歲,86,86,不相關,0.0,男,大陸地區人民核准定居,0
112,,28,貢寮區,86歲,86,86,不相關,0.0,男,東南亞籍人民核准定居,0
112,,28,貢寮區,86歲,86,86,不相關,0.0,男,港澳居民核准定居,0
112,,28,貢寮區,86歲,86,86,不相關,0.0,男,臺灣地區逾12歲未辦出生登記,0
112,,28,貢寮區,87歲,87,87,不相關,0.0,女,中華民國國民入境核准定居,0
112,,28,貢寮區,87歲,87,87,不相關,0.0,女,其他國籍人民核准定居,0
112,,28,貢寮區,87歲,87,87,不相關,0.0,女,大陸地區人民核准定居,0
112,,28,貢寮區,87歲,87,87,不相關,0.0,女,東南亞籍人民核准定居,0
112,,28,貢寮區,87歲,87,87,不相關,0.0,女,港澳居民核准定居,0
112,,28,貢寮區,87歲,87,87,不相關,0.0,女,臺灣地區逾12歲未辦出生登記,0
112,,28,貢寮區,87歲,87,87,不相關,0.0,男,中華民國國民入境核准定居,0
112,,28,貢寮區,87歲,87,87,不相關,0.0,男,其他國籍人民核准定居,0
112,,28,貢寮區,87歲,87,87,不相關,0.0,男,大陸地區人民核准定居,0
112,,28,貢寮區,87歲,87,87,不相關,0.0,男,東南亞籍人民核准定居,0
112,,28,貢寮區,87歲,87,87,不相關,0.0,男,港澳居民核准定居,0
112,,28,貢寮區,87歲,87,87,不相關,0.0,男,臺灣地區逾12歲未辦出生登記,0
112,,28,貢寮區,88歲,88,88,不相關,0.0,女,中華民國國民入境核准定居,0
112,,28,貢寮區,88歲,88,88,不相關,0.0,女,其他國籍人民核准定居,0
112,,28,貢寮區,88歲,88,88,不相關,0.0,女,大陸地區人民核准定居,0
112,,28,貢寮區,88歲,88,88,不相關,0.0,女,東南亞籍人民核准定居,0
112,,28,貢寮區,88歲,88,88,不相關,0.0,女,港澳居民核准定居,0
112,,28,貢寮區,88歲,88,88,不相關,0.0,女,臺灣地區逾12歲未辦出生登記,0
112,,28,貢寮區,88歲,88,88,不相關,0.0,男,中華民國國民入境核准定居,0
112,,28,貢寮區,88歲,88,88,不相關,0.0,男,其他國籍人民核准定居,0
112,,28,貢寮區,88歲,88,88,不相關,0.0,男,大陸地區人民核准定居,0
112,,28,貢寮區,88歲,88,88,不相關,0.0,男,東南亞籍人民核准定居,0
112,,28,貢寮區,88歲,88,88,不相關,0.0,男,港澳居民核准定居,0
112,,28,貢寮區,88歲,88,88,不相關,0.0,男,臺灣地區逾12歲未辦出生登記,0
112,,28,貢寮區,89歲,89,89,不相關,0.0,女,中華民國國民入境核准定居,0
112,,28,貢寮區,89歲,89,89,不相關,0.0,女,其他國籍人民核准定居,0
112,,28,貢寮區,89歲,89,89,不相關,0.0,女,大陸地區人民核准定居,0
112,,28,貢寮區,89歲,89,89,不相關,0.0,女,東南亞籍人民核准定居,0
112,,28,貢寮區,89歲,89,89,不相關,0.0,女,港澳居民核准定居,0
112,,28,貢寮區,89歲,89,89,不相關,0.0,女,臺灣地區逾12歲未辦出生登記,0
112,,28,貢寮區,89歲,89,89,不相關,0.0,男,中華民國國民入境核准定居,0
112,,28,貢寮區,89歲,89,89,不相關,0.0,男,其他國籍人民核准定居,0
112,,28,貢寮區,89歲,89,89,不相關,0.0,男,大陸地區人民核准定居,0
112,,28,貢寮區,89歲,89,89,不相關,0.0,男,東南亞籍人民核准定居,0
112,,28,貢寮區,89歲,89,89,不相關,0.0,男,港澳居民核准定居,0
112,,28,貢寮區,89歲,89,89,不相關,0.0,男,臺灣地區逾12歲未辦出生登記,0
112,,28,貢寮區,90歲,90,90,不相關,0.0,女,中華民國國民入境核准定居,0
112,,28,貢寮區,90歲,90,90,不相關,0.0,女,其他國籍人民核准定居,0
112,,28,貢寮區,90歲,90,90,不相關,0.0,女,大陸地區人民核准定居,0
112,,28,貢寮區,90歲,90,90,不相關,0.0,女,東南亞籍人民核准定居,0
112,,28,貢寮區,90歲,90,90,不相關,0.0,女,港澳居民核准定居,0
112,,28,貢寮區,90歲,90,90,不相關,0.0,女,臺灣地區逾12歲未辦出生登記,0
112,,28,貢寮區,90歲,90,90,不相關,0.0,男,中華民國國民入境核准定居,0
112,,28,貢寮區,90歲,90,90,不相關,0.0,男,其他國籍人民核准定居,0
112,,28,貢寮區,90歲,90,90,不相關,0.0,男,大陸地區人民核准定居,0
112,,28,貢寮區,90歲,90,90,不相關,0.0,男,東南亞籍人民核准定居,0
112,,28,貢寮區,90歲,90,90,不相關,0.0,男,港澳居民核准定居,0
112,,28,貢寮區,90歲,90,90,不相關,0.0,男,臺灣地區逾12歲未辦出生登記,0
112,,28,貢寮區,91歲,91,91,不相關,0.0,女,中華民國國民入境核准定居,0
112,,28,貢寮區,91歲,91,91,不相關,0.0,女,其他國籍人民核准定居,0
112,,28,貢寮區,91歲,91,91,不相關,0.0,女,大陸地區人民核准定居,0
112,,28,貢寮區,91歲,91,91,不相關,0.0,女,東南亞籍人民核准定居,0
112,,28,貢寮區,91歲,91,91,不相關,0.0,女,港澳居民核准定居,0
112,,28,貢寮區,91歲,91,91,不相關,0.0,女,臺灣地區逾12歲未辦出生登記,0
112,,28,貢寮區,91歲,91,91,不相關,0.0,男,中華民國國民入境核准定居,0
112,,28,貢寮區,91歲,91,91,不相關,0.0,男,其他國籍人民核准定居,0
112,,28,貢寮區,91歲,91,91,不相關,0.0,男,大陸地區人民核准定居,0
112,,28,貢寮區,91歲,91,91,不相關,0.0,男,東南亞籍人民核准定居,0
112,,28,貢寮區,91歲,91,91,不相關,0.0,男,港澳居民核准定居,0
112,,28,貢寮區,91歲,91,91,不相關,0.0,男,臺灣地區逾12歲未辦出生登記,0
112,,28,貢寮區,92歲,92,92,不相關,0.0,女,中華民國國民入境核准定居,0
112,,28,貢寮區,92歲,92,92,不相關,0.0,女,其他國籍人民核准定居,0
112,,28,貢寮區,92歲,92,92,不相關,0.0,女,大陸地區人民核准定居,0
112,,28,貢寮區,92歲,92,92,不相關,0.0,女,東南亞籍人民核准定居,0
112,,28,貢寮區,92歲,92,92,不相關,0.0,女,港澳居民核准定居,0
112,,28,貢寮區,92歲,92,92,不相關,0.0,女,臺灣地區逾12歲未辦出生登記,0
112,,28,貢寮區,92歲,92,92,不相關,0.0,男,中華民國國民入境核准定居,0
112,,28,貢寮區,92歲,92,92,不相關,0.0,男,其他國籍人民核准定居,0
112,,28,貢寮區,92歲,92,92,不相關,0.0,男,大陸地區人民核准定居,0
112,,28,貢寮區,92歲,92,92,不相關,0.0,男,東南亞籍人民核准定居,0
112,,28,貢寮區,92歲,92,92,不相關,0.0,男,港澳居民核准定居,0
112,,28,貢寮區,92歲,92,92,不相關,0.0,男,臺灣地區逾12歲未辦出生登記,0
112,,28,貢寮區,93歲,93,93,不相關,0.0,女,中華民國國民入境核准定居,0
112,,28,貢寮區,93歲,93,93,不相關,0.0,女,其他國籍人民核准定居,0
112,,28,貢寮區,93歲,93,93,不相關,0.0,女,大陸地區人民核准定居,0
112,,28,貢寮區,93歲,93,93,不相關,0.0,女,東南亞籍人民核准定居,0
112,,28,貢寮區,93歲,93,93,不相關,0.0,女,港澳居民核准定居,0
112,,28,貢寮區,93歲,93,93,不相關,0.0,女,臺灣地區逾12歲未辦出生登記,0
112,,28,貢寮區,93歲,93,93,不相關,0.0,男,中華民國國民入境核准定居,0
112,,28,貢寮區,93歲,93,93,不相關,0.0,男,其他國籍人民核准定居,0
112,,28,貢寮區,93歲,93,93,不相關,0.0,男,大陸地區人民核准定居,0
112,,28,貢寮區,93歲,93,93,不相關,0.0,男,東南亞籍人民核准定居,0
112,,28,貢寮區,93歲,93,93,不相關,0.0,男,港澳居民核准定居,0
112,,28,貢寮區,93歲,93,93,不相關,0.0,男,臺灣地區逾12歲未辦出生登記,0
112,,28,貢寮區,94歲,94,94,不相關,0.0,女,中華民國國民入境核准定居,0
112,,28,貢寮區,94歲,94,94,不相關,0.0,女,其他國籍人民核准定居,0
112,,28,貢寮區,94歲,94,94,不相關,0.0,女,大陸地區人民核准定居,0
112,,28,貢寮區,94歲,94,94,不相關,0.0,女,東南亞籍人民核准定居,0
112,,28,貢寮區,94歲,94,94,不相關,0.0,女,港澳居民核准定居,0
112,,28,貢寮區,94歲,94,94,不相關,0.0,女,臺灣地區逾12歲未辦出生登記,0
112,,28,貢寮區,94歲,94,94,不相關,0.0,男,中華民國國民入境核准定居,0
112,,28,貢寮區,94歲,94,94,不相關,0.0,男,其他國籍人民核准定居,0
112,,28,貢寮區,94歲,94,94,不相關,0.0,男,大陸地區人民核准定居,0
112,,28,貢寮區,94歲,94,94,不相關,0.0,男,東南亞籍人民核准定居,0
112,,28,貢寮區,94歲,94,94,不相關,0.0,男,港澳居民核准定居,0
112,,28,貢寮區,94歲,94,94,不相關,0.0,男,臺灣地區逾12歲未辦出生登記,0
112,,28,貢寮區,95歲,95,95,不相關,0.0,女,中華民國國民入境核准定居,0
112,,28,貢寮區,95歲,95,95,不相關,0.0,女,其他國籍人民核准定居,0
112,,28,貢寮區,95歲,95,95,不相關,0.0,女,大陸地區人民核准定居,0
112,,28,貢寮區,95歲,95,95,不相關,0.0,女,東南亞籍人民核准定居,0
112,,28,貢寮區,95歲,95,95,不相關,0.0,女,港澳居民核准定居,0
112,,28,貢寮區,95歲,95,95,不相關,0.0,女,臺灣地區逾12歲未辦出生登記,0
112,,28,貢寮區,95歲,95,95,不相關,0.0,男,中華民國國民入境核准定居,0
112,,28,貢寮區,95歲,95,95,不相關,0.0,男,其他國籍人民核准定居,0
112,,28,貢寮區,95歲,95,95,不相關,0.0,男,大陸地區人民核准定居,0
112,,28,貢寮區,95歲,95,95,不相關,0.0,男,東南亞籍人民核准定居,0
112,,28,貢寮區,95歲,95,95,不相關,0.0,男,港澳居民核准定居,0
112,,28,貢寮區,95歲,95,95,不相關,0.0,男,臺灣地區逾12歲未辦出生登記,0
112,,28,貢寮區,96歲,96,96,不相關,0.0,女,中華民國國民入境核准定居,0
112,,28,貢寮區,96歲,96,96,不相關,0.0,女,其他國籍人民核准定居,0
112,,28,貢寮區,96歲,96,96,不相關,0.0,女,大陸地區人民核准定居,0
112,,28,貢寮區,96歲,96,96,不相關,0.0,女,東南亞籍人民核准定居,0
112,,28,貢寮區,96歲,96,96,不相關,0.0,女,港澳居民核准定居,0
112,,28,貢寮區,96歲,96,96,不相關,0.0,女,臺灣地區逾12歲未辦出生登記,0
112,,28,貢寮區,96歲,96,96,不相關,0.0,男,中華民國國民入境核准定居,0
112,,28,貢寮區,96歲,96,96,不相關,0.0,男,其他國籍人民核准定居,0
112,,28,貢寮區,96歲,96,96,不相關,0.0,男,大陸地區人民核准定居,0
112,,28,貢寮區,96歲,96,96,不相關,0.0,男,東南亞籍人民核准定居,0
112,,28,貢寮區,96歲,96,96,不相關,0.0,男,港澳居民核准定居,0
112,,28,貢寮區,96歲,96,96,不相關,0.0,男,臺灣地區逾12歲未辦出生登記,0
112,,28,貢寮區,97歲,97,97,不相關,0.0,女,中華民國國民入境核准定居,0
112,,28,貢寮區,97歲,97,97,不相關,0.0,女,其他國籍人民核准定居,0
112,,28,貢寮區,97歲,97,97,不相關,0.0,女,大陸地區人民核准定居,0
112,,28,貢寮區,97歲,97,97,不相關,0.0,女,東南亞籍人民核准定居,0
112,,28,貢寮區,97歲,97,97,不相關,0.0,女,港澳居民核准定居,0
112,,28,貢寮區,97歲,97,97,不相關,0.0,女,臺灣地區逾12歲未辦出生登記,0
112,,28,貢寮區,97歲,97,97,不相關,0.0,男,中華民國國民入境核准定居,0
112,,28,貢寮區,97歲,97,97,不相關,0.0,男,其他國籍人民核准定居,0
112,,28,貢寮區,97歲,97,97,不相關,0.0,男,大陸地區人民核准定居,0
112,,28,貢寮區,97歲,97,97,不相關,0.0,男,東南亞籍人民核准定居,0
112,,28,貢寮區,97歲,97,97,不相關,0.0,男,港澳居民核准定居,0
112,,28,貢寮區,97歲,97,97,不相關,0.0,男,臺灣地區逾12歲未辦出生登記,0
112,,28,貢寮區,98歲,98,98,不相關,0.0,女,中華民國國民入境核准定居,0
112,,28,貢寮區,98歲,98,98,不相關,0.0,女,其他國籍人民核准定居,0
112,,28,貢寮區,98歲,98,98,不相關,0.0,女,大陸地區人民核准定居,0
112,,28,貢寮區,98歲,98,98,不相關,0.0,女,東南亞籍人民核准定居,0
112,,28,貢寮區,98歲,98,98,不相關,0.0,女,港澳居民核准定居,0
112,,28,貢寮區,98歲,98,98,不相關,0.0,女,臺灣地區逾12歲未辦出生登記,0
112,,28,貢寮區,98歲,98,98,不相關,0.0,男,中華民國國民入境核准定居,0
112,,28,貢寮區,98歲,98,98,不相關,0.0,男,其他國籍人民核准定居,0
112,,28,貢寮區,98歲,98,98,不相關,0.0,男,大陸地區人民核准定居,0
112,,28,貢寮區,98歲,98,98,不相關,0.0,男,東南亞籍人民核准定居,0
112,,28,貢寮區,98歲,98,98,不相關,0.0,男,港澳居民核准定居,0
112,,28,貢寮區,98歲,98,98,不相關,0.0,男,臺灣地區逾12歲未辦出生登記,0
112,,28,貢寮區,99歲,99,99,不相關,0.0,女,中華民國國民入境核准定居,0
112,,28,貢寮區,99歲,99,99,不相關,0.0,女,其他國籍人民核准定居,0
112,,28,貢寮區,99歲,99,99,不相關,0.0,女,大陸地區人民核准定居,0
112,,28,貢寮區,99歲,99,99,不相關,0.0,女,東南亞籍人民核准定居,0
112,,28,貢寮區,99歲,99,99,不相關,0.0,女,港澳居民核准定居,0
112,,28,貢寮區,99歲,99,99,不相關,0.0,女,臺灣地區逾12歲未辦出生登記,0
112,,28,貢寮區,99歲,99,99,不相關,0.0,男,中華民國國民入境核准定居,0
112,,28,貢寮區,99歲,99,99,不相關,0.0,男,其他國籍人民核准定居,0
112,,28,貢寮區,99歲,99,99,不相關,0.0,男,大陸地區人民核准定居,0
112,,28,貢寮區,99歲,99,99,不相關,0.0,男,東南亞籍人民核准定居,0
112,,28,貢寮區,99歲,99,99,不相關,0.0,男,港澳居民核准定居,0
112,,28,貢寮區,99歲,99,99,不相關,0.0,男,臺灣地區逾12歲未辦出生登記,0
112,,28,貢寮區,100歲以上,100,120,不相關,0.0,女,中華民國國民入境核准定居,0
112,,28,貢寮區,100歲以上,100,120,不相關,0.0,女,其他國籍人民核准定居,0
112,,28,貢寮區,100歲以上,100,120,不相關,0.0,女,大陸地區人民核准定居,0
112,,28,貢寮區,100歲以上,100,120,不相關,0.0,女,東南亞籍人民核准定居,0
112,,28,貢寮區,100歲以上,100,120,不相關,0.0,女,港澳居民核准定居,0
112,,28,貢寮區,100歲以上,100,120,不相關,0.0,女,臺灣地區逾12歲未辦出生登記,0
112,,28,貢寮區,100歲以上,100,120,不相關,0.0,男,中華民國國民入境核准定居,0
112,,28,貢寮區,100歲以上,100,120,不相關,0.0,男,其他國籍人民核准定居,0
112,,28,貢寮區,100歲以上,100,120,不相關,0.0,男,大陸地區人民核准定居,0
112,,28,貢寮區,100歲以上,100,120,不相關,0.0,男,東南亞籍人民核准定居,0
112,,28,貢寮區,100歲以上,100,120,不相關,0.0,男,港澳居民核准定居,0
112,,28,貢寮區,100歲以上,100,120,不相關,0.0,男,臺灣地區逾12歲未辦出生登記,0
